Price,Date,Close,High,Low,Open,Volume
Ticker,,POWERGRID.NS,POWERGRID.NS,POWERGRID.NS,POWERGRID.NS,POWERGRID.NS
0,2007-10-05,32.38557815551758,35.250704510369104,26.767999775913133,28.908796765471156,855215656
1,2007-10-08,30.727663040161133,33.480114477967994,30.534507710663725,33.480114477967994,126671715
2,2007-10-09,32.82017135620117,33.109902182328575,29.085850801739035,30.74375909726689,116725709
3,2007-10-10,33.125999450683594,33.80204096867718,32.83626861907928,33.67327001215155,67931378
4,2007-10-11,36.828125,38.630900838195814,32.83626702237896,38.630900838195814,106320954
5,2007-10-12,36.58668899536133,37.954866688520234,35.733590836431546,36.05551499952776,99410791
6,2007-10-15,37.0695686340332,37.56855361773639,36.747644528305386,37.34320499717687,41814972
7,2007-10-16,40.85219192504883,41.496044740055524,36.86033241681845,37.117870049719734,138614496
8,2007-10-17,44.03923034667969,45.069384896307255,34.15615607250487,36.69935789450386,204876259
9,2007-10-18,42.493995666503906,48.11157371603889,40.67512512935705,44.74746467056655,146617799
10,2007-10-19,42.34912872314453,44.07142361339064,40.24052314796228,41.52821960924905,110266491
11,2007-10-22,41.785770416259766,43.08956161430028,40.401493805880655,41.49603952407034,72253405
12,2007-10-23,44.76356506347656,45.16597025685034,42.81592130772198,42.81592130772198,74594921
13,2007-10-24,44.07141876220703,46.19611856272787,43.57243381855927,45.71322807652448,63055170
14,2007-10-25,43.97486114501953,45.00502046788635,38.84016772901857,42.574489816439545,34522489
15,2007-10-26,45.29472351074219,46.019052610392144,43.54023572281813,44.74745088890139,62370025
16,2007-10-29,46.21221923828125,47.322859209879695,45.80981408427824,46.03516271707007,43657697
17,2007-10-30,47.24237823486328,48.51397590318908,45.45569672915499,46.839973080385114,79921711
18,2007-10-31,48.22423553466797,49.286587552362576,47.32284991332816,47.483811943308446,44655368
19,2007-11-01,47.14580535888672,49.785585309688344,46.75949897321215,49.41537338602588,50632492
20,2007-11-02,47.998897552490234,48.28863276357732,45.06938708623845,45.43960333009962,32001693
21,2007-11-05,48.98076248168945,50.05920905563524,47.67696729836697,47.96670247224413,38833135
22,2007-11-06,49.6246223449707,52.76338295905699,48.94858072404617,49.833872179301274,81880281
23,2007-11-07,48.90028762817383,51.25033203328233,47.80574645821063,50.54210156630636,33593141
24,2007-11-08,48.06328201293945,49.36707730640477,47.000934173560566,47.64478240745693,27990521
25,2007-11-12,49.22219467163086,50.09139126843299,45.34300762753118,46.61460924759839,35153735
26,2007-11-13,50.397239685058594,51.411299937604646,48.46569468349432,50.05922105633523,43830531
27,2007-11-14,49.737281799316406,51.99075028411477,49.4797399240861,51.28251558519971,36738579
28,2007-11-15,50.57429504394531,51.45958640579601,49.624617109228,50.670870536869735,29242252
29,2007-11-16,50.22016525268555,51.3629938916816,49.64069933878134,50.348934000317236,18895294
30,2007-11-19,52.03904724121094,53.92230425330356,50.976699370992236,51.363005702719306,40716718
31,2007-11-20,51.23424530029297,53.278464709683135,50.606491404856826,51.829805904562306,26342171
32,2007-11-21,47.24237823486328,51.8458914555434,46.099544976320054,51.540066157965214,26814499
33,2007-11-22,45.61665725708008,48.64274741010353,43.63682483689468,46.74339165173236,34096185
34,2007-11-23,48.64275360107422,48.93248446615647,45.90639392798957,48.61056031242602,27664090
35,2007-11-26,49.02906799316406,50.44553362821821,48.64276156526375,50.44553362821821,20159123
36,2007-11-27,47.82184982299805,49.866069304736214,47.322869074569425,49.866069304736214,20573198
37,2007-11-28,47.11360168457031,49.09343839450024,46.79167758427277,48.868089777741936,16435311
38,2007-11-29,45.84202194213867,48.546184563363205,45.24646125162227,48.288646929485346,25530967
39,2007-11-30,47.61260223388672,47.90233314565016,46.03517449972889,46.67902291092608,18437721
40,2007-12-03,48.288631439208984,48.884191938678406,47.82183971537137,48.1920515827036,16851227
41,2007-12-04,47.66086959838867,49.012952429926166,47.306752250474126,48.610547345108415,14008727
42,2007-12-05,49.56023025512695,49.73729114631763,47.644784302908285,47.74135979528469,27725290
43,2007-12-06,48.64275360107422,51.39520336891929,48.01499975474952,50.638680734377566,24104710
44,2007-12-07,48.433502197265625,49.640717843276676,47.5643095519633,48.948581746172216,11742386
45,2007-12-10,48.48179626464844,49.077352514181285,47.854042356943395,48.90029595886766,8330010
46,2007-12-11,48.25643539428711,49.19001442220266,48.01499231639299,48.91637806064764,11685950
47,2007-12-12,48.22423553466797,48.658833888889646,47.32284991332816,47.644773973288736,16342131
48,2007-12-13,47.419429779052734,48.93247474762881,47.24237327621666,48.288626568043234,14620172
49,2007-12-14,46.9526481628418,47.693076347841625,46.711205043763215,47.25847786022501,10991851
50,2007-12-17,44.11970520019531,47.483813482371886,43.45975823606097,47.22627160623117,19355678
51,2007-12-18,43.92655563354492,45.39130859899052,42.55837815530719,43.62072598009463,21607783
52,2007-12-19,43.12174987792969,45.72933633634023,42.75153798294486,45.34302561421434,19526912
53,2007-12-20,42.68715286254883,44.03923606971298,42.493997494900256,43.68511862341991,17105204
54,2007-12-24,43.99094009399414,44.68307602947516,42.976875695042295,43.3309930751227,16711519
55,2007-12-26,45.32692337036133,45.87419607167151,44.232382334115904,44.232382334115904,20930094
56,2007-12-27,45.64886474609375,46.90436830324656,45.26255394402678,46.26051987738598,44565277
57,2007-12-28,46.00297546386719,46.19613083639226,45.06939189105865,45.552278139183365,18354518
58,2007-12-31,46.34099578857422,46.614632212477304,45.777628478458034,46.357094617260344,11982308
59,2008-01-01,47.194087982177734,47.62868643940786,46.14783453932308,46.5824329965532,16687746
60,2008-01-02,46.936553955078125,47.54820898677381,46.24441788325469,47.19409153693656,13437280
61,2008-01-03,48.86809158325195,49.06124692384192,46.08344888607014,46.64681608240534,31815218
62,2008-01-04,48.61056137084961,50.22018217454902,48.288637210109734,49.57633385306926,28011310
63,2008-01-07,48.20816421508789,49.31880013516213,47.693084598670445,48.30473973287639,15858063
64,2008-01-08,46.56633758544922,48.93248081194273,46.00297035849245,48.25643926631952,13282666
65,2008-01-09,45.8259162902832,46.82388211418148,45.71324195484086,46.61463227200348,13113527
66,2008-01-10,44.731361389160156,47.32285285262935,44.42553176665222,46.035156532806084,18023003
67,2008-01-11,45.40740203857422,45.84200041221145,43.6207208061489,45.34301547715585,11629440
68,2008-01-14,46.099544525146484,46.58243070579431,44.76356029862923,45.487889569600966,10264240
69,2008-01-15,44.699180603027344,47.033130835135736,44.328968680864655,46.83997982626895,11558334
70,2008-01-16,43.78169250488281,44.74746494103277,42.67105682313576,44.37725304711709,14834065
71,2008-01-17,44.956722259521484,45.95468805298553,43.00907842448863,43.94265763784171,16169395
72,2008-01-18,42.86421585083008,44.63479880191813,42.493999558865376,44.58650668287853,13254156
73,2008-01-21,35.5726318359375,42.49400194198706,30.985209931297906,42.49400194198706,33202389
74,2008-01-22,31.999263763427734,33.80203961720713,25.415914097000133,32.06364814752252,58755707
75,2008-01-23,35.5726318359375,36.940809647598456,32.51435202163653,32.51435202163653,28425991
76,2008-01-24,35.65311050415039,38.180216107949086,33.96300861430983,37.48808001681339,29911930
77,2008-01-25,37.488075256347656,37.66513178053493,35.97503010531385,37.34320765192139,12550722
78,2008-01-28,37.89048767089844,38.18021856884184,33.96301080338392,36.97300285543077,13601109
79,2008-01-29,37.262725830078125,38.53432785770337,36.699358616943584,37.987055104108244,7679877
80,2008-01-30,35.20240783691406,37.50416414105895,34.735616173265015,37.34320210067994,9016102
81,2008-01-31,32.9006462097168,35.66919391329507,32.5143377863119,35.57261626164705,41538563
82,2008-02-01,34.04349136352539,34.28493450275073,33.15819985303248,33.46402739274695,9089201
83,2008-02-04,35.7979736328125,36.21647546277478,34.68733575639602,34.68733575639602,12009385
84,2008-02-05,36.90861129760742,37.39149751790569,35.089740741092406,35.8623578202945,14593303
85,2008-02-06,36.58668899536133,37.0212874888164,34.542471869613145,35.89455291797965,12429218
86,2008-02-07,34.86439514160156,37.327116236255065,34.63904866983149,36.087707366737824,11300078
87,2008-02-08,33.9630126953125,35.37947833801124,33.335258742818844,35.089747423928216,13514197
88,2008-02-11,31.56467628479004,34.44589975721889,31.226655422211362,34.44589975721889,15133331
89,2008-02-12,31.001298904418945,32.723593773150576,30.743759178741186,32.514343974080425,10237627
90,2008-02-13,30.550613403320312,31.95098231591236,29.922861671248835,31.548577079560367,10395753
91,2008-02-14,33.222572326660156,33.56059303686424,31.22664134571689,31.22664134571689,12514003
92,2008-02-15,34.17226028442383,34.445896716448054,32.208521871891165,33.09381338549082,12080990
93,2008-02-18,33.97911071777344,34.944885626634225,33.68937977334714,34.944885626634225,6977153
94,2008-02-19,33.608890533447266,34.671240709779326,33.35135076597465,34.590759668893384,7226542
95,2008-02-20,32.771881103515625,33.303057190378766,32.401669253461456,33.28696054837911,5604999
96,2008-02-21,32.99724578857422,33.56061325050285,32.5948404586252,33.30307340269775,3874365
97,2008-02-22,32.5787239074707,32.78797367794463,31.564661785544676,31.90268249285335,2691220
98,2008-02-25,32.85237121582031,33.25477646116105,32.06365737159009,32.96504555779099,6270186
99,2008-02-26,32.98112869262695,33.4479181493516,32.82016666043313,33.15818736467762,7139423
100,2008-02-27,34.91267776489258,36.63497043061831,33.46401928071084,33.46401928071084,43223132
101,2008-02-28,35.8945426940918,36.168179028058574,34.76780844418418,35.250694551287445,35763847
102,2008-02-29,35.37947082519531,36.37743653189836,34.80000912007772,35.669203860941906,16477462
103,2008-03-03,33.898616790771484,35.0253533929145,33.51230828376718,33.83423240346871,10049153
104,2008-03-04,33.029415130615234,34.25272696383707,32.19241390602244,34.123958216418856,11485198
105,2008-03-05,33.64107894897461,33.802041007425444,32.224611524694694,33.19038387539969,8581053
106,2008-03-07,31.91878318786621,33.15819187772526,30.582796828908553,33.15819187772526,14251925
107,2008-03-10,31.8055362701416,32.03202484933756,29.977447216467244,31.96731414017483,11713659
108,2008-03-11,34.42634582519531,34.74990163276941,30.80252121921611,31.546697821233924,19665129
109,2008-03-12,33.55274200439453,35.591143813517725,33.22918623133538,35.36465521122693,12262350
110,2008-03-13,28.942068099975586,33.00269541221428,28.149356948078644,32.679139660888765,47000084
111,2008-03-14,30.93194007873535,31.061361513244478,29.152383285842962,29.750960163264015,35798540
112,2008-03-17,29.71860122680664,30.34953446073103,29.087667992882256,30.34953446073103,19211273
113,2008-03-18,29.97745704650879,30.559858008456665,29.184743468001493,29.670077237249135,12632937
114,2008-03-19,30.155405044555664,33.58509476971832,29.961270711663115,31.384915172032077,16449023
115,2008-03-24,30.446611404418945,31.287857449541026,29.78332150664039,31.287857449541026,11636914
116,2008-03-25,31.595230102539062,31.789362255745907,30.673095243484013,31.239317863613547,13232423
117,2008-03-26,31.401092529296875,32.16144941877613,31.061358553268846,31.38491430296166,11448313
118,2008-03-27,31.96731185913086,32.27469154566299,30.931934003648674,30.931934003648674,17425122
119,2008-03-28,32.03203201293945,32.27470106651228,31.190788217183677,32.11292096604597,11599511
120,2008-03-31,31.8055362701416,32.1776266877697,31.38491336920465,32.03202484933756,9914705
121,2008-04-01,31.870243072509766,32.323222369626286,31.465798447005294,32.03202092271155,6034588
122,2008-04-02,32.38794708251953,33.32626033617419,32.032034780399925,32.032034780399925,6087024
123,2008-04-03,32.129085540771484,32.61441905314556,31.870240561988172,32.46881943828381,3883474
124,2008-04-04,31.96731185913086,32.33940225020826,31.352556874571864,32.33940225020826,5906537
125,2008-04-07,31.83789825439453,32.161454050686025,31.465807772107407,32.01585438120549,4088729
126,2008-04-08,31.02900505065918,31.854072671323518,30.802516459207947,31.789359764406385,5753811
127,2008-04-09,31.109895706176758,31.384916798733997,30.753983475510882,31.126073933798487,3776374
128,2008-04-10,31.724655151367188,31.951143786364856,30.948122061588503,31.061365281960672,7075297
129,2008-04-11,31.870243072509766,32.19379877291334,31.546687372106188,32.03202092271155,4012660
130,2008-04-15,32.3555793762207,32.517357229216756,31.126067254600198,31.67611151593626,6362785
131,2008-04-16,31.918787002563477,32.90563261389175,31.789363368309594,32.679143996763905,4725794
132,2008-04-17,33.148292541503906,33.90864718276446,32.04820175407509,32.40411393117761,14831167
133,2008-04-21,33.682159423828125,34.264560184811856,33.326249432409504,33.64980516692794,7639361
134,2008-04-22,34.232208251953125,34.620476940024865,33.3262538311272,33.64980960835161,8814769
135,2008-04-23,34.26456832885742,34.669013093134396,33.81159107056852,34.29692478770089,5265604
136,2008-04-24,33.05122375488281,34.68518053314249,32.76002449288717,34.62046982983819,8801780
137,2008-04-25,33.326255798339844,33.795411264158375,32.873276366934945,33.649811594663404,4095990
138,2008-04-28,33.4556884765625,34.10280028656731,33.32626699226311,33.358621266210996,4708244
139,2008-04-29,33.924827575683594,34.24838332308678,33.488028633241,33.649806506942596,6497143
140,2008-04-30,34.151329040527344,34.58813034196672,33.97337506774076,34.26457447253123,6331377
141,2008-05-02,34.458702087402344,35.42936950459641,34.39398917085348,34.66901248342643,5658418
142,2008-05-05,34.29692840576172,35.10581801964727,34.07043755847096,34.91168363461334,7642293
143,2008-05-06,34.00571060180664,34.68517843095226,33.81157850365965,34.02188882521534,5061166
144,2008-05-07,33.5203857421875,34.19985374722102,33.002697818867084,33.973365143627525,4303106
145,2008-05-08,33.11594009399414,33.45567408697479,32.921807951043036,33.26153974977071,3642073
146,2008-05-09,32.921810150146484,33.779232109190254,32.420298240746895,32.67914330955828,8621761
147,2008-05-12,32.921810150146484,33.1644769907347,32.193807434128736,32.921810150146484,4890395
148,2008-05-13,33.01888656616211,33.26155349079133,32.74386536813464,33.06742126764028,5056766
149,2008-05-14,33.06740951538086,33.245365635713576,32.35558722830309,32.35558722830309,2982486
150,2008-05-15,33.08359146118164,33.45567977748318,32.3555908642195,32.3555908642195,2646760
151,2008-05-16,33.342430114746094,33.4394972874923,32.93798539018112,33.32625408116594,4422288
152,2008-05-20,33.27772521972656,33.407148870782336,32.93799115280365,33.00270407545826,3464912
153,2008-05-21,33.48802947998047,33.97336311335683,32.51736221322775,32.51736221322775,3419088
154,2008-05-22,33.0350456237793,33.19682347962318,32.679135657474326,32.679135657474326,3558000
155,2008-05-23,32.485015869140625,33.29390550982359,32.355594404332784,32.84092818874256,4417028
156,2008-05-26,32.242340087890625,32.43647442583414,30.737804454460797,30.737804454460797,2605807
157,2008-05-27,31.271671295166016,32.6467832396294,31.126071645779287,32.29087103512597,3316550
158,2008-05-28,32.4202995300293,32.614431693668195,30.834874791919,31.38491921360902,4505700
159,2008-05-29,32.954166412353516,33.32625690705644,31.999677220295155,32.760034244652786,11026212
160,2008-05-30,31.902605056762695,33.16447382387814,31.77318363184194,33.035050204704476,4023430
161,2008-06-02,30.54367446899414,32.35558777032065,30.09069504653595,31.708473996201356,4431595
162,2008-06-03,29.411237716674805,30.41425963921847,29.136214337930866,30.09070375563914,6240766
163,2008-06-04,28.50527000427246,29.589180487059764,28.327313896873665,29.28180295296345,5762089
164,2008-06-05,28.45673370361328,28.66704625284045,27.50224470185974,28.472911929592726,9721099
165,2008-06-06,28.14935874938965,29.330338633851817,27.74491403435185,28.311136635404765,6317089
166,2008-06-09,27.761098861694336,28.440567022194983,26.531586196825966,27.825809592634034,6500809
167,2008-06-10,27.566965103149414,27.793455957982655,26.936031622158385,27.502254370734313,6717902
168,2008-06-11,27.69638442993164,28.149361680235707,27.502250068799476,27.82580587451759,2586175
169,2008-06-12,27.89051055908203,28.05228842691947,26.531576908098106,27.340466247285296,3244212
170,2008-06-13,27.712556838989258,28.11700151119707,27.42135535844797,27.841978256394647,4248430
171,2008-06-16,28.683223724365234,29.120022648804273,27.858156163643383,27.955223322714087,4354615
172,2008-06-17,29.540647506713867,29.767136096774273,28.181713772098515,29.08767032659305,4736084
173,2008-06-18,29.508291244506836,30.155404954123753,29.443580531821016,29.443580531821016,5055019
174,2008-06-19,28.877355575561523,29.443578104832177,28.40820020444496,28.925890251764933,4221271
175,2008-06-20,28.21406364440918,29.23326543259582,27.84197546103707,29.120020058046453,3837789
176,2008-06-23,27.227230072021484,28.08465437814519,26.952208920220432,27.98758718575808,4516050
177,2008-06-24,26.38597869873047,27.63166922642447,26.110955430771153,27.227222340615466,5238203
178,2008-06-25,25.657989501953125,26.191855851143924,25.075588451947077,25.88447818966274,3933879
179,2008-06-26,27.113977432250977,28.278778948118088,25.803576275463662,25.803576275463662,18253250
180,2008-06-27,25.91682243347168,26.790424767545915,25.771222775876975,26.208023942914092,6821283
181,2008-06-30,25.39912986755371,26.14330844086322,24.671129518626437,25.90064165788746,4596315
182,2008-07-01,23.6033992767334,25.39913421712175,22.697442692962856,25.39913421712175,6202295
183,2008-07-02,24.63878631591797,24.89763146243368,22.859228950721384,23.619586157188706,5245963
184,2008-07-03,23.991674423217773,24.638786189048062,23.296030152651717,24.428475742854722,4726793
185,2008-07-04,24.31522560119629,24.784381101792057,23.45780355508173,23.61958146523567,4862814
186,2008-07-07,24.84908676147461,25.852110477662308,24.63877639884794,24.63877639884794,5528014
187,2008-07-08,25.577091217041016,26.208024543922107,22.972464576685976,22.972464576685976,8354280
188,2008-07-09,27.356653213500977,27.469896440617276,25.916827974314526,25.916827974314526,6860769
189,2008-07-10,28.55381202697754,28.893546128337366,26.596298580336324,27.356655750320048,7216175
190,2008-07-11,27.19487190246582,29.18473918677837,26.984559316757974,28.828829124758705,6040791
191,2008-07-14,27.2110538482666,28.18172364949023,26.531587839939835,26.531587839939835,5942149
192,2008-07-15,26.07859992980957,26.822778628291495,25.884467787327086,26.53157931744129,3693378
193,2008-07-16,25.36678123474121,26.531583029621824,24.929980013097662,26.078603578611244,6973872
194,2008-07-17,26.661006927490234,26.855141309238455,25.884473789004307,25.884473789004307,5038238
195,2008-07-18,28.14935874938965,28.37584735096021,26.35362377577123,27.14633497839471,5983177
196,2008-07-21,29.734777450561523,29.912733528728563,28.16553138979658,28.634686727325995,8754188
197,2008-07-22,30.94812774658203,31.22314892736568,29.475948057286203,29.73479319951191,12631056
198,2008-07-23,33.132118225097656,33.77922975489818,31.74082799717593,32.323228812847,12798869
199,2008-07-24,31.96731185913086,33.7468683025152,29.977445077411236,29.977445077411236,10764301
200,2008-07-25,32.03203201293945,33.067412368105465,30.81869771634174,31.627587247406883,10710381
201,2008-07-28,31.773181915283203,32.66296019773827,31.417269724600065,32.03202475114063,5533881
202,2008-07-29,30.495140075683594,31.546696403025805,30.252473230912315,31.06136271348325,5145929
203,2008-07-30,31.773181915283203,32.03202475114063,30.77015824645093,30.77015824645093,7354746
204,2008-07-31,30.656917572021484,32.32323120091848,30.25247283601539,32.32323120091848,6006517
205,2008-08-01,31.546707153320312,31.676130831187763,29.120037878661954,30.17159456434724,4699412
206,2008-08-04,31.740827560424805,32.323228368082084,30.9157599324314,30.9157599324314,4301346
207,2008-08-05,33.16446304321289,33.40712978174609,31.546682592072692,31.870238243450295,9161115
208,2008-08-06,32.3232307434082,34.345454394815675,32.096742133301184,34.345454394815675,8616591
209,2008-08-07,32.242340087890625,32.970340563799354,31.23931633227074,31.23931633227074,4809365
210,2008-08-08,31.692304611206055,32.48501602400366,31.579059183269138,31.87025857760178,4883824
211,2008-08-11,31.98349380493164,32.45264921028424,31.740826988964482,32.09673919675081,2714705
212,2008-08-12,31.433452606201172,32.355587476847724,31.19078576595241,32.19380738909543,5801276
213,2008-08-13,31.562877655029297,31.87025524900023,30.81869882092632,31.061365688943376,2754609
214,2008-08-14,30.802522659301758,31.70847720746199,30.73780973935887,31.384921384760947,2566362
215,2008-08-18,30.446611404418945,31.38492244422529,30.1554120318593,30.737810776978588,2963058
216,2008-08-19,29.880380630493164,30.576024607319066,29.265623395987333,30.39807070226093,2941144
217,2008-08-20,30.220111846923828,30.46277863451174,30.00979931446273,30.090688243658697,3319410
218,2008-08-21,29.896554946899414,30.398066726916213,29.540642794822322,30.090687052734836,4138486
219,2008-08-22,29.589189529418945,30.931947664449645,28.828834575266402,30.931947664449645,4139879
220,2008-08-25,29.912738800048828,30.317183506131677,29.702426236333967,30.317183506131677,2034227
221,2008-08-26,29.96126937866211,30.05833654078979,29.411225052275693,29.60535718227823,1489491
222,2008-08-27,29.362701416015625,30.33336901380917,29.200923483050037,30.12305857865536,4297168
223,2008-08-28,28.92589569091797,29.767139433182383,28.553805213735796,29.44358364132996,7382078
224,2008-08-29,30.123050689697266,30.236296090816676,29.314161236710238,29.443582671486933,2219080
225,2008-09-01,30.10674476623535,30.23714664203342,29.50363111619877,30.057842404654235,3417069
226,2008-09-02,31.68788719177246,31.818289100798225,30.057850063692285,30.318656092620166,5030404
227,2008-09-04,31.01957130432129,31.59008350457396,30.758765284887673,31.329277485140345,2813325
228,2008-09-05,30.3349609375,30.67726875802922,29.992653116970782,30.64466717097819,3330688
229,2008-09-08,31.93239402770996,33.22012123458213,31.622685609237884,31.948692608996733,8377948
230,2008-09-09,32.04648208618164,32.30728802183695,31.312966635768568,31.932381009309385,3737279
231,2008-09-10,31.76939582824707,32.3073065832438,31.45968735810313,31.883496970673466,3847698
232,2008-09-11,30.921764373779297,31.62267837864475,30.677259179866795,31.62267837864475,2567354
233,2008-09-12,31.231470108032227,32.079088987021386,30.726158938283916,31.133667589552566,6093354
234,2008-09-15,29.259136199951172,30.563164258661875,28.378917702496757,30.09045452955456,6770268
235,2008-09-16,29.829635620117188,30.09044156163649,27.710590937945742,28.11809953067102,4654621
236,2008-09-17,29.063528060913086,30.253452564912813,28.688618735318144,30.253452564912813,4674190
237,2008-09-18,28.998336791992188,29.56884919843051,26.911892304225727,28.688630499243942,6603710
238,2008-09-19,30.758764266967773,30.921767747359873,29.340633103206052,29.682940854204695,9821730
239,2008-09-22,30.090442657470703,32.92670433483015,29.845937492931142,31.62267457974347,4162514
240,2008-09-23,29.731843948364258,30.400158726106604,29.177632502508317,29.731843948364258,6569683
241,2008-09-24,30.416460037231445,30.742467035756924,29.438439041655023,29.829646997710302,5730103
242,2008-09-25,29.471036911010742,30.628362052069722,28.770120626006147,30.4979579425712,10926783
243,2008-09-26,28.998336791992188,29.634052385010833,28.49302757213419,29.634052385010833,4967945
244,2008-09-29,27.922500610351562,29.829639762629395,27.38458786672762,29.829639762629395,7859964
245,2008-09-30,27.971405029296875,29.014626888454693,26.406571135122025,26.406571135122025,6616439
246,2008-10-01,28.900524139404297,29.177628720980284,27.759497601050718,28.330011975665574,3743739
247,2008-10-03,29.308029174804688,29.666635449360562,28.5256112641016,29.047223204570326,4681406
248,2008-10-06,28.704919815063477,29.3406329429451,28.118106846681908,28.98202661456694,5560277
249,2008-10-07,29.65033721923828,30.286052517418298,28.68861719373986,28.68861719373986,9928258
250,2008-10-08,29.422138214111328,29.6666434627109,27.41719384906896,28.656023095025205,9985473
251,2008-10-10,29.242828369140625,29.911143030561206,27.074883127646295,29.308031525084903,9025179
252,2008-10-13,29.829635620117188,30.05783998986822,29.193922657640876,29.389527666499255,6805621
253,2008-10-14,29.1124267578125,30.938066502463606,28.884222342450126,29.99264505185369,5099383
254,2008-10-15,28.86793327331543,29.487345825183368,28.558226997381464,28.949435041238946,5495022
255,2008-10-16,27.759498596191406,28.460414891865852,27.221587992590546,28.460414891865852,6651066
256,2008-10-17,25.67305564880371,28.52561665060092,25.298146304898886,28.330013794146303,5586092
257,2008-10-20,25.966459274291992,26.993382491676975,25.151441900594122,25.770856431130174,7922965
258,2008-10-21,26.17837142944336,27.547600505194303,25.428554822689353,26.227271599304352,8047276
259,2008-10-22,24.74393653869629,26.113165468322773,24.49943129373169,25.91756259887694,5408099
260,2008-10-23,23.53770637512207,24.35272369453583,23.17909787022963,24.124519287275174,6641370
261,2008-10-24,20.489543914794922,23.146499906511824,20.2124370985846,22.820492927853245,9905588
262,2008-10-27,18.90840721130371,20.21243498989347,16.95236554341907,20.11463246432402,12878172
263,2008-10-29,21.402360916137695,22.755288804774633,19.560420416749796,21.516462016249573,13094201
264,2008-10-31,22.771587371826172,23.472503536451967,21.646864004026405,22.527082195744665,8097887
265,2008-11-03,23.472509384155273,24.0919217668589,22.65748971662871,24.05932018424235,4951148
266,2008-11-04,24.499431610107422,24.695036692955636,23.03240012137517,23.14650124397292,4515828
267,2008-11-05,23.602907180786133,25.689352832837336,23.146496158051825,25.689352832837336,6145587
268,2008-11-06,22.820491790771484,24.369027073116843,22.347782137445616,23.14649875318604,4896229
269,2008-11-07,24.59722900390625,25.330744594764706,22.49448254141123,22.65748600604644,8250147
270,2008-11-10,25.151447296142578,25.721959580118742,24.597235805312483,25.363350974411656,3775177
271,2008-11-11,24.85803985595703,25.90126179167878,24.28752761804459,25.265548597323058,8900004
272,2008-11-12,23.81481170654297,25.39594624163515,23.52140634642584,25.39594624163515,5705390
273,2008-11-14,23.733314514160156,24.776538685069326,23.439909097889743,23.60291259823474,4038880
274,2008-11-17,24.711332321166992,25.52635192839012,22.494484560928065,25.52635192839012,5361538
275,2008-11-18,23.374704360961914,24.646130573752117,22.918293307257553,24.646130573752117,6392448
276,2008-11-19,22.80419158935547,24.206021870205173,22.51078401752587,23.472506256945262,5606729
277,2008-11-20,22.559688568115234,22.983495861422313,21.597966235626618,22.820492376034586,5080395
278,2008-11-21,23.99411964416504,24.743936159404743,21.842472637107864,22.412984866613407,8350092
279,2008-11-24,24.59722900390625,24.988436876855562,23.374703019142164,24.71133010262531,5420119
280,2008-11-25,23.99411964416504,25.151444894765845,23.79851677771754,24.858039489656406,5453771
281,2008-11-26,24.532020568847656,24.90692753867235,23.554000079695957,24.254913879237883,5246053
282,2008-11-27,24.532020568847656,24.532020568847656,24.532020568847656,24.532020568847656,0
283,2008-11-28,24.140819549560547,24.61353139650815,23.17909948771663,23.79851402022074,8464961
284,2008-12-01,23.94521713256836,25.558951124204828,23.847414603495448,24.613531835211067,5733003
285,2008-12-02,23.733314514160156,23.99412055688745,22.983497970397863,23.76591609857974,5879324
286,2008-12-03,24.450531005859375,24.760237205745007,23.228004787197865,23.96152051839477,6430656
287,2008-12-04,25.624149322509766,25.75455341756666,21.67946469008648,21.67946469008648,4648185
288,2008-12-05,25.314443588256836,26.536969562499237,24.466824695098385,24.466824695098385,5338962
289,2008-12-08,25.37964630126953,26.210964463903014,24.28752434797749,25.99906083127391,11709287
290,2008-12-10,24.97212791442871,26.569562671512713,24.613521736134533,26.569562671512713,11172070
291,2008-12-11,24.695030212402344,25.412244976504457,24.303820149368583,25.412244976504457,9867592
292,2008-12-12,23.928918838500977,24.20602566463204,23.40730676962241,24.09192233366598,9847702
293,2008-12-15,24.32012176513672,24.858034514683823,24.124518937836267,24.743931207268272,5741641
294,2008-12-16,25.24924659729004,25.55895278373317,23.146499823758845,24.45052994460734,9183505
295,2008-12-17,25.216636657714844,25.917552753548126,24.548322133176345,25.917552753548126,8720755
296,2008-12-18,25.966459274291992,26.243566065699714,24.64613068672622,24.64613068672622,12640018
297,2008-12-19,27.221590042114258,27.5475970290542,25.93386288587676,26.732579561704345,10050607
298,2008-12-22,27.237882614135742,27.466086993953823,26.29246131078127,26.29246131078127,6524631
299,2008-12-23,26.683679580688477,27.498697121146165,26.488076697504578,27.058588975824957,5151765
300,2008-12-24,26.227270126342773,27.042287650764415,22.005477581137434,22.005477581137434,13318746
301,2008-12-26,26.276168823242188,27.66169853723524,25.5915554675597,27.66169853723524,5480531
302,2008-12-29,26.830387115478516,27.042290812250975,25.75456341529319,26.56958103499771,3418418
303,2008-12-30,26.781475067138672,27.221585307307237,25.78715348774465,26.765174278451692,4868199
304,2008-12-31,27.10748291015625,27.514991586672764,26.50437139543745,27.514991586672764,4396180
305,2009-01-02,27.498689651489258,27.955100676693462,26.977079893810703,27.955100676693462,3976548
306,2009-01-05,26.879283905029297,27.9551074698013,26.536976105664138,27.9551074698013,4505326
307,2009-01-06,26.683679580688477,27.906208102251583,26.243571435367272,27.906208102251583,3969700
308,2009-01-07,25.281845092773438,27.61279622763247,23.684411842741675,27.61279622763247,12109220
309,2009-01-09,25.151447296142578,27.384596263485626,23.89631938704438,27.384596263485626,5272587
310,2009-01-12,24.483123779296875,25.75455203052889,23.505103067984162,25.75455203052889,6595708
311,2009-01-13,24.124523162841797,24.76023633193565,23.76591460033945,24.450530142979805,4104761
312,2009-01-14,24.173423767089844,24.580932499706353,23.5051090034235,24.580932499706353,2777281
313,2009-01-15,23.81481170654297,24.173420223020383,23.30950272088303,23.961516597477576,3693599
314,2009-01-16,24.564634323120117,24.92324293034691,23.635515640376056,24.64613607831924,2131503
315,2009-01-19,25.510038375854492,25.721941908540874,24.466814861744417,25.232931715379927,2587926
316,2009-01-20,28.36260986328125,29.014623730652588,24.45052665905322,25.542648560374605,19101726
317,2009-01-21,26.471773147583008,28.982028679460136,26.11316458277875,28.982028679460136,11311625
318,2009-01-22,27.72688865661621,28.10179563610013,26.145754607400658,27.31938010897049,10535551
319,2009-01-23,28.118104934692383,28.460412660544897,26.862977343525188,28.183305879884283,7005930
320,2009-01-27,29.03092384338379,29.422131712520184,27.058581498346012,28.03660227662498,8487928
321,2009-01-28,29.682937622070312,29.82964029627371,28.688616057773594,29.634037467627834,6636133
322,2009-01-29,29.487335205078125,30.28605401176502,28.37891244487663,30.28605401176502,13844487
323,2009-01-30,28.770126342773438,28.998330816145995,28.036610542798105,28.982032233736724,4578388
324,2009-02-02,27.254188537597656,29.014627536971172,26.862980608028977,28.688620560517887,6678800
325,2009-02-03,27.694299697875977,28.36261446247874,24.972140475832962,24.972140475832962,6591337
326,2009-02-04,28.1206111907959,29.383169834291905,26.923639518294276,28.694501078936693,7225484
327,2009-02-05,27.95665168762207,28.694510353726194,27.67790419084063,27.874667391388275,3622655
328,2009-02-06,28.333776473999023,28.67810868662142,28.03863171808064,28.186202984056816,2228530
329,2009-02-09,28.350173950195312,29.448764335124206,27.61231533392056,29.448764335124206,3190528
330,2009-02-10,28.300981521606445,28.9076661035346,27.77628122242718,28.760092615413804,3258153
331,2009-02-11,28.366575241088867,28.53054384553505,27.382763614411783,28.202606636642688,1899711
332,2009-02-12,29.743900299072266,30.071837389171144,28.038627875351246,28.350167666152036,8517373
333,2009-02-13,30.76050567626953,31.07204546209047,30.17021847873393,30.334187021162393,9331167
334,2009-02-16,29.333986282348633,31.28521423624157,28.907669737633274,31.28521423624157,3238379
335,2009-02-17,28.03862953186035,29.3011882929187,27.89105827739056,29.3011882929187,2684742
336,2009-02-18,28.809288024902344,29.15362249913883,27.235189159797176,28.038634783704794,4576718
337,2009-02-19,28.907669067382812,29.514351487546953,28.481350308585757,28.858477158310325,5072418
338,2009-02-20,28.300981521606445,28.760092615413804,27.95664708926793,28.530537068510124,3336292
339,2009-02-24,30.10463523864746,30.399779985987394,26.890850963841494,28.399362630780814,9913081
340,2009-02-25,30.022659301757812,31.465584389434156,29.71111939072577,30.43258082258065,7821109
341,2009-02-26,30.465373992919922,30.629342593493877,29.366783479487843,30.153831872656227,9451371
342,2009-02-27,31.777118682861328,32.95769334371405,29.875082717694696,30.006256691582248,35406885
343,2009-03-02,30.301395416259766,31.006459277013985,29.875076750330493,30.170219244607665,9682882
344,2009-03-03,29.219207763671875,30.662130340860084,29.0224445831616,30.465369384315952,6218930
345,2009-03-04,30.022659301757812,30.317804131130206,29.350387562815037,29.776706389264106,6597422
346,2009-03-05,30.07184600830078,30.44897510438588,29.61273484015916,30.44897510438588,6109769
347,2009-03-06,30.35059356689453,30.46537247114959,29.514353300944958,29.612734901168384,3962742
348,2009-03-09,29.82588768005371,30.49815922961376,29.54714245879825,30.49815922961376,2964226
349,2009-03-12,30.694923400878906,30.973670855246144,29.875080563288247,30.809702287728012,6091612
350,2009-03-13,31.121238708496094,31.317999633561634,30.366982935830396,31.154031084024126,6329765
351,2009-03-16,31.449186325073242,31.678741926402516,30.416182783141704,31.318010107194706,8232474
352,2009-03-17,31.580360412597656,32.07226622717561,31.186836205728596,31.662344715027313,4981205
353,2009-03-18,31.350801467895508,32.25262869846693,28.202603700677848,28.202603700677848,4007849
354,2009-03-19,31.54755973815918,31.727923376947942,30.1702220400075,30.1702220400075,3286397
355,2009-03-20,31.67872428894043,31.924677058563553,31.170421453592912,31.465566111519838,3154546
356,2009-03-23,32.20343780517578,32.46578575597515,31.416387280879047,31.46557918962859,7034396
357,2009-03-24,32.26902770996094,32.84291779615447,31.809914306626265,32.62975728690274,7551877
358,2009-03-25,31.826313018798828,32.465790126907194,31.367201819122702,31.99028162210695,5666796
359,2009-03-26,31.563955307006836,32.777324462282515,30.924478350880943,32.777324462282515,9588411
360,2009-03-27,31.006465911865234,31.97388009896793,30.727720657393593,31.97388009896793,6291705
361,2009-03-30,31.006465911865234,31.711532147457262,28.694508465422363,31.711532147457262,4842258
362,2009-03-31,31.350801467895508,32.07226280755938,29.530749703221744,32.07226280755938,7683950
363,2009-04-01,30.153820037841797,32.76092154290191,30.0062488000375,32.76092154290191,7321541
364,2009-04-02,30.694923400878906,31.15403450034327,30.383383567387664,30.793304986182992,9185217
365,2009-04-06,30.33419418334961,31.268815985451074,30.121035917450225,30.826099926778546,6958026
366,2009-04-08,31.94108009338379,32.367398748785135,29.3503757868468,30.006249957013274,16888845
367,2009-04-09,31.465572357177734,33.08886051410667,31.236014614125253,32.62974725196745,7959989
368,2009-04-13,31.039249420166016,31.97386866718758,30.580136221238984,31.645931621082028,6786405
369,2009-04-15,31.84270477294922,32.05586303050439,30.826098720071936,30.826098720071936,9517190
370,2009-04-16,31.022859573364258,32.40019505298857,30.74411212764576,32.26902109263043,16019178
371,2009-04-17,31.973875045776367,33.318418092623254,30.858889756171045,31.744319512500667,24728264
372,2009-04-20,33.416786193847656,34.07266015238689,31.334385485899613,33.08884921457804,20235831
373,2009-04-21,32.793724060058594,33.53158265125296,32.49857928920116,33.25283518277085,8757532
374,2009-04-22,31.695127487182617,33.58076573876265,31.236014230679363,33.58076573876265,10270548
375,2009-04-23,32.810123443603516,33.07247364413422,31.17043747024465,31.957488071836767,7645123
376,2009-04-24,32.810123443603516,33.31842654013805,32.17064635878685,33.252839545996984,4953362
377,2009-04-27,31.727920532226562,32.79371831222405,31.498365011105186,32.79371831222405,6298942
378,2009-04-28,30.170215606689453,32.43298261117822,30.006247079869926,32.08864826006411,8020828
379,2009-04-29,30.36699104309082,30.99007080809444,29.907877647434027,30.793309830498426,10317407
380,2009-04-30,30.36699104309082,30.366991043090824,30.366991043090824,30.366991043090824,0
381,2009-05-04,30.84249496459961,31.449179559859928,30.678526395498555,31.104845119954504,6346688
382,2009-05-05,31.465572357177734,31.809904523824983,30.662124704425526,31.154030341311007,10754066
383,2009-05-06,31.596755981445312,32.334614662762476,31.236024180992576,31.79351918604979,8162872
384,2009-05-07,31.84270477294922,32.10505493730137,31.318004444244917,31.8099101684179,6552316
385,2009-05-08,31.924692153930664,33.121664199788896,31.35080208678347,31.809913250914686,16052278
386,2009-05-11,31.924692153930664,32.77732971470731,31.711533875719674,31.84270785862392,8177989
387,2009-05-12,33.18724822998047,33.334819503571715,31.531165167761436,32.23622915490081,9045014
388,2009-05-13,32.531368255615234,33.59716381372786,32.219826236378935,33.44959256585926,8210662
389,2009-05-14,32.58056640625,33.285632677884394,31.72792884835559,32.760932300108394,7465672
390,2009-05-15,33.10526657104492,33.416806445359875,32.56416889295086,32.62975588375933,5990389
391,2009-05-18,38.385047912597656,39.3524642184507,35.45001328854724,37.38484145232136,170650
392,2009-05-19,38.71299362182617,40.63142713364937,35.08928933677466,37.384849739450935,19037417
393,2009-05-20,38.958946228027344,42.63184462375732,36.72897506143388,40.33628423840931,10704619
394,2009-05-21,38.51622772216797,40.66421420743707,38.22108073817376,39.31967104545187,11495294
395,2009-05-22,38.9261474609375,40.2706905646957,38.20468400586766,38.991732217259894,8524108
396,2009-05-25,38.23748016357422,39.35246554573411,37.77836905891216,39.33607046796951,5914983
397,2009-05-26,35.33523178100586,38.581808214509195,34.564578698564915,38.532618538594164,11328948
398,2009-05-27,35.97471618652344,37.38484646962519,35.33523914650238,36.07309778282659,9833643
399,2009-05-28,36.728965759277344,37.35204538790961,35.13846986265923,36.728965759277344,18047010
400,2009-05-29,37.696388244628906,38.04072049284233,36.909337704794446,37.38484615496341,12795881
401,2009-06-01,39.38526153564453,39.61481487209029,37.48322339518556,38.66379802582694,13519274
402,2009-06-02,39.04092025756836,40.565831385045044,38.1063030477365,39.680399404441275,10664555
403,2009-06-03,41.188926696777344,41.48406932009027,38.696602809371704,39.68041451903708,19445390
404,2009-06-04,41.1561279296875,41.61523912494035,39.90996833572507,41.48406513314425,11373782
405,2009-06-05,41.0085563659668,42.13993698041091,40.2870927830116,41.61523659716466,13240784
406,2009-06-08,39.664005279541016,41.7300073532693,38.90974723591328,40.992148834376074,8283946
407,2009-06-09,39.69680404663086,40.15591517253229,38.155497644034284,39.58202515317242,6301719
408,2009-06-10,40.10672378540039,41.221709171779956,39.54922886824454,41.221709171779956,5514227
409,2009-06-11,40.20509719848633,41.15611387413501,39.74598616002815,40.97575025300441,8425194
410,2009-06-12,39.762386322021484,40.72980264475854,38.72938524136133,40.33627630549179,8819990
411,2009-06-15,39.991947174072266,40.56583720173369,38.86056219750966,40.56583720173369,6088490
412,2009-06-16,40.28709030151367,40.582232858931306,38.778578460572795,40.270695222519755,5235173
413,2009-06-17,39.04092025756836,41.25450020907778,38.40144555862718,41.25450020907778,8548532
414,2009-06-18,35.89272689819336,39.1884954598763,35.31883692759067,39.02452689684696,15756310
415,2009-06-19,35.43361282348633,37.04050371609221,34.17105410503471,37.04050371609221,11260656
416,2009-06-22,34.87611389160156,35.8763223693694,34.43340019499206,35.4172113749672,11032509
417,2009-06-23,35.20405578613281,35.71235648764084,33.85951285087533,34.10546566410787,9061729
418,2009-06-24,35.269657135009766,36.33545309346293,34.84333830683518,36.33545309346293,12156270
419,2009-06-25,35.10568618774414,36.22067176504303,34.61377816956352,35.74516327542928,22858397
420,2009-06-26,36.35184097290039,36.56499921973115,34.777740065983664,36.040298917425574,16833106
421,2009-06-29,36.548606872558594,37.401242199424786,36.23706699881967,37.401242199424786,16727201
422,2009-06-30,35.8763313293457,37.2044771988046,35.35163323669694,36.72896878785331,10678356
423,2009-07-01,35.089290618896484,36.17148386449354,34.43341619416695,35.92553095521996,9694486
424,2009-07-02,36.10588455200195,36.35183737738719,35.00729437569492,36.35183737738719,11593296
425,2009-07-03,37.04050064086914,37.302850742606395,35.17125977993531,35.892720891738556,14320723
426,2009-07-06,33.990692138671875,38.53262235998679,33.613565322013685,37.6471903139788,16536927
427,2009-07-07,34.28583908081055,35.712366694872586,33.777538234021065,35.712366694872586,6256398
428,2009-07-08,33.416786193847656,34.07266015238689,32.36738830497788,34.07266015238689,9995092
429,2009-07-09,33.7447395324707,34.171058256992296,32.859309703981886,33.61356556675608,5766023
430,2009-07-10,33.66276168823242,34.89252619195696,33.15445858189965,33.94150919866324,4813799
431,2009-07-13,33.81032180786133,34.531782966773626,32.54776311179051,33.94149797927813,6649724
432,2009-07-14,35.41722106933594,35.712363614528414,33.990693578318,34.35142533263426,6681312
433,2009-07-15,36.41742706298828,36.63058530459969,35.482805367380784,35.909124074569576,5318107
434,2009-07-16,36.35184097290039,37.516016015698234,35.41721925440797,37.516016015698234,6733724
435,2009-07-17,36.630592346191406,36.991324142533834,36.105894179835424,36.991324142533834,4714999
436,2009-07-20,36.71258544921875,37.38485729058378,36.33545848219215,36.74538006546755,3204852
437,2009-07-21,36.13869094848633,36.95853401784688,35.581198106114485,36.95853401784688,3387311
438,2009-07-22,35.69596862792969,36.95852532334828,35.286047189683494,36.23706403682821,4155805
439,2009-07-23,37.253665924072266,37.614397638944574,35.77794891153881,36.86013960822397,7225701
440,2009-07-24,37.073299407958984,38.18828690977616,36.77815467631657,38.18828690977616,3938895
441,2009-07-27,37.59800720214844,38.00792869359926,36.8929431264396,38.00792869359926,5271010
442,2009-07-28,38.13909912109375,38.368656914050746,37.4176400322463,38.27027754445914,5714377
443,2009-07-29,38.49983215332031,38.696595346895116,36.99132249045655,38.66380073997722,8829709
444,2009-07-30,39.04092025756836,39.565620525780524,38.59820871519821,38.72938267026832,17110331
445,2009-07-31,38.49983215332031,39.76239116016501,38.30306895974551,39.319675086604846,5752956
446,2009-08-03,38.46703338623047,39.106512584206385,38.303064817306606,38.893354334191784,3665243
447,2009-08-04,38.00791549682617,39.30326873922279,37.87674155469354,39.30326873922279,3621563
448,2009-08-05,37.6635856628418,38.20468098742786,37.056901139183424,38.20468098742786,4774621
449,2009-08-06,36.90933609008789,37.97512961854862,36.630588619097466,37.51601849170504,7103528
450,2009-08-07,36.99131393432617,37.54880655521776,36.45021638913505,36.72896381156373,3574790
451,2009-08-10,36.286258697509766,37.64719716959158,35.991116111071875,37.35205458315368,2330557
452,2009-08-11,36.51582336425781,36.92574493564088,35.82715423474752,36.92574493564088,2647345
453,2009-08-12,36.0402946472168,36.515805212825825,34.43340377574207,34.43340377574207,3169220
454,2009-08-13,36.64698791503906,37.024114773748295,36.26986105632982,37.024114773748295,3372052
455,2009-08-14,36.69617462158203,37.3848435173538,36.40103207994619,36.40103207994619,5692114
456,2009-08-17,34.908912658691406,36.53220085483508,34.72854680934971,36.073089805570575,7525848
457,2009-08-18,35.66317367553711,35.745157962386926,34.433409372789775,34.990902078575346,3831268
458,2009-08-19,34.794132232666016,36.05669089778531,34.67935558745152,35.99110392566764,2016070
459,2009-08-20,35.13848114013672,35.4008313610111,34.9253228366575,35.22046544516205,1291386
460,2009-08-21,35.55109405517578,35.683132856263526,34.67634455321345,35.320028951510736,2476248
461,2009-08-24,35.86467742919922,36.095744738333835,35.55108895927572,35.94720082857859,3720905
462,2009-08-25,36.29380798339844,36.607396526156954,35.89769602209342,36.27730285197094,5644025
463,2009-08-26,36.12875747680664,36.772439628374144,35.815168965898444,36.310309426887414,4450635
464,2009-08-27,35.66661834716797,36.45884199100272,35.45205619129466,36.128748432973204,7528977
465,2009-08-28,35.51808547973633,36.09574934918233,35.1219713212436,35.91419739963829,4498782
466,2009-08-31,35.51808547973633,35.71614032039193,35.05595304102507,35.28701814108531,5347897
467,2009-09-01,35.171485900878906,35.81517031528897,34.890907638901744,35.61711322799497,4467549
468,2009-09-02,35.61710739135742,35.716135918776445,34.82488364918624,34.98993044868778,3513954
469,2009-09-03,35.1054573059082,35.9802065728137,34.824879126349614,35.9802065728137,5440841
470,2009-09-04,35.369544982910156,35.45206840083826,34.57732106623681,35.187993015750145,3523284
471,2009-09-07,35.32002639770508,36.02972678734533,35.18798760616437,35.94720338210388,4931172
472,2009-09-08,35.66661834716797,36.079235294704866,35.50157156815321,35.53457958080204,4162308
473,2009-09-09,34.808380126953125,35.65011929095183,34.659838448268786,35.65011929095183,8053306
474,2009-09-10,35.452049255371094,35.86466612218263,35.03943238855955,35.25399450245541,7355612
475,2009-09-11,35.71614456176758,35.914201664533685,35.204498911780995,35.71614456176758,4466196
476,2009-09-14,35.650123596191406,35.78216016239146,35.320029942100405,35.485076769145905,2292939
477,2009-09-15,35.4190559387207,35.89769125501121,35.25400912354531,35.848178105894874,6351632
478,2009-09-16,35.58409881591797,35.93069753714747,35.22099496727936,35.683127341782175,7262510
479,2009-09-17,35.66661834716797,35.864673138831556,35.33652478913846,35.79865487494369,4533815
480,2009-09-18,35.600608825683594,35.732645385883394,35.3530385963659,35.3530385963659,3807983
481,2009-09-22,35.650123596191406,35.91419896718238,35.551095052245934,35.650123596191406,3732519
482,2009-09-23,36.34331512451172,36.904473795476754,35.749146198187944,35.84817472567366,10885467
483,2009-09-24,36.772430419921875,37.41611464889049,36.27729008292461,36.640393892158684,10152395
484,2009-09-25,36.73942565917969,37.201555785845414,36.4753503416891,36.640397135296915,5754133
485,2009-09-29,36.62388610839844,37.39960680882884,36.47534446579837,37.300578300898785,3351144
486,2009-09-30,36.29380798339844,37.10253703743599,36.17827654058793,36.70642507613096,5591598
487,2009-10-01,36.211280822753906,36.64040300256815,36.09574939188249,36.34331962193793,4613924
488,2009-10-05,35.94721603393555,36.161778306234154,35.69964573107738,35.94721603393555,3847231
489,2009-10-06,36.145263671875,36.27730023659396,35.402552958501474,36.194776823996904,2883224
490,2009-10-07,35.91419219970703,36.442340603576696,35.732640276449466,36.31030406225689,3492297
491,2009-10-08,35.61710739135742,36.11224778986203,35.518081102528896,35.980211245697,6173266
492,2009-10-09,35.600608825683594,35.914197335101186,35.33653346669323,35.81516879565596,4193022
493,2009-10-12,35.7491455078125,35.897687176877234,35.53458332930527,35.6501169822392,1800379
494,2009-10-13,35.7491455078125,35.7491455078125,35.7491455078125,35.7491455078125,0
495,2009-10-14,36.689903259277344,36.97048365017263,35.76564318275401,36.07923158290229,6809859
496,2009-10-15,37.11903762817383,37.630683208291885,36.68991545650737,36.68991545650737,7572106
497,2009-10-16,36.970489501953125,37.4656298664298,36.821947840328185,37.30058307827091,3312168
498,2009-10-20,36.92097854614258,37.531650355319435,36.673408349251574,36.805444892157254,3209019
499,2009-10-21,36.772430419921875,37.201552493037546,36.54136537704119,36.90446918627527,1976113
500,2009-10-22,36.013221740722656,36.77243523261034,33.339462675566125,36.47535188696651,2682882
501,2009-10-23,36.40934371948242,36.475362010327025,35.980221471105814,36.31031516391995,1979627
502,2009-10-26,36.29380798339844,36.640406789011955,35.88119089066592,36.14526627773293,1820035
503,2009-10-27,36.013221740722656,36.3928284866665,35.83166981234453,35.94720122961024,4096925
504,2009-10-28,35.51808547973633,35.98021567985682,35.05595304102507,35.98021567985682,1873167
505,2009-10-29,34.92390823364258,35.96370436291196,34.659835158199925,35.022936756228766,4457277
506,2009-10-30,34.44527053833008,35.61710312204513,34.032653589035355,35.61710312204513,2912146
507,2009-11-03,33.801597595214844,34.874401950614605,33.57053248946229,34.16470150324801,3200653
508,2009-11-04,34.4782829284668,34.62682459170919,33.10839322867719,34.21420761681901,2690289
509,2009-11-05,35.171485900878906,35.32002983564483,33.81810326633946,34.41227228963059,2975233
510,2009-11-06,35.22099685668945,35.765652658865115,35.05595005092542,35.61710874280502,2665782
511,2009-11-09,35.43555450439453,35.56759103664206,34.67633660890525,35.53458078428503,1222652
512,2009-11-10,34.72584533691406,35.65010760140735,34.4947803304382,35.65010760140735,2700520
513,2009-11-11,35.831661224365234,35.963697737763106,34.65982877324678,34.94040692386474,3211200
514,2009-11-12,35.1054573059082,36.34331037999563,34.84138201328408,36.34331037999563,7034805
515,2009-11-13,34.57732009887695,35.402554255070584,34.36275787511205,35.154984008212494,5050823
516,2009-11-16,34.64332580566406,35.270504879815185,34.362745398992494,34.98992447314362,6037955
517,2009-11-17,34.6268310546875,34.79187787544899,34.247224262372384,34.79187787544899,4578478
518,2009-11-18,34.4782829284668,34.923907918193976,34.346244153347726,34.65983484513655,3519599
519,2009-11-19,34.52780532836914,34.8248909731054,34.3627584941571,34.59382361433577,3934390
520,2009-11-20,35.25400161743164,35.38603814602309,34.560804245850974,34.69284077444242,4677765
521,2009-11-23,35.055946350097656,35.38603992677802,34.7918710410353,35.32002165916001,2821321
522,2009-11-24,34.28022384643555,35.154973124335534,34.18119533063307,35.154973124335534,5439086
523,2009-11-25,34.56081771850586,34.61033087638154,34.26373205547848,34.32975258410085,1865683
524,2009-11-26,34.032657623291016,34.5608082764317,33.86761082400836,34.29673294986136,5780245
525,2009-11-27,33.71906661987305,34.164693839903194,33.14140286576968,33.966636800203055,7226035
526,2009-11-30,32.94335174560547,34.24722338717298,31.37540698844067,33.99965316235749,34539390
527,2009-12-01,33.83460235595703,34.13168569526656,33.009368370552274,33.66955555887608,9492411
528,2009-12-02,34.01614761352539,34.2307097649524,33.60353067453901,33.86760596320833,4964876
529,2009-12-03,34.032657623291016,34.263722694568635,33.95013422364969,34.06566787858374,3578736
530,2009-12-04,34.24721145629883,34.46177134762199,33.752071179162364,33.834594558685104,3567645
531,2009-12-07,34.164695739746094,34.395760806518524,34.13168548509698,34.313237408486195,4545289
532,2009-12-08,34.56081771850586,34.74236969503519,34.06567718538466,34.26373205547848,4206166
533,2009-12-09,34.329734802246094,34.791864831685515,34.263714307820514,34.52778956975301,3096689
534,2009-12-10,34.824886322021484,35.055951411339954,34.32974588551449,34.32974588551449,3347394
535,2009-12-11,34.709354400634766,35.237505121527406,34.57731783970699,34.98993489084475,2530102
536,2009-12-14,34.64332580566406,34.90740108748611,34.51128704545798,34.659830930513586,1458861
537,2009-12-15,34.64332580566406,34.8248777018286,34.39575564869154,34.70934406647205,2359025
538,2009-12-16,34.51129913330078,34.7258613543164,34.181205475052955,34.494796241261106,3602393
539,2009-12-17,34.544307708740234,34.95692476141359,34.44527916838047,34.95692476141359,1264927
540,2009-12-18,34.51129913330078,34.74236648494697,34.197710605683525,34.51129913330078,1671508
541,2009-12-21,34.51129913330078,34.626832809123876,34.26372888961492,34.34625230417687,1309866
542,2009-12-22,35.15497970581055,35.45206307024568,34.34624854084369,34.54430560952754,3246132
543,2009-12-23,36.16176223754883,36.45884557353139,35.25400486376937,35.320023134144336,9531688
544,2009-12-24,35.91419219970703,36.72292105211934,35.66662200578956,36.145257266311916,3529789
545,2009-12-29,36.211280822753906,36.75593667203033,36.04623400271694,36.22778595247575,3582130
546,2009-12-30,35.930702209472656,36.47535581466531,35.831673670731064,36.14526217792049,1887030
547,2009-12-31,36.359825134277344,37.26758270992158,36.062741732230144,36.21128343325375,8785123
548,2010-01-04,37.10253143310547,37.35010165134955,36.343317888029496,36.376325907307645,4353415
549,2010-01-05,37.21807098388672,37.76272465473601,37.05302414561832,37.300594403020916,4374738
550,2010-01-06,37.482139587402344,37.76271781851063,37.300587650455455,37.49864471595944,5549959
551,2010-01-07,37.812225341796875,38.04329263004855,37.20155358473394,37.59766541823779,4535147
552,2010-01-08,37.91126251220703,38.22484876825164,37.647184927074335,37.9937859180895,3809958
553,2010-01-11,38.09359359741211,38.54116926116191,37.99413433735948,38.45828504553256,3041300
554,2010-01-12,37.54656982421875,38.29252798641815,37.39737864145465,37.86153173585052,2569224
555,2010-01-13,38.110191345214844,38.29253490800897,37.06584838033748,37.54657661097342,3322262
556,2010-01-14,38.90586471557617,39.28713124738045,38.14332715521067,38.29252055740915,6747297
557,2010-01-15,39.33686828613281,40.26517446954369,38.905872038063414,39.2374089971192,11273753
558,2010-01-18,38.98876190185547,39.784449819013716,38.8229933984159,39.370028560414795,4085821
559,2010-01-19,38.541175842285156,39.41974777862611,38.342252791456175,38.95559699119667,4992784
560,2010-01-20,38.756675720214844,39.10479219934164,38.42513878586025,38.54117761223585,3697700
561,2010-01-21,37.67918014526367,38.939023175867,37.480259336520014,38.624061294026816,3555527
562,2010-01-22,37.894683837890625,38.11018647132508,36.386192384397845,36.469076629024,4943166
563,2010-01-25,38.22621536254883,38.78982994429735,37.14872258451691,37.894678431345554,2912852
564,2010-01-27,37.56314468383789,38.92244478659045,37.19845315108205,38.22621631437611,8252922
565,2010-01-28,37.76206588745117,39.10479320414325,35.905460356387046,38.4251397731981,11600411
566,2010-01-29,37.36422348022461,37.69576043618188,36.81718840224666,37.430530421740286,3996285
567,2010-02-01,37.447105407714844,37.679180812883835,37.132145768672736,37.21503000254586,2078776
568,2010-02-02,37.69575881958008,38.2925257643863,37.29791493916886,37.596297287382576,3466800
569,2010-02-03,37.447105407714844,37.87810387353082,37.297914236418976,37.7952196396577,2006355
570,2010-02-04,37.13215637207031,37.878114689943025,37.03269481334474,37.29792488715314,2254939
571,2010-02-05,35.60708236694336,36.80061648214236,35.47446846453423,36.668002579733226,4391981
572,2010-02-08,35.97175979614258,36.12095093965754,35.40814756043142,35.97175979614258,1831316
573,2010-02-09,35.83915710449219,36.1375394844233,35.656811317476944,35.83915710449219,1113258
574,2010-02-10,35.573917388916016,36.021490836969406,35.491033167234455,35.971761203311836,1023345
575,2010-02-11,35.49103927612305,35.88888315899767,35.457884682392326,35.64023045115368,640478
576,2010-02-15,34.778228759765625,35.971762494161545,34.74507417055188,35.57391866548907,1575236
577,2010-02-16,35.39157485961914,35.64022754720301,34.74507607319818,34.811385255256766,1192982
578,2010-02-17,35.50761413574219,35.72311223506365,35.3749980183009,35.64022800480484,989784
579,2010-02-18,35.855735778808594,36.286734342123246,35.20923905802625,35.55735336871805,1713670
580,2010-02-19,35.524200439453125,35.85573746554074,35.30870227184792,35.85573746554074,1267093
581,2010-02-22,35.474464416503906,35.922040220724966,35.39158017486142,35.60707830378032,835164
582,2010-02-23,35.34185028076172,35.540773371311886,35.15950448915392,35.47446642392152,801182
583,2010-02-24,35.22580337524414,35.44130145328689,35.02688034291359,35.209226081153524,906081
584,2010-02-25,35.2921142578125,35.47446001648481,34.8445385091058,35.47446001648481,1650113
585,2010-02-26,35.65681838989258,36.10439204856405,35.14293552396952,35.47447256670963,1548385
586,2010-03-02,35.65681838989258,36.3033151735599,35.47447256670963,35.67339569170548,780476
587,2010-03-03,36.03806686401367,36.137528376210525,35.32526123358485,35.32526123358485,1578097
588,2010-03-04,36.07123565673828,36.30331111100988,35.90546715391868,36.13754260819028,1157814
589,2010-03-05,35.888877868652344,36.35302862218958,35.80599364492223,36.13753053984268,766252
590,2010-03-08,36.485652923583984,36.701151054330126,35.97177017136745,36.13753865605801,1998979
591,2010-03-09,36.07123565673828,36.601693516733484,35.97177410537068,36.469079613829486,1368556
592,2010-03-10,36.17068862915039,36.36960943632639,35.85572674979236,36.104379445046376,1572349
593,2010-03-11,35.40814971923828,36.53537425938657,35.176072094756165,36.13753043629767,4256779
594,2010-03-12,35.24238204956055,35.60707356358956,34.99372935773494,35.15949781895201,7813231
595,2010-03-15,34.695343017578125,35.30868715255604,34.54615186939869,35.30868715255604,2420100
596,2010-03-16,34.7948112487793,34.89427278289033,34.330658172387395,34.49642664644618,1690093
597,2010-03-17,35.25896072387695,35.4247314399538,34.84453955463166,34.84453955463166,2067076
598,2010-03-18,35.17607498168945,35.44130496830921,33.866504592704025,34.9937292253647,2257266
599,2010-03-19,35.87230682373047,36.220421073719415,35.01030984741298,35.14292597751197,3363560
600,2010-03-22,35.65681838989258,36.17070125581564,35.3584337023988,35.47447256670963,2178427
601,2010-03-23,35.7894172668457,36.1043768754086,35.4081507272767,35.7231103358396,1381649
602,2010-03-25,35.2921142578125,35.95518810870914,35.142923091036494,35.95518810870914,3128139
603,2010-03-26,35.39157485961914,35.64022754720301,35.093190285491325,35.32526567756055,2059990
604,2010-03-29,35.39157485961914,35.68995718536834,35.17607451468595,35.62365025168837,1977720
605,2010-03-30,35.375003814697266,35.640233844660656,35.30869686930117,35.391581113141044,1369034
606,2010-03-31,35.524200439453125,35.673393899896034,34.91085604183931,35.47447078489173,1719363
607,2010-04-01,35.358428955078125,35.67339090209713,35.308699304695736,35.640236302922766,928358
608,2010-04-05,35.65681838989258,35.888893870134766,35.3915883060246,35.80600960944974,1444077
609,2010-04-06,35.540775299072266,35.80600535139909,35.44131374840231,35.80600535139909,2818200
610,2010-04-07,36.65142059326172,36.80061177648989,35.50761852400723,35.50761852400723,3932498
611,2010-04-08,36.850337982177734,37.43052761154368,35.85572718897897,37.13214527293554,4525961
612,2010-04-09,36.353031158447266,36.94979806061466,36.23699458615662,36.86691383110193,2218499
613,2010-04-12,35.95519256591797,36.63484379701617,35.83915597665371,36.170692943201225,854787
614,2010-04-13,35.72312927246094,36.203857587559625,35.60709039540483,35.64024500267221,1196945
615,2010-04-15,35.68996047973633,36.10438166396267,35.573923897180244,35.97176778436177,1834504
616,2010-04-16,35.7728385925293,35.87230010939229,35.50761087873257,35.57391780718175,3410045
617,2010-04-19,35.65681838989258,35.77285500582394,35.308704045339574,35.60708648445388,1997149
618,2010-04-20,35.7894172668457,36.08780182894097,35.325264253045916,35.64022610998733,2663183
619,2010-04-21,36.485652923583984,36.866919539020685,35.772847090387195,35.80600168667689,4408329
620,2010-04-22,36.0214958190918,37.016106616834875,35.6733838385847,36.369610047977616,3257926
621,2010-04-23,36.353031158447266,36.46906997911654,35.93861001088361,36.13753306106562,1225052
622,2010-04-26,36.601688385009766,36.916650294911285,36.3696129632762,36.46907450069884,1204934
623,2010-04-27,37.52998352050781,38.01071154889019,36.50222053713487,36.55195016999642,11718037
624,2010-04-28,38.09359359741211,39.95020092686091,35.83914473099632,37.29790602672163,8993805
625,2010-04-29,36.61827850341797,37.7620809632987,36.336473338497036,37.7620809632987,5294606
626,2010-04-30,36.485652923583984,36.96638107951082,36.402768681238705,36.96638107951082,1318467
627,2010-05-03,36.25358200073242,36.45250285805803,36.17069774808527,36.45250285805803,1557313
628,2010-05-04,35.64023208618164,36.452497186059645,35.52419325117954,36.27015140893302,1045708
629,2010-05-05,35.557350158691406,35.70654135026808,35.209235879426465,35.474465913551136,1404451
630,2010-05-06,35.39157485961914,35.64022754720301,34.943999122616724,35.308690630424515,1322298
631,2010-05-07,35.1429328918457,35.391585655277275,34.82797092612895,34.977164382891324,5243780
632,2010-05-10,35.83915710449219,36.02150064312841,35.209235499201256,35.242387847871925,1121466
633,2010-05-11,35.39157485961914,36.104378331341465,35.292113334909864,36.104378331341465,838559
634,2010-05-12,35.42472839355469,35.68995612036005,35.1760734650122,35.67338107371862,1266616
635,2010-05-13,35.92203903198242,36.00492327088209,35.30869476477334,35.64023172037201,1612426
636,2010-05-14,35.22580337524414,35.93860678573485,34.977150709020165,35.557340263542784,1711958
637,2010-05-17,34.36381149291992,35.10976959853692,34.164888432070555,34.81138725564162,1851642
638,2010-05-18,34.479854583740234,34.79481426205205,34.18146995556665,34.79481426205205,1361316
639,2010-05-19,34.04885482788086,34.47985333178501,33.84993174965465,34.47985333178501,2450689
640,2010-05-20,34.512996673583984,34.678765112724705,33.5681179195089,33.89965479779033,2116627
641,2010-05-21,34.26435852050781,34.546165885700034,33.26974746460017,33.53497752918474,1432024
642,2010-05-24,34.0654296875,34.496425912175866,33.84992932678329,34.34723473837431,3809046
643,2010-05-25,33.45209884643555,33.89967479549567,33.1702914343044,33.81679052703118,2621138
644,2010-05-26,34.21462631225586,34.47985635703568,33.94939626747604,34.115164764416036,1674436
645,2010-05-27,33.601280212402344,34.64562303739353,33.220013588783054,34.64562303739353,4522469
646,2010-05-28,34.16489028930664,34.44669759943276,33.60127791743326,33.60127791743326,1223573
647,2010-05-31,34.24778366088867,34.36382252503355,33.866516961634595,34.23120860747895,3962642
648,2010-06-01,34.496429443359375,34.81139136831072,34.09858552303752,34.81139136831072,2173677
649,2010-06-02,34.61247253417969,34.69535678810692,34.14832161153887,34.61247253417969,1067731
650,2010-06-03,35.01030349731445,35.12634230905684,34.612459675935284,34.77822812220814,855327
651,2010-06-04,35.06004333496094,35.19265722271648,34.74508141687836,35.14292757690289,730766
652,2010-06-07,34.62903594970703,34.79480439109463,33.816771036583475,34.612458655892596,1110289
653,2010-06-08,34.16489028930664,34.811389148021995,34.03227640711721,34.62904337372738,1369731
654,2010-06-09,33.96596908569336,34.43011991653797,33.866507550975555,34.16488990675012,2036943
655,2010-06-10,33.80019760131836,34.380387212408,33.65100643671389,34.08200263482043,2079894
656,2010-06-11,33.61785888671875,34.14831897017381,33.55155193838164,33.982550475141494,1791437
657,2010-06-14,34.16489028930664,34.26435182513815,33.71731675063316,34.13173794294872,1700881
658,2010-06-15,34.24778366088867,34.314092868045435,33.98255582577947,34.181476702111375,1047592
659,2010-06-16,34.03228759765625,34.54617049477892,33.94940333193903,34.24778578916918,1289944
660,2010-06-17,34.09857940673828,34.264347864503236,33.8996586064475,34.03227247330802,662067
661,2010-06-18,34.09857940673828,34.446693617720406,33.78361978666059,34.015695177855804,1111519
662,2010-06-21,34.28092575073242,34.396964572519074,34.09857999437281,34.214618816159465,1131800
663,2010-06-22,34.01570129394531,34.396970164384754,33.84993280637486,34.31408592059953,1139377
664,2010-06-23,33.91623306274414,34.098578812785085,33.783619198193584,33.81677378852051,1355354
665,2010-06-24,33.63442611694336,34.08199957051553,33.48523496575264,33.849924196621245,2329371
666,2010-06-25,33.601280212402344,33.88308754177592,33.452089022654754,33.518395968278234,1672844
667,2010-06-28,34.231201171875,34.39696965700023,33.61785687756007,33.61785687756007,2401306
668,2010-06-29,33.99912643432617,34.72850963065923,33.849935234486836,34.39697263173663,1542276
669,2010-06-30,34.512996673583984,34.64561277392357,33.68415447788039,33.81677057821998,2708253
670,2010-07-01,34.231201171875,34.49642894937218,33.98254844418716,34.3803923588119,1450319
671,2010-07-02,34.330657958984375,34.56273561992712,34.18146678293461,34.34723525596297,1534161
672,2010-07-05,33.84992218017578,34.446688997767616,33.15369609996723,34.14830671316085,1409644
673,2010-07-06,33.83335876464844,33.96597491649747,33.750474512885,33.84993606467697,765539
674,2010-07-07,34.04885482788086,34.7450811049147,33.99912293413484,34.14831636699396,4099698
675,2010-07-08,33.8167839050293,34.47985792290209,33.767052004661295,34.47985792290209,2147848
676,2010-07-09,33.80019760131836,34.04885029178535,33.700736075455836,33.982543357336546,2076435
677,2010-07-12,33.46866226196289,33.982544962882734,33.38577802789126,33.86650613583096,4188571
678,2010-07-13,33.48524856567383,33.63443977745806,33.23659579657366,33.41893936187697,3777184
679,2010-07-14,33.38577651977539,33.81677496715437,33.30289228944784,33.783620375671894,2928502
680,2010-07-15,33.40237045288086,33.7007529313297,33.33606123688799,33.65102326771481,3552196
681,2010-07-16,33.269744873046875,33.63443646449034,33.15370827459059,33.63443646449034,1309829
682,2010-07-19,33.17028045654297,33.61785625747711,32.85532079029028,32.85532079029028,3056097
683,2010-07-20,33.10396957397461,33.36919956339585,33.05423993462379,33.31946992404504,2241425
684,2010-07-21,33.12055969238281,33.26975091657275,33.021098126796346,33.26975091657275,1373142
685,2010-07-22,33.63442611694336,34.04884723046117,33.15369807493839,33.38577344883267,5819774
686,2010-07-23,33.48524856567383,33.94939950197574,33.35263240645946,33.94939950197574,1826820
687,2010-07-26,33.48524856567383,33.63443977745806,33.153711540206935,33.48524856567383,1879489
688,2010-07-27,33.534969329833984,33.75046743990597,33.20343239225939,33.20343239225939,2785906
689,2010-07-28,33.56813430786133,34.01570796302491,33.402365787790494,33.65101856789674,3199899
690,2010-07-29,33.269744873046875,33.80020496089571,33.07082402638791,33.22001522347692,2312762
691,2010-07-30,33.28630447387695,33.551534376777376,33.20342026974419,33.31945905488123,1285466
692,2010-08-02,33.33604431152344,33.617851591274736,33.25316008199407,33.4852377233792,778568
693,2010-08-03,33.12055969238281,33.418942140762674,33.054252731451676,33.418942140762674,1708893
694,2010-08-04,33.20343780517578,33.319476651595366,32.70613231774177,33.319476651595366,1886451
695,2010-08-05,32.75585174560547,33.418925521937346,32.65639022948001,33.004504411729926,1508701
696,2010-08-06,33.004520416259766,33.56813519815229,32.8221745896698,32.90505885190346,3922176
697,2010-08-09,33.866512298583984,33.94939654773822,33.35262950415192,33.40236140267195,3155186
698,2010-08-10,33.65100860595703,34.1317367221733,33.50181518335648,34.1317367221733,2033594
699,2010-08-11,33.20343780517578,33.684165993352835,33.15370815578403,33.48524514740671,1383082
700,2010-08-12,33.07081985473633,33.22001103300592,32.987933368610065,33.021087963060566,746648
701,2010-08-13,33.78362274169922,33.88308427473377,33.037664616508295,33.26974002800304,2838836
702,2010-08-16,34.91084671020508,35.64022977133795,33.949390490899034,33.949390490899034,10437835
703,2010-08-17,34.811397552490234,35.57393318012456,34.6787813899046,35.29212580196207,4272775
704,2010-08-18,34.463279724121094,35.22581527446691,34.03228117406657,35.02689217494046,2042150
705,2010-08-19,34.595890045166016,35.14292738807089,34.19804613565816,35.14292738807089,2150678
706,2010-08-20,34.21462631225586,34.84454570127619,34.148319363155686,34.645624853975676,1350531
707,2010-08-23,34.595890045166016,34.778235826134306,33.916238815218165,34.38039191662645,1558660
708,2010-08-24,34.16489028930664,34.7948118506536,33.999121812380416,34.7948118506536,1419761
709,2010-08-25,34.16489028930664,34.47985219416955,33.9328148712857,33.982546763390886,1708531
710,2010-08-26,34.9605712890625,35.20922394016652,34.148306411798366,34.446688693771875,6819779
711,2010-08-27,34.595890045166016,35.308695871064074,34.38039191662645,35.10977279212067,3318728
712,2010-08-30,36.054656982421875,36.303309727172945,34.81139325866651,34.94400715651543,12599675
713,2010-08-31,36.07123565673828,36.71773236805889,35.64023709973147,36.104388008274675,7251681
714,2010-09-01,35.87230682373047,36.36961225274929,35.57392446567072,36.07122989468954,4105554
715,2010-09-02,35.67338562011719,36.17069104382421,35.49103984841552,36.17069104382421,2077611
716,2010-09-03,35.80601119995117,36.17070286251666,35.73970423813369,35.93862512358613,2025354
717,2010-09-06,35.82257843017578,36.0712311533617,35.47446416803971,35.47446416803971,1657041
718,2010-09-07,35.7054557800293,36.307797423047965,35.554870936620134,36.307797423047965,2364772
719,2010-09-08,35.63853454589844,35.83931587882529,35.387559014431055,35.70546090041328,2119627
720,2010-09-09,34.96926498413086,35.805850053666795,34.852142166642935,35.77238574313246,4325702
721,2010-09-13,35.32063293457031,35.63853711283253,35.08638954220538,35.4042914510851,2223035
722,2010-09-14,35.15330505371094,35.58832965922172,34.985988072313084,35.170037205727084,2096762
723,2010-09-15,35.755653381347656,35.90623822956043,35.1533094497324,35.1533094497324,3700295
724,2010-09-16,35.354095458984375,36.10702206949755,35.23697263404048,35.77238802038058,1645185
725,2010-09-17,35.220237731933594,35.62179807981762,35.136579231566834,35.55487173340063,3999245
726,2010-09-20,35.354095458984375,35.55487679620751,35.27043694670513,35.40428965859896,1658444
727,2010-09-21,35.354095458984375,35.80585233304524,35.23697263404048,35.65526519543669,4168036
728,2010-09-22,35.421016693115234,35.738920809313896,35.236967538837604,35.38755465467152,2530696
729,2010-09-23,35.15330505371094,35.55486762457123,35.036184528361524,35.33735418712494,1296047
730,2010-09-24,35.32063293457031,35.4042914510851,34.952536823534714,35.15331590154072,2212027
731,2010-09-27,35.421016693115234,35.83931146340915,35.236967538837604,35.83931146340915,1731020
732,2010-09-28,35.77238464355469,35.856043147936774,35.33735996689142,35.47121493553206,3076594
733,2010-09-29,36.35798645019531,36.96032800765893,35.83930564872273,35.83930564872273,11684464
734,2010-09-30,35.63853454589844,36.742827338231415,35.52141172346072,36.408193296274895,5236368
735,2010-10-01,36.30780029296875,36.558775808282846,35.772384952545785,35.772384952545785,3875195
736,2010-10-04,36.709354400634766,36.97706202517281,36.0902829301087,36.558769571013926,4550532
737,2010-10-05,37.44554901123047,37.67979460322403,36.67589270398929,36.709354739001355,10282420
738,2010-10-06,37.39535903930664,38.031162739405076,37.12765138212443,37.646334542405825,5975746
739,2010-10-07,36.55876541137695,37.612861368170144,36.27432566715959,37.39535022450855,5825104
740,2010-10-08,36.642433166503906,37.04399352456146,36.357993350297825,36.642433166503906,2872678
741,2010-10-11,36.776283264160156,37.39535704656819,36.64243057739289,37.34516285637596,2923343
742,2010-10-12,36.625701904296875,36.85994526308788,36.20740938167645,36.809751068126296,1328063
743,2010-10-13,36.75955581665039,37.144384018647884,36.57550665811076,36.74282366235004,2785869
744,2010-10-14,35.78911590576172,37.077457748868675,35.4712140509144,36.943602783566256,6206210
745,2010-10-15,35.7221794128418,36.291056613017375,35.37081334910994,35.805837891378836,3825540
746,2010-10-18,35.7221794128418,36.374715091554414,35.40427537889587,36.27432446343367,2661071
747,2010-10-19,35.25370788574219,35.97317251614402,35.06965868869137,35.87278183871788,2506333
748,2010-10-20,34.88560485839844,35.55487288297148,34.71828785225518,35.40428576193684,1611212
749,2010-10-21,35.337364196777344,35.8058532390245,35.2035114814967,35.5716075832097,5077785
750,2010-10-22,35.77238464355469,36.408190638487824,35.37082427639712,35.78911679830754,7613777
751,2010-10-25,34.71827697753906,36.10700678578703,34.5844220529222,35.83930147531616,4373958
752,2010-10-26,34.19960021972656,34.93579449688117,34.06574527063728,34.801941817173734,3559839
753,2010-10-27,34.08247375488281,34.55096262220229,33.99881527172379,34.4171076875189,4326267
754,2010-10-28,33.446678161621094,34.36692169568227,33.19570265233168,34.36692169568227,12789477
755,2010-10-29,33.597267150878906,34.13268254438649,33.463414437193215,33.49687648092343,2557085
756,2010-11-01,33.68091583251953,34.03228194010559,33.56379304019693,33.731110018153935,3644082
757,2010-11-02,33.49687194824219,33.61399475890532,32.81087177731978,33.463409909039946,8722079
758,2010-11-03,33.613990783691406,33.664184971249824,33.145501865824805,33.46340595163429,5792586
759,2010-11-04,33.96535873413086,34.919064234780684,33.463407753984015,33.7311131278901,7578044
760,2010-11-08,32.91127014160156,33.26263638649981,32.22526981001597,32.543171738492426,23828591
761,2010-11-09,34.735015869140625,35.13657847779211,32.927993207736996,33.02838385989987,37552410
762,2010-11-10,34.1326789855957,35.22023954639195,34.015556171295536,34.80194702300878,23142609
763,2010-11-11,33.881710052490234,34.70156310368681,33.73112289931765,34.13268561526771,9305659
764,2010-11-12,33.31282424926758,34.115947266038916,33.12877508275443,33.747848933012605,8655373
765,2010-11-15,33.864967346191406,34.40038035171704,33.463407024701695,33.463407024701695,6781511
766,2010-11-16,33.513614654541016,34.04903014417752,33.42995612612174,34.04903014417752,5839719
767,2010-11-18,33.931907653808594,34.216347561181315,33.279371579146115,33.83151696477217,11698558
768,2010-11-19,34.099220275878906,34.550977183074885,33.563804850267566,33.6307334805059,13151040
769,2010-11-22,33.94862747192383,34.0992123160437,33.02838398416879,33.79804262780395,16159489
770,2010-11-23,32.94472122192383,33.59725697492034,32.45950017566683,33.16223238312876,29650997
771,2010-11-24,32.49296569824219,32.87779385001259,32.124867429206475,32.292184411607835,29495589
772,2010-11-25,32.30891418457031,32.54315748880672,31.221353879046912,31.790231123444364,297127250
773,2010-11-26,32.27545166015625,32.37584002516886,31.27154985497721,32.041206090109185,108003635
774,2010-11-29,31.405410766601562,32.12487300811889,31.120970939369755,32.04121450238979,47311917
775,2010-11-30,31.773517608642578,31.823711817769368,30.719418792534615,31.1544435927038,56380039
776,2010-12-01,32.40930938720703,32.54316207437962,31.589456572165453,31.656382915751752,49377032
777,2010-12-02,33.12877655029297,33.162240861825836,32.308923611560765,32.593363451443224,69791050
778,2010-12-03,33.396480560302734,33.58052971472077,32.54316340391516,33.128772905638506,70133580
779,2010-12-06,33.36301803588867,33.563797071925876,33.061846077759824,33.463408688598285,35990183
780,2010-12-07,33.1120491027832,33.29609602162307,32.82760924195027,33.1120491027832,22324627
781,2010-12-08,32.74394226074219,33.04511193132729,32.55989312010379,32.86106506007078,8690959
782,2010-12-09,31.99102020263672,32.877799452727494,31.79023888178716,32.72721459678143,19659317
783,2010-12-10,32.15834045410156,32.275463281296474,31.656389370778964,31.92409706909417,12656908
784,2010-12-13,32.760677337646484,32.87779787804741,32.10814148021189,32.15833567332913,10228525
785,2010-12-14,32.476234436035156,32.96145324441864,32.37584378996709,32.794136257432484,12502825
786,2010-12-15,32.342384338378906,32.55989553108746,32.20852937646575,32.4595048769981,7532899
787,2010-12-16,32.15834045410156,32.37585168245505,31.90736491244026,32.359121795183576,10117565
788,2010-12-20,32.07467269897461,32.49296514789319,31.957549905524697,32.04120839530841,12117884
789,2010-12-21,32.50969314575195,32.82759491243335,32.09140075028131,32.124862780290066,13693395
790,2010-12-22,32.77740478515625,32.894525308739304,32.509697165080766,32.59335565451799,11598882
791,2010-12-23,32.54315948486328,32.82759925919914,32.49296529851309,32.643550126945456,4611659
792,2010-12-24,32.710479736328125,32.79413823486568,32.29218724364038,32.29218724364038,4676656
793,2010-12-27,32.35911560058594,32.72721162959405,32.24199279581218,32.62682097827111,5508784
794,2010-12-28,32.17506408691406,32.44277171430797,32.09140559518983,32.29218461369889,6071879
795,2010-12-29,32.024478912353516,32.292184267495536,31.95755030418621,32.1415994378827,10314957
796,2010-12-30,32.32564926147461,32.64355107952678,31.673113472971334,32.02447959582136,31947999
797,2010-12-31,32.89453125,32.96145759976136,32.37584806793064,32.426044532288294,12208677
798,2011-01-03,32.89453125,33.04511610430861,32.743946395691395,32.944727714357654,5686478
799,2011-01-04,32.92799377441406,33.09531077443763,32.710480312754186,32.944725928292826,9878712
800,2011-01-05,32.82761001586914,33.07858556862119,32.69375729548773,32.92800069084647,6557909
801,2011-01-06,33.12877655029297,33.37975434802487,32.72721615881009,32.86107113555925,16916733
802,2011-01-07,32.74394226074219,33.42994236527702,32.5096989314669,33.12877042531003,15775814
803,2011-01-10,32.17506408691406,32.994916851935166,32.10813774741104,32.72720922454126,11747099
804,2011-01-11,32.1416130065918,32.7941490566393,31.85717537933148,32.39258858502412,8402847
805,2011-01-12,32.54315948486328,32.61008809250592,31.957550053662704,32.359112621991386,5356220
806,2011-01-13,32.375850677490234,32.61009632460894,32.27546227944777,32.52643781331865,5840003
807,2011-01-14,32.6602897644043,33.17897297622319,32.20853290618538,32.29219141553094,13619178
808,2011-01-17,32.710479736328125,32.79413823486568,32.00774971024192,32.29218724364038,10222664
809,2011-01-18,33.01164627075195,33.09530475554916,32.52642751280448,32.52642751280448,8525103
810,2011-01-19,32.760677337646484,33.1287733823978,32.59336033474622,32.743945183480044,8181638
811,2011-01-20,33.095306396484375,33.12876843043339,32.45950051887201,32.45950051887201,8113388
812,2011-01-21,33.07858657836914,33.128780782698755,32.760684655722194,32.87780522228549,7263505
813,2011-01-24,32.97818374633789,33.21242706251756,32.76067258189572,32.84433107120144,10580288
814,2011-01-25,32.92799377441406,33.27935992833997,32.81087096664474,33.12877281281311,5774233
815,2011-01-27,33.06184387207031,33.296087199844074,31.171162827932644,32.89452688517735,21308494
816,2011-01-28,32.30891418457031,33.06184054993267,31.85715972698189,32.96144991400803,12161301
817,2011-01-31,32.30891418457031,32.92798788162091,31.85715972698189,32.07467088033391,10372393
818,2011-02-01,32.00775146484375,32.66028733533097,31.957555001340342,32.45950602008161,5685819
819,2011-02-02,31.974285125732422,32.29218696354126,31.57272479011168,32.141602121356236,9759510
820,2011-02-03,33.01164627075195,33.11203690638493,31.80696318191951,31.957548000678155,8272335
821,2011-02-04,32.55989074707031,33.53033056817151,32.50969656209168,32.94472115297279,13585721
822,2011-02-07,32.727210998535156,32.96145433418391,32.29218636411207,32.576626159145384,10075695
823,2011-02-08,32.024478912353516,33.12876917576885,31.940820421526187,33.12876917576885,6969251
824,2011-02-09,32.0914192199707,32.52644401550785,31.70658863302589,32.45951537820768,15914271
825,2011-02-10,31.92409324645996,32.543164813466575,31.806970433289496,32.00775175032968,15041071
826,2011-02-11,32.4286994934082,32.798735058304075,32.210039936509204,32.462337845849866,16032113
827,2011-02-14,33.151939392089844,33.3874168908121,32.310946695697,32.47914523497557,9448315
828,2011-02-15,33.21922302246094,33.38742158538977,32.89964620916396,33.13512374099652,6653191
829,2011-02-16,33.168758392333984,33.236037349120586,33.03420047876077,33.11829974507868,3070813
830,2011-02-17,33.168758392333984,33.28649827771449,33.05101850695347,33.168758392333984,2410838
831,2011-02-18,33.00056457519531,33.30332106466564,32.697808085724986,33.168763131865255,7982842
832,2011-02-21,33.28650665283203,33.303324685256264,32.64735069919667,32.64735069919667,9078739
833,2011-02-22,33.11829376220703,33.26967195796484,32.89963434047848,33.135111787361524,6311548
834,2011-02-23,33.505165100097656,33.72382462425567,33.1351273092698,33.1351273092698,28541975
835,2011-02-24,33.051025390625,33.639722658799336,32.59689062672697,33.47152180979304,14267832
836,2011-02-25,33.37059783935547,33.58925502118166,32.44550590167161,33.15193837619066,31955636
837,2011-02-28,33.28650665283203,35.119870663581885,32.86601021544266,33.74064143640906,128195783
838,2011-03-01,33.47152328491211,33.67336248754363,32.96692755967249,33.47152328491211,22095525
839,2011-03-03,33.40423583984375,33.94247205613847,33.15193804120659,33.15193804120659,12055696
840,2011-03-04,33.30331802368164,33.62289707724436,33.18558041356687,33.40423760473625,5797710
841,2011-03-07,32.983741760253906,33.269680197429636,32.3277678952882,33.269680197429636,6845096
842,2011-03-08,32.95009231567383,33.26966898512609,32.19319912317943,32.96691033932554,8299919
843,2011-03-09,32.983741760253906,33.13511999350157,32.832363527006244,32.96692144959555,4984092
844,2011-03-10,33.10148239135742,33.269680939012595,32.73144467398052,32.96692218443,4963678
845,2011-03-11,32.983741760253906,33.168760614818275,32.79872290568954,32.79872290568954,6148250
846,2011-03-14,33.23603820800781,33.336957786464986,32.84918248548373,32.84918248548373,4743614
847,2011-03-15,32.8828239440918,33.05102249703336,32.64734642624139,32.91646456721566,7316083
848,2011-03-16,33.168758392333984,33.30331630590719,32.96691924063556,32.98373955016687,3548194
849,2011-03-17,33.08466339111328,33.15194235657313,32.89964452509453,32.89964452509453,4312518
850,2011-03-18,32.95009231567383,33.30330731376749,32.832352462083946,33.135108826546514,7614611
851,2011-03-21,32.76508331298828,33.00056080918583,32.71462238294252,32.89964123043298,3473055
852,2011-03-22,32.74827194213867,32.933290840133004,32.563253044144346,32.933290840133004,3536038
853,2011-03-23,32.78190231323242,33.08465875605595,32.6641624291685,32.748261694545995,5655111
854,2011-03-24,32.95009231567383,33.03419155928432,32.68097427985267,32.96691033932554,7807585
855,2011-03-25,33.01738739013672,33.10148667484715,32.815548194296035,33.034207703346624,8602591
856,2011-03-28,33.33696365356445,33.43788324978286,32.93328755002991,32.98374620746957,11509824
857,2011-03-29,33.57243347167969,33.75745230865148,33.21921610679508,33.33695598886946,8985339
858,2011-03-30,33.97611618041992,34.0938537964609,33.58925814712826,33.63971908086483,4832583
859,2011-03-31,34.27887725830078,34.59845408950308,33.740640914236494,33.97612074060159,15647437
860,2011-04-01,35.271236419677734,35.4898958584,34.09384681242027,34.09384681242027,22114974
861,2011-04-04,35.62446212768555,36.078599138285966,35.052587497501285,35.052587497501285,10060811
862,2011-04-05,35.38898849487305,35.742205955105455,35.03577103464064,35.48990809513076,7752278
863,2011-04-06,35.33852005004883,35.96085555170439,35.20396213250428,35.32170202135976,5371783
864,2011-04-07,35.30487823486328,35.89357305849463,35.119859405454314,35.33851657026772,5888794
865,2011-04-08,35.28806686401367,35.47308574028297,34.8507501422878,35.33852552056938,3282029
866,2011-04-11,35.06940460205078,35.304882101022244,34.850745131954014,35.00212336119719,2761151
867,2011-04-13,35.40580368041992,35.59082025919955,34.665728239946084,34.68254855110937,5725109
868,2011-04-15,35.33852005004883,35.55717951773207,35.20396213250428,35.33852005004883,2726721
869,2011-04-18,35.052589416503906,35.70856336001979,34.934849509135326,35.321707575247075,3846832
870,2011-04-19,34.8002815246582,35.23759812120856,34.64890331698187,35.23759812120856,2130742
871,2011-04-20,35.06940460205078,35.23760314150736,34.68254659249744,35.23760314150736,3816903
872,2011-04-21,35.18714141845703,35.321701615795234,34.91802330511928,35.06940381229209,3804886
873,2011-04-25,35.170318603515625,35.4562570063212,34.985302052529235,34.985302052529235,1583736
874,2011-04-26,35.08623123168945,35.37216973139384,34.6825550943074,35.3217110697233,4390914
875,2011-04-27,35.10305404663086,35.32171358590457,34.901217104231385,35.15351499323529,2846797
876,2011-04-28,35.00212478637695,35.15350530312258,34.86756686186838,35.03576540817349,5158203
877,2011-04-29,35.170318603515625,35.48989762359427,34.867562173412004,35.002120079827286,3615042
878,2011-05-02,35.792659759521484,35.92721996872593,34.98530762965022,34.98530762965022,5731198
879,2011-05-03,34.98530578613281,35.82629849432459,34.850745584018895,35.658099952686236,3804669
880,2011-05-04,35.08623123168945,35.18715083636978,34.49753619928335,34.86757398933146,4044546
881,2011-05-05,34.262046813964844,35.08621911852842,33.908829460198035,34.985301830028014,5204752
882,2011-05-06,34.68254470825195,34.867563547870155,34.278868691754965,34.3461476476147,2973311
883,2011-05-09,34.547996520996094,34.91803202305038,34.48071754619888,34.69937478462463,3424009
884,2011-05-10,34.43024826049805,34.884385222670325,34.312510653469474,34.49752721899132,1276536
885,2011-05-11,35.035762786865234,35.153502673005256,34.362968651981966,34.362968651981966,5173641
886,2011-05-12,34.11068344116211,35.035775718064826,34.04340445910981,35.035775718064826,2199955
887,2011-05-13,34.09385299682617,34.54798998310979,33.992933413058836,34.077032685975155,3389298
888,2011-05-16,34.24522399902344,34.379784176072945,34.077025488715286,34.17794505116784,2643860
889,2011-05-17,34.14431381225586,34.4807109027672,34.0938528798759,34.245231114338246,2042475
890,2011-05-18,34.09385299682617,34.61526894517509,34.00975372390986,34.245231231807786,3314783
891,2011-05-19,33.25286102294922,34.29569294333332,33.08466247329622,34.11067408244726,2532955
892,2011-05-20,33.97611618041992,34.17795307134968,33.08466249779562,33.185582083929916,1959647
893,2011-05-23,33.505165100097656,33.74064265728845,33.30332589031169,33.74064265728845,1694918
894,2011-05-24,33.23603820800781,34.1106715128518,33.10148029095735,33.62289621187055,9876185
895,2011-05-25,32.6473503112793,33.454704830277386,32.44551339253414,33.30332428954458,5753045
896,2011-05-26,32.14275360107422,32.93328778212742,31.957734720259733,32.79872755910822,4935316
897,2011-05-27,32.84918975830078,32.95010935910158,32.19321577510435,32.19321577510435,4500032
898,2011-05-30,33.30331802368164,33.38741729433736,32.68098478963254,32.96692094105876,8167114
899,2011-05-31,33.99292755126953,34.11066742558465,33.30331317600608,33.370594407808085,7467651
900,2011-06-01,33.85838317871094,34.06022239208653,33.58926498798991,33.824742549368565,1794961
901,2011-06-02,33.387413024902344,34.04338907720462,33.303313765000865,33.63971308594521,4461069
902,2011-06-03,33.97611618041992,34.27887265748397,33.38741897485967,33.38741897485967,5649415
903,2011-06-06,34.14431381225586,34.2284130848837,33.538798593067696,33.908834023826905,4910297
904,2011-06-07,34.12749099731445,34.2115902637714,33.925651845282346,34.0265714212984,6516069
905,2011-06-08,34.09385299682617,34.14431392937923,33.75745590516091,33.824734867226205,14162904
906,2011-06-09,34.14431381225586,34.26205142513157,33.94247464541355,33.976115267000196,6989160
907,2011-06-10,34.04338836669922,34.245225217447256,33.80791090015732,34.14430793274243,7661567
908,2011-06-13,34.497528076171875,34.64890858821652,33.82473391184446,33.97611442388911,2849421
909,2011-06-14,34.8843879699707,34.98530755632781,34.36297200824132,34.36297200824132,4458752
910,2011-06-15,34.24522399902344,34.934838347554546,34.09384579601376,34.901200014295895,2533103
911,2011-06-16,34.31251907348633,34.48071765166343,33.925660974875456,34.17795884214111,2472762
912,2011-06-17,34.547996520996094,34.648916123861525,34.16113842356848,34.177958737602594,2524363
913,2011-06-20,34.295692443847656,34.88438735905933,33.320139501265025,34.32933078448504,6194464
914,2011-06-21,34.09385299682617,34.463890710193475,33.77427621601193,34.245231231807786,5126564
915,2011-06-22,34.41342544555664,34.44706606302388,33.99292913390863,34.093848704971855,2408781
916,2011-06-23,34.39661407470703,34.581630662566376,34.2452335481473,34.329332826752065,3746535
917,2011-06-24,34.86756896972656,35.03576752619982,34.24523339823993,34.31251464590038,5675164
918,2011-06-27,36.44863510131836,36.78503219465871,34.39661191940666,34.39661191940666,29869389
919,2011-06-28,36.700931549072266,36.97004738861125,36.36453446830983,36.80184884823003,13872282
920,2011-06-29,37.03733444213867,37.17189238302447,36.633656056803154,36.76821627902802,13356359
921,2011-06-30,36.83549118041992,37.50828537320649,36.347715846917424,37.003689728616564,30432762
922,2011-07-01,37.0877799987793,37.25597850614178,36.80184162372778,37.00368074509806,23953730
923,2011-07-04,37.155067443847656,37.47464422466476,36.902769625096454,37.1214291034841,5307022
924,2011-07-05,36.86912536621094,37.12142314446131,36.3308891934081,37.003683268742435,10665833
925,2011-07-06,36.68412399291992,36.90278125890169,36.51592539406025,36.751402976195884,3270036
926,2011-07-07,36.98686599731445,37.1046058827001,36.482270399385015,36.835487774203344,5856910
927,2011-07-08,36.73456954956055,37.25598547620131,36.61683194118276,36.75138985971129,12625687
928,2011-07-11,36.33089065551758,36.60000875274945,35.7590138433979,36.51590948994815,2848918
929,2011-07-12,36.398170471191406,36.66728857479446,35.843113954759126,36.22997194160682,2954427
930,2011-07-13,37.07097244262695,37.441010198637095,36.39817818176419,36.43181880734294,3819442
931,2011-07-14,36.700931549072266,37.10460758971945,36.43181342819457,36.83548946884176,10479376
932,2011-07-15,37.0877799987793,37.74375372122531,36.44862658333719,36.44862658333719,8242815
933,2011-07-18,36.78502655029297,37.30644013989278,36.6841069815084,37.15506192738514,2085379
934,2011-07-19,36.9532356262207,37.12143419512525,36.53273920395934,36.56637754893679,2972184
935,2011-07-20,36.7177619934082,37.15507880253695,36.616844660127285,36.88596059066238,4177419
936,2011-07-21,36.33089065551758,36.83548623232541,36.04495224945774,36.667287706722796,3008285
937,2011-07-22,36.85231399536133,37.0541508981074,36.11224078928113,36.33089800425745,3369044
938,2011-07-25,36.49909210205078,36.83548918017701,36.09541606456704,36.80184855982891,7429567
939,2011-07-26,36.66728973388672,36.953228155754765,36.07859486173139,36.33089266408367,5770592
940,2011-07-27,36.044960021972656,36.71775426946033,35.826302804074764,36.54955570758841,7214188
941,2011-07-28,35.5067253112793,35.99450298775694,34.86757165990315,35.69174419394263,13905358
942,2011-07-29,35.35533905029297,36.21315201654205,34.43024712776404,34.985303650084546,9768024
943,2011-08-01,36.14586639404297,36.566362644914975,35.35533252986832,35.35533252986832,4672455
944,2011-08-02,36.31407165527344,36.431811539973445,35.91039563554834,36.12905281417568,3239197
945,2011-08-03,35.20396423339844,36.21315551922487,34.682548279453684,35.84311780188632,12800281
946,2011-08-04,35.153507232666016,35.96085938670983,34.91802742984257,35.523542686044884,6939466
947,2011-08-05,34.41342544555664,34.88438268340552,33.69017270205746,33.807912581854296,12075758
948,2011-08-08,34.46388626098633,34.934841215983,33.10147775935801,33.15193640405819,13716718
949,2011-08-09,34.27887725830078,34.884392575038326,33.30332416985165,33.30332416985165,7228990
950,2011-08-10,34.833919525146484,35.11985791128042,34.329323983501915,34.497522497383436,5126905
951,2011-08-11,34.6489143371582,35.06941075963152,34.41343451550186,34.430254828668616,6299073
952,2011-08-12,34.85074234008789,35.187139392052536,34.64890547771222,34.9012032666857,6421148
953,2011-08-16,34.85074234008789,35.288058963909634,34.68254381410557,35.00212055720428,4242848
954,2011-08-17,34.699371337890625,35.22078733311973,34.547993089298686,34.547993089298686,7430913
955,2011-08-18,34.53117370605469,34.934849806941095,34.19477657509283,34.81711217990788,5110388
956,2011-08-19,33.99292755126953,34.49752310175424,33.488332000784816,33.63971249100094,5245806
957,2011-08-22,34.71619415283203,34.85075209876049,33.555624454846814,33.9761208875472,3059716
958,2011-08-23,34.04338836669922,35.1198584147039,33.97610941644987,34.76664107422186,2837432
959,2011-08-24,34.3293342590332,34.56481407402235,33.740639284238405,34.44707416652778,6888368
960,2011-08-25,33.538795471191406,34.48070769321532,33.3033157046815,34.32932719150509,13758009
961,2011-08-26,32.78190231323242,33.639715276350536,32.49596389841352,33.53879570162984,9286925
962,2011-08-29,33.62289810180664,33.690177064113605,32.630524852758406,32.697806096404165,6345123
963,2011-08-30,33.706993103027344,34.00974953570699,33.38741408022956,33.97611119948619,3821904
964,2011-09-02,33.421058654785156,35.32170358247134,33.084661564717386,34.716188364081596,8166250
965,2011-09-05,32.68098449707031,33.47151626535397,32.52960626751291,33.35377865629319,7422597
966,2011-09-06,32.493553161621094,33.02176542479195,32.118692249416085,33.02176542479195,14848826
967,2011-09-07,32.9876823425293,33.311424557997675,32.578744685565326,32.61282378659326,11526455
968,2011-09-08,32.78322219848633,33.32847176263401,32.49355670644787,33.2603158559999,7049237
969,2011-09-09,32.749149322509766,33.0388148696779,32.52764200602253,32.749149322509766,6782680
970,2011-09-12,32.152774810791016,32.61283122421653,31.863109319215727,32.39132163916637,5271294
971,2011-09-13,32.23797607421875,32.493562502996994,32.11870148302548,32.323171550478165,4033213
972,2011-09-14,32.35725021362305,32.49356204930477,31.88015416658666,32.39132701700589,4248247
973,2011-09-15,32.715057373046875,32.8513714698574,31.99941703132032,32.44243380157447,8283475
974,2011-09-16,33.958919525146484,34.16338955868997,32.62986892926345,32.85137851744803,6853575
975,2011-09-19,33.37957763671875,34.16337604039006,33.24326356460371,33.53292894565851,3721222
976,2011-09-20,33.669246673583984,34.044107549491045,33.3114253485953,33.3114253485953,4399666
977,2011-09-21,33.82259750366211,33.97595114855879,33.44773894443783,33.49885528535387,2182138
978,2011-09-22,32.80025863647461,33.549980524265834,32.61283047560154,33.532940970256995,3792171
979,2011-09-23,32.73210525512695,33.12400578324655,32.272051127866874,32.54467476872844,3612112
980,2011-09-26,32.45947265625,32.868412655950834,32.22092586380747,32.732098552359076,1880644
981,2011-09-27,32.93657302856445,33.15808029927839,32.56171208158344,32.86841712304284,1273121
982,2011-09-28,33.17512512207031,33.260320595271175,32.68099183972035,32.98769461881339,4398260
983,2011-09-29,33.20919418334961,33.720366867822676,32.7661773945914,32.9876846334333,9460952
984,2011-09-30,33.54996871948242,33.771475910434376,33.0558333824645,33.0558333824645,6946805
985,2011-10-03,33.17512512207031,33.44775109852809,32.783226869776406,33.37959518218242,7517061
986,2011-10-04,32.663936614990234,33.41365595732572,32.57874118265497,32.98767879564942,2740436
987,2011-10-05,32.680992126464844,33.072890382197286,32.544677981502375,32.73210848640381,3503641
988,2011-10-07,33.14103698730469,33.68628879180163,32.88545063727321,33.02176474393469,4435678
989,2011-10-10,33.41366195678711,33.53293650790196,32.91952882273523,32.91952882273523,8326437
990,2011-10-11,33.635162353515625,33.754434561096296,33.22622246731391,33.567004165099476,5044978
991,2011-10-12,33.77149200439453,34.01003885704045,33.430710126021786,33.97596205584819,4905765
992,2011-10-13,33.85668182373047,34.04411228777069,33.49886044894,33.77148636835534,3531871
993,2011-10-14,33.70332717895508,34.09522531102633,33.58405262863371,33.65220852407117,5039179
994,2011-10-17,33.34551239013672,33.8055688191027,33.158081907555214,33.66925469037303,1605713
995,2011-10-18,33.44774627685547,33.63517675309327,33.055845769981005,33.055845769981005,2025955
996,2011-10-19,34.061153411865234,34.24858388454922,33.5499806560406,33.73740881764984,5145909
997,2011-10-20,33.737403869628906,34.044108864786324,33.6351711823175,33.77148297278231,2881549
998,2011-10-21,33.737403869628906,34.11226476001873,33.48181752920159,33.6522084228198,2127672
999,2011-10-24,34.333778381347656,34.50416929517917,34.11226880672189,34.16338746751615,3334756
1000,2011-10-25,35.4072380065918,35.69690346647604,34.28265758320088,34.350813482269366,7605862
1001,2011-10-28,35.782100677490234,36.80444614701,35.18573248693704,35.952491589076864,8504582
1002,2011-10-31,35.73097610473633,35.98656242982276,35.23684300511741,35.78209475639817,4561310
1003,2011-11-01,35.32204818725586,35.83322097839025,35.100540902194254,35.52651822813958,2155435
1004,2011-11-02,35.13460922241211,35.42427465857847,34.89606243966741,35.10053243120535,2429706
1005,2011-11-03,35.47538757324219,35.62873889654144,35.11756627816118,35.27091991253455,2676760
1006,2011-11-04,35.39021301269531,35.78211363793756,35.236861598937686,35.78211363793756,2070811
1007,2011-11-08,35.39021301269531,35.44133169133151,35.236861598937686,35.39021301269531,923114
1008,2011-11-09,35.287960052490234,35.66282092788816,35.23684371087884,35.44131369947304,3342820
1009,2011-11-11,35.93545150756836,36.037686515232735,35.100536515279366,35.270927424361794,7747315
1010,2011-11-14,35.90137481689453,36.4636662413443,35.628748881804476,36.05472618317182,8136060
1011,2011-11-15,35.30500030517578,36.00360341717272,35.18572806868688,35.458351644132584,2602442
1012,2011-11-16,35.50947952270508,35.90137774752378,34.99830671933722,34.99830671933722,5559879
1013,2011-11-17,35.15165710449219,35.90137673269088,35.0323825293146,35.27093167966977,4564324
1014,2011-11-18,34.40193176269531,35.270925821745884,33.5158981512958,35.10053492040556,6971425
1015,2011-11-21,33.75444030761719,34.418966580290274,33.532933090775614,33.90779163551321,5725408
1016,2011-11-22,33.362548828125,33.907798358877656,33.089922907211346,33.907798358877656,5742603
1017,2011-11-23,32.39131164550781,33.294384639334666,32.084609005233986,33.17511010640924,4916261
1018,2011-11-24,32.47650909423828,32.88544674365577,32.255001874867126,32.680979074484135,10127464
1019,2011-11-25,32.85138702392578,33.1240130355521,32.30613500067314,32.59580057135274,7728058
1020,2011-11-28,33.08992004394531,33.31142728554118,32.78321735387805,33.08992004394531,5436096
1021,2011-11-29,32.44243621826172,33.32846751369753,32.37427800924208,33.19215571780725,5379923
1022,2011-11-30,33.77149200439453,34.044117969307734,32.47652040436308,32.527639072764,13613461
1023,2011-12-01,34.07818603515625,34.75974957097343,33.90779284012768,34.07818603515625,4222484
1024,2011-12-02,35.23684310913086,35.44131309423327,34.04410692187339,34.09522326261186,5707744
1025,2011-12-05,34.981266021728516,35.25389197017327,34.70864007328375,34.82791464793924,2957969
1026,2011-12-07,35.15165710449219,35.628750783052745,34.70864022521459,34.776796134855395,5975381
1027,2011-12-08,33.87372589111328,35.236853358768954,33.737411757702745,35.083501980872676,5809203
1028,2011-12-09,33.58405685424805,33.65221275826103,33.08992366131054,33.24327502310843,4296964
1029,2011-12-12,32.91952896118164,33.87371844089011,32.612826272845616,33.737404337460646,8160604
1030,2011-12-13,33.77149200439453,34.044117969307734,32.578755430089906,32.851381395003116,3981949
1031,2011-12-14,32.834327697753906,33.90778922787875,32.71505316726269,33.72036112435545,5776327
1032,2011-12-15,33.85668182373047,34.19746364523099,32.340203180268084,32.35724273355803,12973287
1033,2011-12-16,33.43070602416992,34.52120743894632,32.91953326933023,33.82260421178379,12589918
1034,2011-12-19,33.78853225708008,34.02707911464365,32.80026340278089,32.91953798710021,4820722
1035,2011-12-20,33.2432746887207,33.89076154801785,32.97064876433637,33.89076154801785,6670657
1036,2011-12-21,33.362548828125,33.6862910981148,33.055843800444144,33.56701653550425,10259801
1037,2011-12-22,34.299705505371094,34.41898009115161,33.22624116657177,33.31143663896496,3456402
1038,2011-12-23,34.50416946411133,34.74271628242843,33.92483850538806,34.24858309211272,3249611
1039,2011-12-26,34.367862701416016,34.4530581769831,34.14635538937168,34.28266722584893,1273482
1040,2011-12-27,33.720375061035156,34.35082013842309,33.106967228409744,34.33378289366056,4187065
1041,2011-12-28,34.14634323120117,34.40192956689817,33.532935563313515,33.805561450271846,3375709
1042,2011-12-29,34.07818603515625,34.24857691911054,33.80556015861452,34.07818603515625,2924882
1043,2011-12-30,34.112274169921875,34.350821024575865,33.85668775899081,34.07819736844276,2087779
1044,2012-01-02,34.07818603515625,34.16338147713339,33.58405062282937,33.95891149195853,1861469
1045,2012-01-03,34.38489532470703,34.538246687588,34.0781925989451,34.197464854041534,3372939
1046,2012-01-04,34.58936309814453,34.86198669837923,33.85668081705872,34.35081398132732,3739279
1047,2012-01-05,34.52120590209961,34.844950481278445,34.2996986426269,34.572324561952676,5389056
1048,2012-01-06,33.99300003051758,34.52121006856129,33.686294967606,34.48713326895439,7340405
1049,2012-01-09,34.5552978515625,34.691609706350015,33.77149890884554,33.77149890884554,2368495
1050,2012-01-10,34.96422576904297,35.20277260251974,34.436013437796305,34.436013437796305,3215986
1051,2012-01-11,34.14634323120117,34.99829768352449,34.0441082347075,34.99829768352449,4377469
1052,2012-01-12,34.26561737060547,34.555282824909874,33.89075877741243,34.555282824909874,4082544
1053,2012-01-13,34.742713928222656,34.82790937978258,34.24858077138997,34.28265756536922,5766505
1054,2012-01-16,34.12932205200195,34.7427300500916,33.993010190682305,34.35082940441529,4899595
1055,2012-01-17,34.24858474731445,34.504171131665316,34.112270622349115,34.24858474731445,10428799
1056,2012-01-18,33.77149200439453,34.50417442954095,33.49886603948133,34.36786029154684,6295415
1057,2012-01-19,34.061153411865234,34.48713070838576,33.77148792580138,33.92483929033382,8276461
1058,2012-01-20,34.572322845458984,34.8279091988107,34.044110586317196,34.0781896911939,6881600
1059,2012-01-23,34.41897201538086,35.18573108701389,34.2996974575859,34.75975382499554,18551268
1060,2012-01-24,34.26561737060547,34.589361929324916,34.09522647067922,34.350812820568585,10219894
1061,2012-01-25,34.367862701416016,34.58937232453554,33.92484576625216,34.4530581769831,13171474
1062,2012-01-27,35.15165710449219,35.765064913409255,34.47009338593431,34.5893679611119,9816649
1063,2012-01-30,34.674560546875,35.270928751096214,34.50416963138323,34.75975600462089,4243234
1064,2012-01-31,35.47538757324219,35.71393433293815,34.623433209275085,34.759747294154295,10322025
1065,2012-02-01,35.08349609375,35.577629255643075,34.9812610886162,35.577629255643075,10757718
1066,2012-02-02,35.81617736816406,36.13991963701464,34.98126236605216,35.16869283046291,11556658
1067,2012-02-03,36.44662094116211,36.906677278539576,35.90136915694247,35.96952505220133,11926606
1068,2012-02-06,37.145225524902344,37.31561642527209,36.242152366298,36.70220872172611,9084488
1069,2012-02-07,36.71925735473633,37.57121206727545,36.41255458265227,37.315625653513706,6079363
1070,2012-02-08,36.70220947265625,37.74159444839249,36.173997208487876,37.00891448624169,11508450
1071,2012-02-09,37.07707595825195,37.656404656220374,36.77037089856876,37.503053281916216,11499785
1072,2012-02-10,36.58293533325195,37.23041980996421,36.12287899222127,36.59997257389615,8590813
1073,2012-02-13,37.64729690551758,37.93913728280449,36.5142727086284,36.5142727086284,15608851
1074,2012-02-14,37.56146240234375,37.85330278450984,37.33829198898873,37.59579738674928,5735198
1075,2012-02-15,38.00780487060547,38.831823525603824,37.52712906817664,37.59579670731977,15930040
1076,2012-02-16,38.00780487060547,38.539983148711855,37.50996157628413,37.87046959231922,3862429
1077,2012-02-17,38.351131439208984,38.96914462346306,38.11079362545075,38.45413402465568,8544515
1078,2012-02-21,37.956302642822266,38.45414590985489,37.85330002554008,38.29964314814501,6934289
1079,2012-02-22,37.75029373168945,38.694480029371014,37.6644586137184,37.88763131749909,5872252
1080,2012-02-23,38.677303314208984,39.1751487424289,37.63011698749381,37.63011698749381,18016976
1081,2012-02-24,39.24382781982422,39.5528380049045,38.72881938225556,38.814654509921475,10958004
1082,2012-02-27,38.29964065551758,39.48416485610417,38.145137903863095,39.48416485610417,11266052
1083,2012-02-28,38.385475158691406,38.934818525561,38.02496719167992,38.454142788496775,9416477
1084,2012-02-29,38.7974853515625,39.106490866511,38.454144855652274,38.539979979629834,7991077
1085,2012-03-01,38.62581253051758,39.00348798223037,38.282472057479254,38.40264215441331,2777389
1086,2012-03-02,38.539974212646484,38.79747954604698,38.213801256024475,38.574309188470444,3172662
1087,2012-03-05,37.87047576904297,38.57432442401927,37.47563270482342,38.41981930021356,3649302
1088,2012-03-06,38.12797927856445,38.38548470066601,37.63013592818689,37.8704738564629,4557989
1089,2012-03-07,37.286781311035156,37.870459582109845,36.668768065251115,37.76745698640811,15488701
1090,2012-03-09,37.8189582824707,38.024963480206054,37.458452679073446,37.458452679073446,3852720
1091,2012-03-12,38.05931091308594,38.40265146940535,37.71597035676653,38.110811065162984,5124092
1092,2012-03-13,38.230979919433594,38.50565049261005,37.767469252450915,38.230979919433594,9731037
1093,2012-03-14,38.66013717651367,38.93480761879199,38.29962931049089,38.539967111697415,4398722
1094,2012-03-15,37.88764572143555,38.90050003287054,37.68164042861632,38.557159430456814,4513645
1095,2012-03-16,37.01211929321289,38.45414906832565,36.82328153408964,37.939138268040594,3682825
1096,2012-03-19,37.0292854309082,37.23528834642968,36.18809929180799,37.149453216188995,3294232
1097,2012-03-20,36.891944885253906,37.3554554829835,36.56577188202003,37.029282479749625,3413743
1098,2012-03-21,37.338287353515625,37.561457739164496,36.63443888799941,36.87477676371973,3430274
1099,2012-03-22,36.47993469238281,37.3211183883705,36.15375937919689,37.08078052214925,3948023
1100,2012-03-23,36.977787017822266,37.149457297162094,36.29110590046295,36.60011147190377,3647743
1101,2012-03-26,36.376930236816406,36.90910841040764,36.136592382802256,36.73743818205089,4778733
1102,2012-03-27,36.30826187133789,36.78893756957189,35.98208658136505,36.73743743348484,5834802
1103,2012-03-28,36.46276092529297,36.703098750135894,36.13658799668998,36.47992841173022,4875221
1104,2012-03-29,36.3254280090332,36.56576819304707,36.05075750460565,36.46276558967349,12199593
1105,2012-03-30,37.13227844238281,37.54428884947958,36.32542744498253,36.32542744498253,8544753
1106,2012-04-02,37.286781311035156,37.544286636076315,36.96060603657529,37.11511109434105,8676278
1107,2012-04-03,37.80180358886719,37.93913887309596,37.252457795097996,37.475628214076515,3566758
1108,2012-04-04,38.05931091308594,38.21381369774424,37.509965091604016,37.78463800234498,3850338
1109,2012-04-09,37.66445541381836,38.05929831999605,37.26961483606706,37.80179298796006,4475284
1110,2012-04-10,37.9047966003418,38.21380442308802,37.45845584819713,37.66445873493468,4598397
1111,2012-04-11,38.351131439208984,38.45413402465568,37.44128031268638,37.44128031268638,4023851
1112,2012-04-12,38.368309020996094,39.072155161833635,38.14513863415883,38.33397404067034,5102969
1113,2012-04-13,38.45414352416992,38.90048661908385,37.95630028802337,38.45414352416992,6602489
1114,2012-04-16,38.40264892578125,38.71165447463067,38.196643674263626,38.43698158208284,4350870
1115,2012-04-17,39.00349044799805,39.10649073367985,38.1108042302929,38.16230437313381,9477019
1116,2012-04-18,39.08932876586914,39.5700045664185,38.86615602899292,39.037826290392964,4441325
1117,2012-04-19,39.36399459838867,39.48416469832121,38.90048634527746,38.969153975913194,2496045
1118,2012-04-20,39.08932876586914,39.604339550069284,38.900491012643705,39.209498880219954,2778756
1119,2012-04-23,38.024967193603516,39.312493984119214,37.83612946530922,38.95198601708949,3854809
1120,2012-04-24,37.7674674987793,38.28247829221209,37.5099621020629,38.1451430120008,3169871
1121,2012-04-25,37.235286712646484,37.92196772444223,36.97778133322308,37.698797326979346,3380361
1122,2012-04-26,37.1151237487793,38.042142769310246,36.82328334952551,37.54429943684243,4377198
1123,2012-04-27,37.16661071777344,37.76745646795468,36.99494050343594,37.14944323065443,1965594
1124,2012-04-30,38.19664001464844,38.47131288087989,37.115118368868906,37.115118368868906,3199398
1125,2012-05-02,37.6301155090332,38.40263135614915,37.458445320785216,38.04212349514319,3811572
1126,2012-05-03,37.30394744873047,37.59578775613817,37.13227722753214,37.42411753493985,1452253
1127,2012-05-04,36.65160369873047,37.28678448595396,36.42843100096948,37.11511425464237,5666533
1128,2012-05-07,36.3254280090332,36.737438422527546,35.43274421279064,36.531433215780375,4565509
1129,2012-05-08,36.30826187133789,36.78893756957189,36.06792169379444,36.32542703108261,2959419
1130,2012-05-09,35.79325866699219,36.479939709741046,35.62158840630497,36.06792922135019,2412310
1131,2012-05-10,35.19240188598633,36.170920672647696,35.020731678316665,35.75891263992574,3946438
1132,2012-05-11,34.79756546020508,35.36407864756067,34.402724840760854,35.192408408075934,3389145
1133,2012-05-14,34.763240814208984,34.952076258383535,34.402732762592436,34.677405674701575,2233766
1134,2012-05-15,35.32973861694336,35.484241344703904,34.368384947595274,34.711725377474856,3494080
1135,2012-05-16,35.896263122558594,36.15376854344519,34.6774059931038,35.1237468598988,4435353
1136,2012-05-17,35.96492385864258,36.6687722939424,35.6559160359022,36.050758976888254,4208594
1137,2012-05-18,36.08509826660156,36.445606295250315,35.209579433719476,35.65592259640711,4935351
1138,2012-05-21,35.69025802612305,36.35977161428367,35.44992011350475,36.01643107384981,1491370
1139,2012-05-22,35.60441589355469,35.8962538985113,35.398410678410464,35.827586269605426,2362045
1140,2012-05-23,35.57008361816406,36.0335942232514,35.1065753415035,35.67308623356423,3087547
1141,2012-05-24,36.170928955078125,36.32543171167367,35.17524245397195,35.84475595150381,2135683
1142,2012-05-25,35.741756439208984,36.05076430764173,35.62158865295204,35.879094045765854,1446600
1143,2012-05-28,36.531436920166016,36.85761225199518,35.53575041958459,35.53575041958459,890739
1144,2012-05-29,36.85761260986328,37.1666181258918,36.32543204523027,36.97778038679581,5201353
1145,2012-05-30,36.428428649902344,36.96060679830715,36.20525829497116,36.82327155349201,4048557
1146,2012-05-31,36.445594787597656,36.73743508255247,36.067919385706276,36.10225435985142,8033660
1147,2012-06-01,35.58724594116211,36.35976195184576,35.364075580557405,36.22242670353924,3787828
1148,2012-06-04,35.72459030151367,35.86192791327646,35.05507672050454,35.36408460065054,3267896
1149,2012-06-05,36.376930236816406,36.806105807708285,35.87908704026712,36.01642229158193,12393979
1150,2012-06-06,37.64729690551758,38.145142528939594,36.39410492207204,36.39410492207204,9494285
1151,2012-06-07,37.09794235229492,38.02496102540506,36.90910465463283,37.64728563008088,4231838
1152,2012-06-08,36.73744201660156,37.252452755427186,36.30826640091354,37.01211487632724,3997879
1153,2012-06-11,36.82327651977539,37.25245212823773,36.73744139808292,37.0807818848528,2205393
1154,2012-06-12,36.960601806640625,37.13227200368804,36.411256244718494,36.70309651106952,3376544
1155,2012-06-13,36.94343566894531,37.16660598781205,36.61726044047331,36.90910069907689,2496726
1156,2012-06-14,36.291099548339844,37.115118141997264,36.05076166501647,36.75461015279882,6671985
1157,2012-06-15,36.41126251220703,36.65160269218413,36.20525963734641,36.46276497724204,10286920
1158,2012-06-18,36.75460433959961,36.909107073840474,36.291093808450604,36.565766629560144,3027005
1159,2012-06-19,37.338287353515625,37.73312798302568,36.600103907856486,36.75460899007292,9746993
1160,2012-06-20,37.218116760253906,37.73312748504059,37.080781498348124,37.20095159883569,8882639
1161,2012-06-21,37.681617736816406,37.73311786479419,36.70309667782985,36.909101846593146,4083003
1162,2012-06-22,37.78463363647461,38.007804040924874,37.3382904991472,37.42412562830913,7332263
1163,2012-06-25,37.0292854309082,37.92196938835512,36.8232801869598,37.64729650589956,5097127
1164,2012-06-26,37.715965270996094,37.76746541612865,36.840446504754595,36.840446504754595,1992235
1165,2012-06-27,37.69878387451172,38.2481270908641,37.45844607183093,37.76745148550251,5727518
1166,2012-06-28,37.66445541381836,38.04213083217504,37.321114971103704,37.76745801231804,3083553
1167,2012-06-29,38.986328125,39.34683615794994,37.87047136918124,37.887638861879246,7486892
1168,2012-07-02,38.66013717651367,39.123647622603805,38.55713459644631,39.003477557787555,2634447
1169,2012-07-03,38.33397674560547,38.969157627464774,38.14514132576929,38.900489990394625,4091332
1170,2012-07-04,38.7974853515625,38.93482061855589,38.213806974200466,38.38547722215558,3061761
1171,2012-07-05,39.24382781982422,39.41549807515606,38.625816763371084,38.797487018702924,2830305
1172,2012-07-06,38.7974853515625,39.31249609542784,38.47131234613314,39.140825847472726,3797719
1173,2012-07-09,38.72882080078125,38.79748843974372,38.48848290019916,38.7459882926286,2397364
1174,2012-07-10,38.84898376464844,39.05498898439195,38.368308023149126,38.41980816387168,3199920
1175,2012-07-11,39.02064514160156,39.31248541521027,38.694472224785216,38.694472224785216,2903254
1176,2012-07-12,38.608646392822266,39.00348934769527,38.488478620107884,39.00348934769527,2728401
1177,2012-07-13,38.4713134765625,38.79748649157603,38.36831085907748,38.66015122054723,1672753
1178,2012-07-16,38.677303314208984,38.866140994386264,38.14512757247218,38.36829789459238,3148848
1179,2012-07-17,38.539974212646484,38.81464703395896,38.419804125689026,38.728811922825464,2407572
1180,2012-07-18,38.179473876953125,38.64298450067151,38.024971111855955,38.48848173557434,2516255
1181,2012-07-19,38.45414352416992,38.72881637707285,38.282473282158925,38.43697603428349,2171498
1182,2012-07-20,38.19664001464844,38.62581564050171,38.04213725502662,38.21380750536793,1581366
1183,2012-07-23,37.527122497558594,38.11080082071944,37.44128738155181,37.99063072693932,2728477
1184,2012-07-24,38.09363555908203,38.57431363388013,37.389787100988634,37.47562222201401,8366909
1185,2012-07-25,38.024967193603516,38.24813757258892,37.269618608852966,37.99063221448578,6131518
1186,2012-07-26,38.368309020996094,38.625814388159114,37.83613079650719,38.093636163670205,10181302
1187,2012-07-27,39.26100540161133,39.484175846294136,38.48848909988684,38.900497328454435,4785341
1188,2012-07-30,40.565677642822266,40.68584771715651,39.14081587905075,39.295320925602255,10354713
1189,2012-07-31,40.84036636352539,41.44121227842563,40.565691151172956,40.58286097142529,13034800
1190,2012-08-01,40.85753631591797,41.02920659743986,40.376860459027576,40.685866034396085,5116745
1191,2012-08-02,40.54852294921875,40.94336358948024,40.47985298706305,40.54852294921875,5172210
1192,2012-08-03,40.6171989440918,40.87470438466528,40.0678577296855,40.291028180144906,3992386
1193,2012-08-06,41.35537338256836,41.578543770699355,40.72019254184672,40.840362645256775,3989076
1194,2012-08-07,40.7030143737793,41.49270013644816,40.44550905794537,41.286694952410514,5499481
1195,2012-08-08,40.84036636352539,40.960531821022336,40.6171912982222,40.77169639622382,5783459
1196,2012-08-09,40.874691009521484,41.286701442361625,40.634355471075764,40.891860827387546,4304923
1197,2012-08-10,41.04636764526367,41.73305335932043,40.58286165713495,40.840367053586,4906011
1198,2012-08-13,41.166526794433594,41.28669687880026,40.5485158703375,40.85752133238555,2775124
1199,2012-08-14,41.21803283691406,41.50987318167963,40.73735708739904,40.73735708739904,3520379
1200,2012-08-16,41.23520278930664,42.059219027845614,40.771692199861775,41.200867809189724,3368688
1201,2012-08-17,40.394012451171875,41.5442038936398,39.91333675103909,41.32103353181239,4100386
1202,2012-08-21,41.04636764526367,41.286707878026235,40.01634605945947,40.18801632376017,2904667
1203,2012-08-22,40.84036636352539,41.063536771974704,40.58286097142529,40.703026428922236,1988035
1204,2012-08-23,40.325355529785156,40.94336660732462,40.10218046475614,40.94336660732462,4652302
1205,2012-08-24,40.20518493652344,40.634360584382584,39.89617940143561,40.17084995332394,5080546
1206,2012-08-27,40.6171989440918,40.75453890454813,40.08502289631517,40.102188062944826,1296282
1207,2012-08-28,41.71588134765625,42.230892113507466,40.58285952552505,40.685859815953805,4356311
1208,2012-08-29,40.874691009521484,42.19655276995926,40.61718565320971,41.88754727375578,6345767
1209,2012-08-30,41.80171203613281,42.23088762876553,40.582855215797196,40.84036057137682,9698034
1210,2012-08-31,41.01203536987305,41.78455152253277,40.78886031139947,41.78455152253277,6414695
1211,2012-09-03,41.73304748535156,41.887547907363725,41.218032108084444,41.235201926210216,3891463
1212,2012-09-04,42.55706024169922,42.81456558094036,41.54420404460957,41.54420404460957,8607402
1213,2012-09-05,42.577884674072266,43.18514855681001,42.42172922158689,42.68198517133164,5181748
1214,2012-09-06,42.02267074584961,42.56053115558578,41.398053646876086,42.56053115558578,2059057
1215,2012-09-07,42.3002815246582,42.629940990563156,42.16147927302343,42.50848725540886,1292419
1216,2012-09-10,42.317623138427734,42.68197953733704,41.98796376296069,42.10941746479569,2343064
1217,2012-09-11,41.97062301635742,42.30027774621924,41.710367052815506,42.07472351913556,1345773
1218,2012-09-12,42.12677764892578,42.30028164059403,41.69301766975515,42.161479388578826,2846913
1219,2012-09-13,42.040008544921875,42.54317179863646,41.814454388861755,41.88385783992413,2572173
1220,2012-09-14,41.640968322753906,42.62994203817537,41.25925859143019,42.334984304579905,13519349
1221,2012-09-17,40.808143615722656,42.022671391353924,40.582589398710404,41.91856618662772,12665195
1222,2012-09-18,40.825504302978516,41.57157064629025,40.599950018711866,40.84285752890534,8408810
1223,2012-09-20,40.513187408447266,41.016350816508734,40.252931447021645,40.252931447021645,6301939
1224,2012-09-21,41.72771072387695,41.98796665720762,40.68668699055425,40.68668699055425,8707245
1225,2012-09-24,40.981658935546875,42.161485303080084,40.773453175018034,41.71037674409898,7593484
1226,2012-09-25,40.738739013671875,41.38070461855438,40.11412662905962,41.22454916910321,11733607
1227,2012-09-26,40.59993362426758,40.92959301118388,40.35702621216126,40.59993362426758,9302273
1228,2012-09-27,40.513187408447266,41.06840106747455,40.27027996181141,40.634641131765186,12478679
1229,2012-09-28,41.814456939697266,41.88386039499351,40.77343334982574,40.77343334982574,8847242
1230,2012-10-01,41.65830993652344,41.98796935590225,41.22455001975991,41.65830993652344,5138030
1231,2012-10-03,40.825504302978516,41.98798217616542,40.70405054788178,41.64097413680203,12133968
1232,2012-10-04,40.94694900512695,41.29395696777046,40.4264370611617,41.05104951128132,7257841
1233,2012-10-05,41.01634979248047,41.32865599707476,40.94694632186111,41.20720227678909,11584935
1234,2012-10-08,41.189849853515625,41.450105783745315,40.61728304173354,40.9469424359962,6807880
1235,2012-10-09,41.71036911010742,41.81446961802014,40.89489944280182,41.3286594034328,5205666
1236,2012-10-10,41.450103759765625,41.8665104038427,40.94694043658563,41.57155275599911,7436554
1237,2012-10-11,41.346004486083984,41.84916788127483,41.15515200189237,41.64096217614081,5476615
1238,2012-10-12,41.62361145019531,41.77976219080172,39.905920357351725,41.293952042365966,2847441
1239,2012-10-15,41.24190139770508,41.97061896662806,41.10309917186168,41.50215733613499,7208908
1240,2012-10-16,41.1551513671875,41.53686103628032,41.033697648849376,41.3286553343573,4006297
1241,2012-10-17,41.55421447753906,41.64096647141035,41.12045450818264,41.432760744799886,2639928
1242,2012-10-18,41.84917068481445,41.95327119105711,41.43275924665037,41.640964965732415,2525746
1243,2012-10-19,41.4327507019043,41.81446032373463,41.293948486673926,41.64095637804773,3153069
1244,2012-10-22,41.1551513671875,41.36335706911052,40.92959715118604,41.10310111835583,4657141
1245,2012-10-23,40.756099700927734,41.17250646476101,40.70404473717613,40.99900246984787,3935245
1246,2012-10-25,40.495845794677734,40.94695432205163,40.28764004873696,40.87755083787227,12050023
1247,2012-10-29,39.888572692871094,40.096773684777425,39.61096352600223,39.61096352600223,2123473
1248,2012-10-30,39.28130340576172,40.02737180622055,39.14250118643344,39.94061983081589,2570824
1249,2012-10-31,39.55891799926758,39.73242198429422,39.229260898376644,39.43746426842957,1852024
1250,2012-11-01,40.58259201049805,40.73874276774227,40.01002511414591,40.01002511414591,4524439
1251,2012-11-02,40.94694900512695,41.05104951128132,40.634642780067146,40.8081467613889,4726469
1252,2012-11-05,40.61728286743164,40.94694226027962,40.53053089106069,40.912240528412056,3632141
1253,2012-11-06,41.51950454711914,41.60625652387478,40.42643058131734,40.84284195238277,4718509
1254,2012-11-07,41.640968322753906,41.849174058621124,41.29396033184091,41.46746432729741,4694784
1255,2012-11-08,41.24190139770508,41.39805213680536,41.01634719238504,41.276603130814955,3005197
1256,2012-11-09,41.48481369018555,41.95327542879065,41.085755433817205,41.18986065717233,5518512
1257,2012-11-12,41.640968322753906,41.901224315938656,41.51951458461494,41.51951458461494,5986709
1258,2012-11-15,41.60624313354492,41.745045310363395,41.17248338936566,41.32863877990797,11277862
1259,2012-11-16,41.32865524291992,41.62361292777527,41.05104607210465,41.57155797246243,7952790
1260,2012-11-19,41.65830993652344,41.779763654536495,41.189852991695886,41.32865522374095,4682624
1261,2012-11-20,42.369686126708984,42.4911398650822,41.67567014354444,41.69301866048471,5826060
1262,2012-11-21,41.6756706237793,42.49114035471383,41.415414627093625,42.36968661494109,8050611
1263,2012-11-22,41.32865524291992,41.86651565731778,41.189853010810445,41.72771342520829,3266009
1264,2012-11-23,41.55421447753906,41.987974446895485,41.241908240921816,41.46746248366778,2809752
1265,2012-11-26,41.779762268066406,41.84916573508393,41.31130063218853,41.64096004062752,2935121
1266,2012-11-27,41.13779830932617,41.97062112031437,41.033697811250825,41.814465666604995,7105541
1267,2012-11-29,40.9122428894043,41.311301062420604,40.56523496389513,41.12044858602904,15583782
1268,2012-11-30,40.9122428894043,41.2419023012765,40.70403719277955,41.01634809101478,9986088
1269,2012-12-03,41.27660369873047,41.32865394581337,40.79078884170019,40.998994536628,5791740
1270,2012-12-04,41.7971076965332,41.987960135359494,41.18984394641919,41.27659591072119,8486828
1271,2012-12-05,41.69300079345703,42.074710361939964,41.29394271546832,41.901206440501824,7991825
1272,2012-12-06,41.65830993652344,41.849167123857185,41.17249977106755,41.81446538919684,3888336
1273,2012-12-07,41.189849853515625,41.797113690718234,40.981644168012686,41.745058739395525,3172271
1274,2012-12-10,41.13779830932617,41.34600401207322,40.94694582732258,41.22455029325442,2674532
1275,2012-12-11,40.77344512939453,41.36336055005486,40.704041654047415,41.293957074707734,5034484
1276,2012-12-12,40.68668746948242,41.0683971175131,40.53053202500748,40.92959489275542,6283865
1277,2012-12-13,41.03369903564453,41.20720300867815,40.80814481202012,40.912245313201694,7727857
1278,2012-12-14,40.339683532714844,41.01635091671318,40.16617955800722,41.01635091671318,6097530
1279,2012-12-17,40.3743782043457,40.66933585105685,40.062072045838015,40.35702498595345,3910978
1280,2012-12-18,40.6346435546875,40.912248047455606,40.287635585428966,40.59994181644228,4553554
1281,2012-12-19,40.32233428955078,40.84284620427177,39.99267486092224,40.79079124752251,6136261
1282,2012-12-20,40.18352508544922,40.5652347427476,40.07942459100247,40.5652347427476,2121800
1283,2012-12-21,39.801822662353516,40.1661791226517,39.73241919058411,40.11412887212288,3053451
1284,2012-12-24,39.69771957397461,40.23558474241041,39.50686707631474,39.83652181832694,2156093
1285,2012-12-26,40.01001739501953,40.32232826244721,39.767114695081695,39.83651344938004,2963625
1286,2012-12-27,39.36806106567383,40.252931813230866,39.246609694549235,40.02737758592928,7464142
1287,2012-12-28,39.385414123535156,40.044728327146615,38.96900502897537,39.6977203561304,6441596
1288,2012-12-31,39.819175720214844,39.905927716526435,39.350713998812836,39.38541573865688,1528669
1289,2013-01-01,39.50686264038086,40.11412650950928,39.45481003961956,39.95797106052349,6397127
1290,2013-01-02,39.24660110473633,39.83651166959761,39.177197646942986,39.59360898051198,10823940
1291,2013-01-03,39.610958099365234,39.81916376934398,39.26395021826586,39.489504399661335,7768126
1292,2013-01-04,39.888572692871094,39.95797145464112,39.40276018079778,39.73241724234509,7374977
1293,2013-01-07,39.69771957397461,39.95797554710901,39.40276421640131,39.905925293801474,5751436
1294,2013-01-08,40.409080505371094,40.51318099081232,39.55890928341654,39.576257795458154,7147399
1295,2013-01-09,40.096771240234375,40.58258607598759,39.940620505824526,40.51318261185257,8208348
1296,2013-01-10,39.524208068847656,40.49583300756838,39.385405850914935,40.14882510943866,5482985
1297,2013-01-11,39.26395034790039,39.62831144821507,39.15984986586512,39.593609718671445,7053838
1298,2013-01-14,38.88224411010742,39.663009512356865,38.77814127204154,39.24660286668908,10369465
1299,2013-01-15,38.535240173339844,39.246606894278166,38.46583905860642,39.03840119677979,7333310
1300,2013-01-16,38.88224411010742,39.003695460102726,38.309679677394,38.51788535352577,12729863
1301,2013-01-17,39.0904541015625,39.22925869376228,38.60464391210893,38.89960161139749,8720890
1302,2013-01-18,39.888572692871094,40.06207665719054,38.86489742074787,39.10780250013547,11437257
1303,2013-01-21,39.524208068847656,39.94061942924166,39.28130301081644,39.680363505644365,5767870
1304,2013-01-22,39.385414123535156,39.99267807281355,39.14250901448348,39.59361984746426,5102821
1305,2013-01-23,38.91694259643555,39.767113793431186,38.70873927836754,39.558908122065354,4125262
1306,2013-01-24,38.50053787231445,39.055751488601246,38.41378589185077,38.93429777463286,7597320
1307,2013-01-25,38.517887115478516,38.743441313857396,38.27498205107865,38.27498205107865,5876853
1308,2013-01-28,38.830204010009766,38.951657752386836,38.08413774483244,38.552599490231266,4530765
1309,2013-01-29,38.899600982666016,39.350709428453825,38.58729242023802,38.7434455248029,8933771
1310,2013-01-30,38.69139862060547,39.14250945870583,38.46584437820451,38.86490260808265,6691139
1311,2013-01-31,38.24028396606445,38.8475478616287,38.03208061384992,38.587291906386874,10621030
1312,2013-02-01,38.32703399658203,38.587289938551585,38.13617916847808,38.222931149134595,6533829
1313,2013-02-04,38.58729934692383,38.760803350540684,38.34439421251996,38.36174508354138,4150438
1314,2013-02-05,38.03207778930664,38.50053706197174,37.8932732115074,38.43113594972114,2184943
1315,2013-02-06,37.94533157348633,38.396440048274826,37.82387784362888,38.18823667990284,2852740
1316,2013-02-07,38.72608947753906,38.986345385623935,37.99737199358231,37.99737199358231,5059086
1317,2013-02-08,38.60464859008789,39.1425114492796,38.379094336216475,38.864904584538856,5162866
1318,2013-02-11,39.05575942993164,39.12516055775452,38.29234231728286,38.69140056723833,3760946
1319,2013-02-12,39.15986633300781,40.02738640342193,38.65670280952859,38.760805688638044,9796530
1320,2013-02-13,38.136192321777344,39.9059342788794,37.92798890837051,39.9059342788794,7821046
1321,2013-02-14,36.67875671386719,38.309693939756734,36.03679093454424,38.17089167285927,14843823
1322,2013-02-15,37.228450775146484,37.43987686404335,36.47084500437796,36.85845631442567,8479053
1323,2013-02-18,38.144622802734375,38.54985330395056,37.08749726248646,37.08749726248646,8321446
1324,2013-02-19,38.197486877441406,38.28558069265019,37.77463704237877,38.14463154419521,8484570
1325,2013-02-20,38.10939407348633,38.637956978764755,37.84511262084712,38.23272637393039,7964693
1326,2013-02-21,37.651309967041016,38.3912966366381,37.47511993367273,37.98606601207526,6464828
1327,2013-02-22,38.42652893066406,38.58509730648221,37.70415923005088,37.91558532427339,14054231
1328,2013-02-25,39.48365783691406,39.55413241082671,38.49700663304401,38.58510044785923,15983553
1329,2013-02-26,39.096046447753906,39.430802486250194,38.83176498740982,39.430802486250194,17614848
1330,2013-02-27,38.3736686706543,39.4131774437514,38.267958020242055,39.2898451653407,9561570
1331,2013-02-28,36.752750396728516,38.761291461634116,35.95990599417037,38.62034230150293,11505348
1332,2013-03-01,38.038917541503906,38.408912034113975,36.7527464376401,37.24607322435273,9664596
1333,2013-03-04,38.215091705322266,38.585086067592634,37.45748374644546,38.056523375691185,5835406
1334,2013-03-05,38.26795196533203,38.408901070045026,37.527963191346466,38.25033272981867,4342564
1335,2013-03-06,37.93320846557617,38.40891606162807,37.827497790629415,38.26796690190048,2348098
1336,2013-03-07,38.12701416015625,38.33844028283373,37.757019640319555,37.757019640319555,3784471
1337,2013-03-08,38.76128005981445,38.814135381891525,38.074148924326614,38.37366639892532,5865486
1338,2013-03-11,38.90223693847656,39.02556923418758,38.4089125350278,38.74366855091787,3872022
1339,2013-03-12,38.497005462646484,38.97271300406516,38.09177488269546,38.97271300406516,5729772
1340,2013-03-13,38.69081497192383,38.84938336666949,38.33843969929001,38.4441527590197,4784709
1341,2013-03-14,38.6379508972168,38.76128317824857,38.320814159845625,38.620334048238576,4923712
1342,2013-03-15,38.40890884399414,38.77890330587367,38.21510199351464,38.54985797723519,4917271
1343,2013-03-18,38.3208122253418,38.40890602457525,38.23271842610834,38.373667549002974,3593844
1344,2013-03-19,37.73939514160156,38.54985620502529,37.017023100433384,38.39128783999445,5195989
1345,2013-03-20,36.770362854003906,37.668920155700306,36.576556002312934,37.54558787107038,5025753
1346,2013-03-21,35.80133819580078,37.105126312960245,35.537056723821244,36.64704033995405,4921271
1347,2013-03-22,36.10085678100586,36.36513824293964,35.53705537300134,35.8189560770036,8653798
1348,2013-03-25,36.61178970336914,36.84083261385505,36.29465299812755,36.43560211385778,4166875
1349,2013-03-26,36.99940490722656,37.10511555360718,36.4708421165346,36.4708421165346,3767435
1350,2013-03-28,37.28131103515625,37.49273715202659,36.68227355695392,36.981793490903954,4534130
1351,2013-04-01,37.175601959228516,37.510358000534595,36.911320496666164,37.087508138374396,1691135
1352,2013-04-02,37.52797317504883,37.93320375117634,37.03464639791797,37.33416631223661,4652635
1353,2013-04-03,37.42225646972656,37.56320559817485,37.19321114887643,37.298924190061314,2361750
1354,2013-04-04,36.823219299316406,37.51035048639156,36.57655473857892,37.263688315351416,3713922
1355,2013-04-05,36.87607192993164,36.9994042012855,36.558935217446255,36.558935217446255,8205260
1356,2013-04-08,36.699893951416016,37.35178917416727,36.47085097569142,36.99941389477693,3096875
1357,2013-04-09,36.400367736816406,37.42225730481079,36.22418012747573,36.84083676016811,2293912
1358,2013-04-10,36.85845947265625,36.92893404509471,36.25942202238293,36.48846498023232,1905585
1359,2013-04-11,36.48845672607422,36.92892569129686,36.3475076130818,36.92892569129686,3329986
1360,2013-04-12,37.175601959228516,37.29893187460558,36.31228060309991,36.31228060309991,1819318
1361,2013-04-15,36.664649963378906,36.999408340302935,36.523700828661646,36.999408340302935,2619515
1362,2013-04-16,37.668914794921875,38.021289969776994,36.64702774372086,36.66464459070594,2546545
1363,2013-04-17,37.668914794921875,38.109383763490776,37.43987188714488,37.668914794921875,3775629
1364,2013-04-18,37.70415115356445,38.021287837267906,37.08749463215456,37.404631315858005,5080676
1365,2013-04-22,38.549861907958984,38.972714130192955,37.43988079883897,37.43988079883897,5577118
1366,2013-04-23,38.65557098388672,38.761284028561946,38.303195761434246,38.408908806109466,2951714
1367,2013-04-25,38.70842742919922,39.57174621790154,38.05653233320301,38.444146021043565,7103973
1368,2013-04-26,38.86700439453125,39.007953554183565,38.58510368552876,38.84938515215025,3417359
1369,2013-04-29,38.91985321044922,39.25460920080415,38.602716459522966,38.602716459522966,5263605
1370,2013-04-30,39.53650665283203,39.87126261601007,38.58509408759544,38.8317562504794,5652599
1371,2013-05-02,40.4879264831543,40.69935259767694,39.201757723951694,39.21937696511153,7787838
1372,2013-05-03,39.466041564941406,40.593644391161114,39.34270925904305,40.13555365202374,3489204
1373,2013-05-06,39.50127029418945,39.800787779305914,39.0431820578791,39.30746345693923,1570856
1374,2013-05-07,39.71269989013672,40.08269438182735,38.902236334456674,39.43079921124397,4295563
1375,2013-05-08,40.43506622314453,40.576015355855915,39.69507730216627,39.69507730216627,4623152
1376,2013-05-09,39.99459457397461,40.59363432296427,39.74793241305389,40.52315737153213,3439496
1377,2013-05-10,39.58936309814453,40.36458564825288,39.46603082580622,39.765550693086574,3388720
1378,2013-05-13,39.53650665283203,39.81840729171253,39.25460601395152,39.3250829659446,3486486
1379,2013-05-14,40.29412841796875,40.576026762639124,39.57175853293023,39.57175853293023,5187764
1380,2013-05-15,40.08270263671875,40.73459794155767,39.81842114389726,40.382222617795684,7598979
1381,2013-05-16,40.13555145263672,40.61125901823599,39.88888924405469,39.906508485317204,7843384
1382,2013-05-17,40.893157958984375,41.192677896036756,40.08269674521488,40.17079056320703,4225774
1383,2013-05-20,40.276485443115234,40.91076355163465,40.17077481472548,40.87552508237352,6051683
1384,2013-05-21,39.71269989013672,40.487924964818575,39.413182360442484,40.206026675623434,3901355
1385,2013-05-22,39.69508743286133,39.8536582347527,39.43080594930642,39.81841974773283,4300192
1386,2013-05-23,38.620338439941406,39.765558018017444,38.40891233118678,39.518893427904494,5416658
1387,2013-05-24,38.40890884399414,39.0431847229737,38.09177209935307,39.0431847229737,4295474
1388,2013-05-27,39.51889419555664,39.7127010673968,38.40891307727761,38.47938765166557,1976291
1389,2013-05-28,39.64223098754883,40.06508087151598,39.43080485071628,39.589375648189666,3947350
1390,2013-05-29,39.99459457397461,40.15316532499967,39.53650633815197,39.80078773693074,4123634
1391,2013-05-30,40.311737060546875,40.52316316567924,39.518892750846874,39.888887239979724,4814631
1392,2013-05-31,39.924129486083984,40.52316698752571,39.695084118972446,40.505550135184514,8210037
1393,2013-06-03,39.254608154296875,39.9593585950758,38.99032673900478,39.94174174581425,2337051
1394,2013-06-04,39.888885498046875,40.11793083355422,39.18413503131196,39.18413503131196,6339450
1395,2013-06-05,39.624595642089844,39.783163985427095,39.44840806289358,39.6598341138079,2941759
1396,2013-06-06,39.48365783691406,39.67746470744709,39.36032554029368,39.36032554029368,3741327
1397,2013-06-07,38.990325927734375,39.71269559244193,38.91985136306232,39.131277446775826,3373193
1398,2013-06-10,38.76128005981445,39.2898428393739,38.69080550047929,39.11365524618741,4178032
1399,2013-06-11,38.003684997558594,39.41318613739682,37.80987811289127,38.532247924997925,4988953
1400,2013-06-12,38.056541442871094,38.54986590030407,37.77464072875314,38.056541442871094,1985386
1401,2013-06-13,37.263702392578125,38.197496103455606,37.12275082038079,37.79226541149706,3320850
1402,2013-06-14,38.444149017333984,38.58509815679013,37.351784822607485,37.439878632191956,5440747
1403,2013-06-17,38.12701416015625,38.56748325765284,37.70416430449909,38.42653410233305,1761508
1404,2013-06-18,38.197486877441406,38.65557519446663,37.82749476532265,38.05653772898642,2599492
1405,2013-06-19,37.8803596496582,38.127021916496275,37.65131662824391,38.03892807907566,3158484
1406,2013-06-20,37.29892349243164,37.80986945031908,37.19321045322398,37.77463097401743,3936637
1407,2013-06-21,37.77463150024414,37.93319986641593,36.99940651808409,37.22844944814366,8100913
1408,2013-06-24,37.316551208496094,38.23272790351138,37.017031260976296,37.56321342955472,7726193
1409,2013-06-25,36.329898834228516,37.70416383512864,35.9599043189978,37.422263138300586,5865050
1410,2013-06-26,37.351783752441406,37.49273288785922,36.10085121424283,36.224181110309054,9917951
1411,2013-06-27,37.545597076416016,38.05654318970052,37.29893483637751,37.52798022260457,10124040
1412,2013-06-28,39.21937561035156,39.501276290078124,37.70416154780671,37.70416154780671,13955319
1413,2013-07-01,39.78317642211914,39.92412796335747,38.937476733480096,38.937476733480096,4880398
1414,2013-07-02,39.23699951171875,39.74794321021132,38.9727180411504,39.501280982287106,4836103
1415,2013-07-03,38.1622428894043,39.02556162189013,37.98605529543996,39.02556162189013,3203552
1416,2013-07-04,37.93320846557617,38.58510370613649,37.43988401683173,38.232728417119645,5239017
1417,2013-07-05,37.915584564208984,38.3736704430124,37.633683907462505,38.05653369773351,2878063
1418,2013-07-08,37.10512161254883,37.880349077242684,36.92893398688161,37.880349077242684,5074736
1419,2013-07-09,38.70842742919922,38.76128275495141,37.298924196005075,37.457492562959,5626482
1420,2013-07-10,38.10939407348633,39.14890303229209,38.00368340418884,38.9198576728528,6811029
1421,2013-07-11,38.88462448120117,39.254616630746476,38.461772213667246,38.74367292879056,5779104
1422,2013-07-12,38.86700439453125,39.025572796564575,38.074159994666786,39.007953554183565,3580274
1423,2013-07-15,38.77891159057617,39.096048402970155,38.426536292494895,38.74367310488887,2918182
1424,2013-07-16,38.83175277709961,39.07841491792041,38.16224091062928,38.16224091062928,2477162
1425,2013-07-17,39.07842254638672,39.53651083430385,38.69081121791648,38.79652426738928,9890923
1426,2013-07-18,39.11366271972656,39.36032491937853,38.849381279449965,38.95509433350013,5820812
1427,2013-07-19,39.23699951171875,39.39556791612018,38.9727180411504,39.39556791612018,4552788
1428,2013-07-22,39.16652297973633,39.3955683572792,38.86700541022355,39.00795457355922,2515956
1429,2013-07-23,38.81415557861328,39.55414481092449,38.47939945530999,39.55414481092449,5415186
1430,2013-07-24,38.76128005981445,38.99032297507801,38.32081107684825,38.444143347957656,2594203
1431,2013-07-25,38.81415557861328,39.37795712605977,37.45750944927553,38.97272640675027,4206471
1432,2013-07-26,38.179866790771484,39.025566389231635,38.07415374353959,38.937472581487974,5399927
1433,2013-07-29,38.09177017211914,38.63794982806758,37.827488768390296,38.479381463769734,2056881
1434,2013-07-30,37.193214416503906,38.12701024102921,36.876077654784396,38.091774150670126,1322467
1435,2013-07-31,35.625144958496094,36.99940983099657,34.62087456665719,36.682270680559135,6050144
1436,2013-08-01,36.24180221557617,36.629415942477706,34.885156561118364,35.519432482549256,4448345
1437,2013-08-02,32.18948745727539,35.36086473139396,30.49808576647263,34.88515718439713,31014744
1438,2013-08-05,32.87661361694336,33.40517641388728,30.903311552473806,32.40090614381493,15799229
1439,2013-08-06,32.96471405029297,33.651845346659755,32.577102688349065,32.77090717447215,14382559
1440,2013-08-07,32.87661361694336,33.458034127400026,32.612332218471394,33.12327577757774,5717703
1441,2013-08-08,33.828025817871094,34.18040101212922,32.9470878322258,33.05280086844268,6778874
1442,2013-08-12,33.51089859008789,34.321362244365694,33.33471094305784,34.004223045892864,9452703
1443,2013-08-13,33.880882263183594,34.004212142741245,33.123274190056016,33.45803252383411,2256717
1444,2013-08-14,34.21565628051758,34.58565089402183,33.669473983411145,33.82804242071343,9066232
1445,2013-08-16,34.53278732299805,34.90278187401519,33.6518490537658,34.21565050195363,16654810
1446,2013-08-19,34.004215240478516,34.42706740804638,33.387558617422286,34.21564132426245,5042098
1447,2013-08-20,33.986602783203125,34.180407263734196,33.42280141339183,34.00421963438037,5439143
1448,2013-08-21,34.3918342590332,34.83230334374198,34.05707823259409,34.16279129086374,17512680
1449,2013-08-22,34.568016052246094,34.79705898171608,33.84564639743696,34.180402367315146,11299648
1450,2013-08-23,34.462303161621094,34.60325467934375,34.03945338784781,34.462303161621094,19297499
1451,2013-08-26,34.515167236328125,34.69135487367104,34.25088578031376,34.42707341765667,24410353
1452,2013-08-27,33.722320556640625,36.38275417608707,33.405181397344414,34.53278172110319,13466053
1453,2013-08-28,33.07041931152344,34.10992563166958,32.47138197361695,33.475649819305055,11398478
1454,2013-08-29,34.28611373901367,34.70896349036898,33.03518133274393,33.03518133274393,15533827
1455,2013-08-30,34.409454345703125,34.656116561260276,33.0528085755921,34.14517288838522,8242572
1456,2013-09-02,34.88515090942383,35.06133850407197,34.25087748044827,34.427065075096415,15403306
1457,2013-09-03,33.704689025878906,35.23752176262453,33.17612634282134,35.06133181190861,4877060
1458,2013-09-04,33.95135498046875,34.14516179748988,33.17613010208124,33.33469844702689,4850453
1459,2013-09-05,34.30439758300781,35.81992409727039,33.87648227962601,34.78579867184577,9746210
1460,2013-09-06,35.28502655029297,35.802087968329,33.91213708535635,34.215243305400215,7041237
1461,2013-09-10,36.461788177490234,36.92535897688108,35.39200252678115,35.39200252678115,8723482
1462,2013-09-11,35.302852630615234,36.69357223276484,34.96408843642987,36.336977835030666,5150080
1463,2013-09-12,35.302852630615234,35.891234837862946,35.0354068323146,35.48114982948232,5409563
1464,2013-09-13,35.5703010559082,35.730768052167896,35.106727852472,35.12455563781487,6331674
1465,2013-09-16,36.56875991821289,37.06799348086624,35.37417024485265,35.57029762952681,14084730
1466,2013-09-17,36.212181091308594,36.56877560979911,35.142397535837034,36.39047835055385,5923058
1467,2013-09-18,35.80208969116211,36.19434453382275,35.267198042976204,35.83775010169881,4635243
1468,2013-09-19,35.80208969116211,37.13931881162688,35.39200464323312,36.657915360935256,10203659
1469,2013-09-20,36.23000717163086,36.5687714419244,35.837754696984526,35.92690331644657,15290056
1470,2013-09-23,35.39200210571289,35.98038432751827,35.24936531041433,35.695108318610565,3730187
1471,2013-09-24,35.35634231567383,35.605957903890996,34.96408752111079,35.142384715310264,8304198
1472,2013-09-25,35.837745666503906,35.96255225131505,35.0175780904587,35.302851666204454,5150528
1473,2013-09-26,35.40983200073242,35.74859861865411,35.142386198148294,35.65945001779273,6791644
1474,2013-09-27,35.28502655029297,35.802087968329,35.142387333320876,35.409833144544066,4575709
1475,2013-09-30,34.964088439941406,35.28502484892072,34.50051523917831,35.01757905059323,5763141
1476,2013-10-01,35.302852630615234,35.374173444810495,34.910600244093956,35.0354068323146,4024187
1477,2013-10-03,35.6237907409668,35.74859975345889,35.16021751810984,35.65945114976758,11166670
1478,2013-10-04,34.92844009399414,35.481159628480846,34.83929146994,35.481159628480846,16408671
1479,2013-10-07,34.964088439941406,35.01757905059323,34.42919684328642,34.78579124105641,3643908
1480,2013-10-08,35.03541946411133,35.23154693723974,34.83929440929432,35.16022851564161,7001377
1481,2013-10-09,35.320682525634766,35.445491531075724,34.76796073031276,34.76796073031276,5815351
1482,2013-10-10,35.39200210571289,35.4989809113421,35.035407699155904,35.32068370806361,4045318
1483,2013-10-11,35.28502655029297,35.62379076084687,35.178047742141565,35.498981748285125,2594571
1484,2013-10-14,35.49897766113281,35.62378665932475,35.05323469374783,35.30285027182135,3588795
1485,2013-10-15,35.28502655029297,35.71293936458794,35.03540852516947,35.534642157105814,6566169
1486,2013-10-17,34.803627014160156,35.58813433113513,34.60749958033868,35.21370966989612,7117518
1487,2013-10-18,35.48115539550781,35.659455040655786,34.6074994676684,35.12456094183369,15690831
1488,2013-10-21,35.48115539550781,35.641624834309894,35.32068837501664,35.48115539550781,2023039
1489,2013-10-22,36.35481262207031,36.94319248518842,35.40983589794898,35.40983589794898,9232804
1490,2013-10-23,35.8734130859375,36.836217702990346,35.766434257751385,36.693580877616256,3579487
1491,2013-10-24,35.302852630615234,36.21216882849949,35.01757904707632,36.01604384439412,7207079
1492,2013-10-25,35.73077392578125,35.92690136158825,35.05324300374898,35.51681628338981,5281406
1493,2013-10-28,35.213706970214844,35.98038644031883,35.05323996150355,35.76642881649662,5287076
1494,2013-10-29,35.80208969116211,35.998217112492426,34.9462616030782,35.16021922967687,7086272
1495,2013-10-30,35.71293640136719,35.92689399991722,35.6594482108849,35.8912335940554,3289474
1496,2013-10-31,36.12302017211914,36.55093538337398,35.2493643827098,35.99821358409525,8249061
1497,2013-11-01,34.910606384277344,36.33698422608972,34.80362756247922,36.12302658249348,9616570
1498,2013-11-05,33.929962158203125,34.964084837874594,33.71600457425923,34.85710604590265,17767298
1499,2013-11-06,34.32221984863281,34.50051705691178,33.98345563656491,33.98345563656491,9564186
1500,2013-11-07,33.89430618286133,34.32221898834304,33.7160089790514,34.19741239666244,9949028
1501,2013-11-08,34.25090408325195,34.39354331183203,33.39507838501484,33.6090336004187,6427427
1502,2013-11-11,34.215240478515625,34.37570746832952,33.59120030388678,34.19741027557843,7123880
1503,2013-11-12,34.001285552978516,34.30439177180895,33.80515814187122,34.21524316842478,5714533
1504,2013-11-13,34.23306655883789,34.32221515077515,33.71600520926386,33.82298400325064,4914428
1505,2013-11-14,34.23306655883789,34.48268455091048,34.14391796690064,34.268726962936924,2329910
1506,2013-11-18,34.35787582397461,34.48268482098844,34.12609045044646,34.34004562178544,4220710
1507,2013-11-19,33.89430618286133,34.35787939642926,33.64469058118955,34.09043359071437,6280476
1508,2013-11-20,33.430728912353516,34.03694126638969,33.35941052314641,33.7338350893716,5017948
1509,2013-11-21,33.30592346191406,33.59119944669817,33.056307882094366,33.519878636769356,4281191
1510,2013-11-22,33.484230041503906,33.59120886809131,33.23461439167401,33.23461439167401,7516975
1511,2013-11-25,33.5733757019043,33.73384271848847,33.41290868532012,33.41290868532012,8325845
1512,2013-11-26,33.609031677246094,33.75167089766409,33.28809766334934,33.43073446545663,7679212
1513,2013-11-27,32.860172271728516,33.7694881877597,32.75319350190548,33.430721680268434,4670852
1514,2013-11-28,33.76950454711914,33.87648095045624,32.681890960600676,32.89584618558583,21937834
1515,2013-11-29,33.91214370727539,34.090440949573065,33.30593356712552,33.64469784382888,19972565
1516,2013-12-02,33.37725067138672,33.76950555638252,32.84235896547119,32.84235896547119,12138526
1517,2013-12-03,33.430728912353516,33.51987750343997,33.23460394661154,33.34158032126705,10819239
1518,2013-12-04,34.09042739868164,34.19740618519857,33.2702599264654,33.37723871298233,21813713
1519,2013-12-05,34.34005355834961,34.46486258420891,33.92997090477348,34.411371965278825,14177075
1520,2013-12-06,35.28502655029297,35.62379076084687,34.215243305400215,34.215243305400215,25973812
1521,2013-12-09,36.12302017211914,36.31914757422586,35.12455537637538,35.4811497735474,30640399
1522,2013-12-10,35.08890151977539,36.194345248511866,34.589667853957614,36.12302442603017,28724268
1523,2013-12-11,34.946266174316406,35.12456341370102,34.64316231834922,34.7679689349318,7491141
1524,2013-12-12,34.92844009399414,35.01758871804828,34.7323126374128,34.83929146994,9916532
1525,2013-12-13,34.76795959472656,34.99974739464479,34.60749260605113,34.66098321448323,12252500
1526,2013-12-16,35.302852630615234,35.44549184069522,34.51834543926215,34.58966383514687,21800566
1527,2013-12-17,35.19587326049805,35.39199822796736,34.89276708081038,35.08889446659003,18137305
1528,2013-12-18,35.659461975097656,36.26567218056687,33.787338310939035,33.87648694169367,156704650
1529,2013-12-19,35.39200210571289,36.01604473549821,34.322218886041924,34.76796189423816,508752991
1530,2013-12-20,35.445499420166016,35.74860569037886,35.03541432409505,35.23154176844977,55032517
1531,2013-12-23,35.55246353149414,35.6237819131118,35.14237860515001,35.30284556836725,27772323
1532,2013-12-24,35.142391204833984,35.55247627820689,35.10673321039563,35.48115545270836,16656973
1533,2013-12-26,35.302852630615234,35.51681023657995,34.71447284167805,34.98191863997869,58569185
1534,2013-12-27,35.58812713623047,35.69510593471511,35.01757757482976,35.3028511463749,17259233
1535,2013-12-30,35.302852630615234,35.73076784254467,35.16021583884577,35.44549184069522,10546799
1536,2013-12-31,35.6237907409668,35.65945114976758,35.24936612180115,35.338514725492466,12881038
1537,2014-01-01,35.48115539550781,35.62379462796401,35.35634878770841,35.60596442161812,3186233
1538,2014-01-02,36.336978912353516,36.51527611650678,35.65945050389535,35.695108493739646,29730385
1539,2014-01-03,35.90906524658203,36.64008424977596,35.71293784304553,36.33697804264586,10720086
1540,2014-01-06,35.6237907409668,36.016045564532824,35.338514725492466,36.016045564532824,6603244
1541,2014-01-07,35.23154067993164,35.65945597014321,35.142392064189394,35.62379555652192,12753362
1542,2014-01-08,35.213706970214844,35.48115279083724,35.12455836334071,35.14238856837768,10653844
1543,2014-01-09,35.24937438964844,35.481159846287575,35.124565347882005,35.2137139724834,12969982
1544,2014-01-10,34.7501335144043,35.4811501006988,34.42919710300399,35.4811501006988,21668655
1545,2014-01-13,34.946266174316406,35.08890541681074,34.51835328345557,34.51835328345557,11775173
1546,2014-01-14,34.7501335144043,35.12455570023882,34.64315471060419,34.91060051094917,6262293
1547,2014-01-15,34.76795959472656,35.48114836067108,34.62532280886183,34.78578979753726,8229009
1548,2014-01-16,35.03541946411133,35.178058725618996,34.821464199316935,34.910612830892454,15169976
1549,2014-01-17,34.678810119628906,35.035404493558964,34.48268514861567,34.94625590007645,11229974
1550,2014-01-20,35.12455749511719,35.267196713576425,34.58966586709407,34.58966586709407,13050752
1551,2014-01-21,34.89277267456055,35.213706689424036,34.83928447818687,34.99975148561861,11629511
1552,2014-01-22,34.98191833496094,35.26719433432298,34.89276973630471,34.91059993969805,12315468
1553,2014-01-23,34.964088439941406,35.10672765003572,34.80362144460702,34.9462582363908,5617086
1554,2014-01-24,34.98191833496094,35.195875939060095,34.85710932951801,34.874939532911355,11973294
1555,2014-01-27,34.42919921875,35.26719707865186,34.179583606750725,34.732305445091704,12637443
1556,2014-01-28,34.44703674316406,34.58967357509799,34.340057910058015,34.42920653459452,7516995
1557,2014-01-29,34.1260986328125,34.57184170286516,34.01911981233768,34.482693088854624,5177129
1558,2014-01-30,34.09042739868164,34.34004295501437,33.87646982564778,34.12608780029067,28308126
1559,2014-01-31,34.054771423339844,34.23306861793884,33.94779504122882,34.23306861793884,15088682
1560,2014-02-03,33.94779968261719,34.464861133985515,33.858651073129174,33.92996947705742,4482727
1561,2014-02-04,34.001285552978516,34.30439177180895,33.80515814187122,33.894306745255385,8237100
1562,2014-02-05,34.500518798828125,34.53617920960866,33.769502142624184,33.769502142624184,8121381
1563,2014-02-06,34.30439758300781,34.41137399054222,33.965630898112046,34.233076753570145,8396200
1564,2014-02-07,34.76795959472656,34.892768596091024,34.16174962733581,34.30438883151097,6497909
1565,2014-02-10,34.58966064453125,34.94625500937249,34.48268426972712,34.71446963954981,3792896
1566,2014-02-11,34.09042739868164,34.73229769947305,34.05476699707261,34.625318912956125,5013980
1567,2014-02-12,34.1260986328125,34.35788406191551,34.00128960587339,34.197417040358744,5538187
1568,2014-02-13,33.87647247314453,34.19740885777697,33.840814487058935,34.07259986070152,6549052
1569,2014-02-14,33.965633392333984,34.001293809671495,33.85865697694391,33.947805601976455,14754417
1570,2014-02-17,34.07261276245117,34.179591597836676,33.91214571852855,33.91214571852855,4752663
1571,2014-02-18,34.1439208984375,34.26872990518967,34.054772298846096,34.10826290958726,4866082
1572,2014-02-19,33.840824127197266,34.17958839222013,33.71601509456782,34.072609566867904,2804777
1573,2014-02-20,33.91214370727539,34.108271157465055,33.6090374280449,33.73384646497772,5141168
1574,2014-02-21,33.983455657958984,34.12609487565835,33.912137258264636,33.96562545345773,4456386
1575,2014-02-24,33.89430618286133,33.96562458072318,33.53771177524147,33.96562458072318,5118446
1576,2014-02-25,33.983455657958984,34.09043446665584,33.84081885857028,33.912137258264636,4052135
1577,2014-02-26,33.94779968261719,34.30439412056925,33.822990662009644,34.05477607935416,21051173
1578,2014-02-28,33.698184967041016,34.01912144385724,33.25244187561102,33.89431241093242,27401493
1579,2014-03-03,33.76950454711914,33.9834597721043,33.46639828883482,33.555546903823036,15373777
1580,2014-03-04,34.752620697021484,34.915268936298624,33.93937704945292,34.047810026031975,9410466
1581,2014-03-05,34.82490539550781,34.93333836232396,34.481536376575555,34.77069013769106,5385763
1582,2014-03-06,35.27671432495117,35.52972299653473,34.75262440856027,34.82491225027227,7952223
1583,2014-03-07,35.7827262878418,35.94537697121661,35.15020347839721,35.15020347839721,13092149
1584,2014-03-10,35.746585845947266,35.89116151672461,35.312856382432315,35.69236813101857,11546535
1585,2014-03-11,35.728515625,35.81887603797668,35.475506958901924,35.565867371878596,7773473
1586,2014-03-12,35.60200119018555,35.692361580633865,35.34899258716674,35.54778593638954,15253272
1587,2014-03-13,35.71044158935547,36.144173514822945,35.457432933621426,35.62008118008024,12326297
1588,2014-03-14,35.54779052734375,36.144170652033914,35.421284983905075,35.52971795668354,11859122
1589,2014-03-18,36.66826248168945,36.84898329572195,35.602007717951366,35.602007717951366,15512927
1590,2014-03-19,36.97548294067383,37.39114224482843,36.63211391632537,36.63211391632537,12921191
1591,2014-03-20,35.89115524291992,36.939337251972766,35.78272228319963,36.75861646949977,6054665
1592,2014-03-21,36.45139694213867,37.174280206553476,35.981522330032455,36.071882738084305,21508819
1593,2014-03-24,37.30078887939453,37.6622305418451,36.50561771223991,36.50561771223991,9956813
1594,2014-03-25,38.168243408203125,38.294748955683495,37.08391854814115,37.08391854814115,14139614
1595,2014-03-26,37.589942932128906,38.493547093845166,37.44536479554441,38.31282626150191,6805235
1596,2014-03-27,38.132110595703125,38.457407157522354,37.58994802521541,37.58994802521541,20892387
1597,2014-03-28,38.8369140625,39.12606786868266,37.879092232718875,38.077885627668394,6967406
1598,2014-03-31,37.951377868652344,39.14413564089785,37.78872718743221,38.746548899755105,6602071
1599,2014-04-01,39.03570556640625,39.55979543593289,37.98752337617006,38.13210149784897,13292951
1600,2014-04-02,39.18028259277344,39.433293701671495,38.764625687326046,39.089922182790694,8823613
1601,2014-04-03,39.28871154785156,39.6140104611557,38.638116172426024,39.07184805683155,6355761
1602,2014-04-04,38.52968215942383,39.30678305531745,38.43932176114662,39.30678305531745,7240495
1603,2014-04-07,38.63811111450195,39.126058194992055,38.24052442290392,38.56582329362479,6247841
1604,2014-04-09,38.58390426635742,38.81884034817985,38.150172344249924,38.69233724688429,6654828
1605,2014-04-10,38.96342086791992,39.10799655005503,38.385113237013265,38.63812190634126,9464658
1606,2014-04-11,38.90920639038086,39.01763938660764,38.728485547064,38.74655812163235,6290384
1607,2014-04-15,38.98149108886719,39.10799419030653,38.60197688218326,38.76462512756696,9004170
1608,2014-04-16,38.927284240722656,39.10800510853243,38.20440076948357,38.94535681774036,10220793
1609,2014-04-17,38.746543884277344,38.85497684066061,38.36702976252712,38.836904272732994,10918544
1610,2014-04-21,38.29475021362305,39.107993885383664,38.222462377480916,38.60197658120579,4950498
1611,2014-04-22,38.29475021362305,38.49354360140112,37.7164426221201,38.385110621596446,8749084
1612,2014-04-23,38.168243408203125,38.65619057570415,38.023667740668,38.27667638444589,11101407
1613,2014-04-24,38.168243408203125,38.168243408203125,38.168243408203125,38.168243408203125,0
1614,2014-04-25,38.132110595703125,38.42126200568311,37.8068115827004,38.09596544386388,5635586
1615,2014-04-28,38.348960876464844,38.49353898258421,37.87908632114653,38.04173699692865,4189566
1616,2014-04-29,38.168243408203125,38.81883881447688,38.0055951694304,38.6019753131742,8984063
1617,2014-04-30,38.24053192138672,38.999560317388834,37.91523543806176,38.22246180101092,9560866
1618,2014-05-02,37.78873062133789,38.47547119560911,37.62608237652045,38.168244826700544,2642603
1619,2014-05-05,37.987518310546875,38.168239100159276,37.571861474911394,37.69836455693052,1955739
1620,2014-05-06,37.047786712646484,38.005606305889806,36.867065849681055,37.91524587440709,4306301
1621,2014-05-07,37.047786712646484,37.46344371699353,36.867065849681055,37.120074567595935,6851875
1622,2014-05-08,37.42728805541992,37.84294739424535,37.04777631069539,37.37307279222582,6511390
1623,2014-05-09,38.62005615234375,38.7646318508302,37.42729560950533,37.517656033855204,19808139
1624,2014-05-12,40.300758361816406,40.84292089845878,38.47547733155042,38.47547733155042,8560913
1625,2014-05-13,40.78870391845703,41.67423308316443,40.51762266147929,40.62605320332379,14210275
1626,2014-05-14,40.481475830078125,41.204359151959295,40.30075499960783,40.82484491773506,8786547
1627,2014-05-15,41.36700439453125,41.78266126921917,39.12606443184718,40.31882224558936,17562208
1628,2014-05-16,43.19227600097656,45.41514060298826,42.30674222261802,42.30674222261802,35379329
1629,2014-05-19,44.18624496459961,45.25249963492502,43.481431890673946,43.481431890673946,25035487
1630,2014-05-20,45.144065856933594,46.11996016366224,44.439257659732306,44.80069926928135,22538200
1631,2014-05-21,44.98142623901367,45.48744358126174,44.457333872391516,44.818775531478174,10213784
1632,2014-05-22,45.324790954589844,45.88502844387241,44.51154725607912,44.85491877861895,17055437
1633,2014-05-23,47.29464340209961,47.710300255095625,43.39107124201417,45.54165068916995,22941667
1634,2014-05-26,46.31875228881836,48.72233781976633,44.45732422650242,47.60186793923237,23747350
1635,2014-05-27,45.86695098876953,46.44525856863763,44.81877125783936,45.397078837707454,11091241
1636,2014-05-28,45.12599182128906,45.903090233908415,44.927200914234746,45.903090233908415,13246147
1637,2014-05-29,45.19827651977539,45.90308456882906,44.96333560105961,45.48742778569004,14803509
1638,2014-05-30,44.095890045166016,45.722377431083665,43.427222028260005,45.360935789768625,69911271
1639,2014-06-02,45.252506256103516,45.66816317230752,44.16818130824989,44.20432645365157,13367356
1640,2014-06-03,45.270565032958984,45.74044200069886,44.656117324573614,45.18020464328188,18372713
1641,2014-06-04,44.90913772583008,45.50551550648203,44.746491914215795,45.27057939923931,23251745
1642,2014-06-05,45.86695098876953,46.44525856863763,45.360933694772115,45.43322398064279,19424103
1643,2014-06-06,46.300689697265625,46.409125141992455,45.5597362189482,46.228399400781065,14951210
1644,2014-06-09,49.64400863647461,51.541576810622246,46.31874925367292,46.57175540214035,41900147
1645,2014-06-10,49.137996673583984,50.96327476990102,48.613904399166216,50.38497213899707,22963428
1646,2014-06-11,48.34283447265625,49.571740105734065,47.54766571860379,49.138008129075246,14529763
1647,2014-06-12,49.318721771240234,49.71630854142478,47.782594856446245,48.28861215378757,15766959
1648,2014-06-13,48.216339111328125,50.05968795901447,46.987433343047805,49.62596083700412,10439654
1649,2014-06-16,47.63800811767578,48.071735027894555,46.86090978063139,48.071735027894555,11540459
1650,2014-06-17,48.252479553222656,48.722356731894116,47.36695027828489,47.36695027828489,16756330
1651,2014-06-18,48.415122985839844,49.33679727432525,47.52958894210575,48.4331931082155,13262126
1652,2014-06-19,47.4211540222168,48.7946302668714,47.24043320569035,48.43318863381852,4904553
1653,2014-06-20,47.81874084472656,48.198252598848256,47.222363130092795,47.674165171840485,9100975
1654,2014-06-23,47.49344253540039,48.25246601456132,47.25850156080078,47.71030358523739,9955400
1655,2014-06-24,47.854888916015625,48.270545839377725,47.67416808826113,48.05367986559909,10866416
1656,2014-06-25,47.854888916015625,48.162110401305306,47.493447260506635,47.710308331919066,14393130
1657,2014-06-26,47.90910720825195,48.252473861241654,47.56573565289573,48.089828047414905,19577916
1658,2014-06-27,49.35486602783203,49.662092385745154,47.52958290279861,48.07174533357504,21315448
1659,2014-06-30,50.31269454956055,50.67413623622636,49.62595632536883,49.80667716870174,33365772
1660,2014-07-01,50.601844787597656,51.19822747893177,50.04161214694826,50.601844787597656,17681327
1661,2014-07-02,51.07170867919922,51.595800938113626,50.81869760888911,50.81869760888911,15633096
1662,2014-07-03,50.78255081176758,51.32471317127332,50.29460861010448,51.234352778022355,10773481
1663,2014-07-04,52.11989974975586,52.87892822514286,50.439196991491556,50.746423386572765,11771805
1664,2014-07-07,52.7885627746582,53.11385926098172,52.065679515110006,52.58977183922879,13259170
1665,2014-07-08,49.788597106933594,52.915071302249665,49.156074219246825,52.7704956226802,14948074
1666,2014-07-09,49.228363037109375,50.3849782437869,48.360904083284225,49.87895602688674,8629784
1667,2014-07-10,49.71631622314453,50.51148498401016,46.987428576153626,49.51752035615319,17933570
1668,2014-07-11,47.963314056396484,50.18617900725659,47.24043082669461,49.62594646518391,11319671
1669,2014-07-14,48.415122985839844,49.40908756856057,47.619949358716724,47.963320902784965,7915363
1670,2014-07-15,48.84886169433594,49.11994298161512,48.107903234352634,48.59585053192856,9737615
1671,2014-07-16,49.246429443359375,49.58980093573091,48.180179629300184,48.921132973008525,6411041
1672,2014-07-17,50.13197708129883,50.384988239945194,49.0476519483006,49.174157527623784,8924449
1673,2014-07-18,49.553653717041016,49.93317033518111,49.11992674220785,49.824734914698766,5148178
1674,2014-07-21,49.481380462646484,49.87896239473144,49.30065961992909,49.553665858313465,4656631
1675,2014-07-22,49.06570816040039,49.806666399271826,48.66812631292831,49.51751017104191,6944595
1676,2014-07-23,49.26450729370117,49.95124541550492,48.866920517172936,49.31872255814459,7269605
1677,2014-07-24,48.668121337890625,49.33678432339439,48.43318039448112,49.22835381287082,5942240
1678,2014-07-25,48.72235107421875,49.01150245646541,47.746456579994856,48.613915629101356,8230977
1679,2014-07-28,48.14404296875,49.011502009953645,47.78260129305127,48.79463602406111,5386124
1680,2014-07-30,48.68620300292969,49.13800507454486,48.071750224586566,48.071750224586566,8577572
1681,2014-07-31,48.107887268066406,48.6681246839292,47.85488109199501,48.5054740045962,19081582
1682,2014-08-01,46.91514587402344,48.071756384137856,46.716349995620824,48.071756384137856,10682255
1683,2014-08-04,47.87295150756836,48.68619510454273,46.39103997260864,47.34885922857204,23311942
1684,2014-08-05,47.87295150756836,48.45125904588989,47.34885922857204,48.07174242588259,16126934
1685,2014-08-06,48.451263427734375,48.758489794849446,47.47536906216084,47.65608987783254,9867110
1686,2014-08-07,48.61390686035156,49.282574826348096,48.378970791857014,48.70426726380067,11406313
1687,2014-08-08,47.67417526245117,48.48741910972641,47.150082822149244,48.34283850387281,5755079
1688,2014-08-11,47.69223403930664,48.36090202399513,46.98742091175498,48.36090202399513,7165189
1689,2014-08-12,47.80066680908203,48.035607797536855,47.38500990256088,47.74645154342553,4457748
1690,2014-08-13,47.81874084472656,48.52354908843341,47.29464851535288,47.71030541328758,7838517
1691,2014-08-14,48.14404296875,48.433194348362385,47.90910686001912,48.25247351051303,4598772
1692,2014-08-18,48.72235107421875,48.90307191371454,47.83681699974275,47.92717741949065,5649943
1693,2014-08-19,49.35486602783203,49.842813196003966,48.21632590367467,48.830773717135195,7522151
1694,2014-08-20,49.553653717041016,49.734374515479516,49.264502400485576,49.40907805876329,11632976
1695,2014-08-21,49.318721771240234,49.553657848323795,49.01149540780827,49.40908217799282,5097954
1696,2014-08-22,48.48741912841797,49.48138383102642,48.397058700908104,49.33680322511709,3969492
1697,2014-08-25,47.87295150756836,48.613904823865504,47.710300827227314,48.505474305215095,7109144
1698,2014-08-26,47.348854064941406,48.07173718341792,47.13199305129037,47.69222550716371,7855848
1699,2014-08-27,46.80669403076172,47.78258824970225,46.21031640912701,47.240425884149765,14179712
1700,2014-08-28,46.69826889038086,47.095855651327476,46.06574605780941,46.82477443736828,24486863
1701,2014-09-01,47.854888916015625,47.999464597745984,45.9753903464224,46.26454170988311,7250215
1702,2014-09-02,47.89101791381836,48.162099091794325,47.439215950525075,47.63801175579315,8985537
1703,2014-09-03,47.981388092041016,48.25246932530265,47.49344579406292,48.1259686716734,8220774
1704,2014-09-04,48.970664978027344,49.09842641317111,47.656505627643945,48.22232182999084,8542895
1705,2014-09-05,49.080169677734375,49.46346383472683,48.550853983577824,49.15318044631642,5566453
1706,2014-09-08,48.58735656738281,49.536471748117584,48.094546285921965,49.28093902403417,6820385
1707,2014-09-09,48.93415451049805,49.28094329325361,48.733377366689126,48.76988275203852,6490318
1708,2014-09-10,49.700748443603516,49.865015252971595,48.824638988738315,48.824638988738315,5594235
1709,2014-09-11,50.321319580078125,50.44908595327993,49.39045948474079,49.846764423871925,6309287
1710,2014-09-12,49.335697174072266,50.33956790366359,49.153175223237476,50.120540572416886,7528757
1711,2014-09-15,49.91977310180664,50.120550257256134,48.86114657265047,48.93415734758224,3929071
1712,2014-09-16,49.62773895263672,50.30307127851213,49.098423222598406,49.737250161708126,6434969
1713,2014-09-17,49.700748443603516,49.865015252971595,48.8428941572629,49.82850986714796,5122756
1714,2014-09-18,49.846763610839844,50.33957392730852,49.33570307759378,49.57298065182673,16935401
1715,2014-09-19,49.956275939941406,50.79588000390772,49.55472660075973,49.55472660075973,17128011
1716,2014-09-22,50.01103210449219,50.157053648544284,49.44521595057976,49.9380262836917,7010679
1717,2014-09-23,49.828514099121094,50.52210163500055,49.55473110902951,50.193558085909885,10349414
1718,2014-09-24,49.591217041015625,50.15703796927598,49.408695119233066,49.68247800190691,6457902
1719,2014-09-25,49.64598083496094,50.02927990480713,49.372197907024294,49.64598083496094,16106351
1720,2014-09-26,50.01103210449219,50.157053648544284,49.29919935775322,49.664243315432344,5236288
1721,2014-09-29,50.94190216064453,51.14267437655756,49.82851500985342,50.01103700658382,8073293
1722,2014-09-30,49.37221145629883,50.75938164259547,48.95241184183483,50.72287625194074,12952693
1723,2014-10-01,49.62773895263672,50.376077100817845,49.17143399612978,49.645989170406736,7924373
1724,2014-10-07,50.102298736572266,50.28482073596797,49.262699519842485,49.62774351863389,8847590
1725,2014-10-08,50.339569091796875,50.66810762080882,49.93801980023787,50.011025611560015,4593053
1726,2014-10-09,50.394325256347656,50.704613573834145,50.120542320546335,50.43083063803282,9248781
1727,2014-10-10,49.66425323486328,50.3213305094334,49.53648683391172,50.19356410848184,11619666
1728,2014-10-13,49.22618865966797,49.773754597009145,49.116677452689956,49.22618865966797,10406480
1729,2014-10-14,49.66425323486328,49.883280643462165,49.04367640237085,49.33571459757822,14165351
1730,2014-10-15,49.66425323486328,49.664253234863274,49.664253234863274,49.664253234863274,0
1731,2014-10-16,48.897647857666016,49.70074650963354,48.36833216188397,49.64598595741617,11263977
1732,2014-10-17,48.952392578125,49.46345299250062,48.73336527161424,49.26268084974656,5532569
1733,2014-10-20,49.31743621826172,49.82849663035437,48.73336505391688,48.73336505391688,7878465
1734,2014-10-21,51.087913513183594,51.41645208326159,49.33570450528393,49.55472691785224,6706899
1735,2014-10-22,51.03315734863281,51.65372909612542,50.72286899927377,51.47120712017604,11612786
1736,2014-10-27,51.854496002197266,53.07739398985291,51.16091362077638,51.43469653064445,11023074
1737,2014-10-28,52.01877975463867,52.16479635008045,51.03315907076177,51.74499183025007,7011349
1738,2014-10-29,52.037025451660156,52.56634113428134,51.1061604530393,52.347313784533775,13392055
1739,2014-10-30,52.73060989379883,53.004392853356755,51.6902336572336,51.83625024541942,15543181
1740,2014-10-31,53.22341537475586,53.42418754636372,52.511577764100835,52.730605102088916,12145111
1741,2014-11-03,52.876625061035156,54.75660529379272,52.76711386064503,53.478951516856654,13632949
1742,2014-11-05,52.00050735473633,53.25991059445868,51.85449080767878,52.821856002062034,5298871
1743,2014-11-07,52.89488220214844,53.11390956232611,51.872756171727815,51.872756171727815,4488647
1744,2014-11-10,54.063026428222656,54.53758659137005,52.11004502043198,52.93139400729851,10354057
1745,2014-11-11,53.898746490478516,55.085139182912705,53.62496356145524,54.39155675296538,8362310
1746,2014-11-12,52.18304443359375,53.88049780753568,51.85450586948006,53.64322023074387,6309241
1747,2014-11-13,52.803627014160156,53.059154836411146,52.20130542093698,52.54809424068318,10971261
1748,2014-11-14,52.60283279418945,53.25991473385325,52.20128849637892,52.511571826282626,6123081
1749,2014-11-17,53.570213317871094,53.67972451993127,52.456826324541034,52.71235906431524,4923950
1750,2014-11-18,54.15427780151367,54.68359347946102,53.29642852868375,53.64321729076548,6475424
1751,2014-11-19,53.533687591552734,54.75658532226265,53.02262725742389,54.300280568357714,5431984
1752,2014-11-20,53.35118865966797,53.66147701615873,52.657606125364,53.36943887719218,3590544
1753,2014-11-21,53.49720001220703,53.66147175873296,53.09565070498538,53.09565070498538,5424821
1754,2014-11-24,52.00050735473633,53.11389404740113,51.54420255066649,52.85836137663242,6633290
1755,2014-11-25,50.777618408203125,51.47120084196581,49.59122570924265,51.47120084196581,55543705
1756,2014-11-26,50.795875549316406,51.28868088245024,50.39432624534897,50.55859303931856,5741991
1757,2014-11-27,51.37995910644531,51.94578034550239,50.86889843498132,50.86889843498132,4482174
1758,2014-11-28,52.091773986816406,52.420312491270096,50.90538136707148,51.43469697790903,4619433
1759,2014-12-01,50.503841400146484,52.16479434420232,50.30306920803748,51.81800061104081,2477146
1760,2014-12-02,50.394325256347656,50.81412476766469,50.28480911129215,50.376070089892586,2350906
1761,2014-12-03,50.08404541015625,50.759377756271284,49.97453419780281,50.37607861058263,8617759
1762,2014-12-04,49.828514099121094,50.26656886375802,49.53648089018045,50.04754148143956,4516507
1763,2014-12-05,49.91977310180664,50.44908884199759,49.64599012265113,49.75550628504878,5700055
1764,2014-12-08,49.591217041015625,50.4855764382398,49.44520049383438,49.919755509979446,3081176
1765,2014-12-09,49.2626838684082,49.95626625550595,49.13491751917912,49.42695559616338,4817465
1766,2014-12-10,50.102298736572266,50.30307590664321,49.0254219108733,49.13493313002027,3714413
1767,2014-12-11,49.62773895263672,50.376077100817845,49.189684213899795,50.33957666527782,3222482
1768,2014-12-12,49.20793533325195,49.773751452265586,48.75163041429733,49.68249046847466,4812683
1769,2014-12-15,49.080169677734375,49.353952633079075,48.53260376704497,48.824636938922524,2791969
1770,2014-12-16,48.5691032409668,49.22618027334431,48.24056472477803,48.75162518898552,4811157
1771,2014-12-17,47.82075500488281,49.04365291186929,47.30969459708636,48.40482616431768,6760384
1772,2014-12-18,48.039798736572266,48.67862570258124,47.29146055688066,48.20407050832206,5750448
1773,2014-12-19,49.5729866027832,49.700752989238694,47.638250489434526,48.42309902713571,4845177
1774,2014-12-22,49.956275939941406,50.10229253112778,49.18968264718103,49.609487154776936,3767407
1775,2014-12-23,50.75937271118164,51.014900498350784,49.81025747729193,49.93802384648915,6644017
1776,2014-12-24,49.75550079345703,50.72286622279174,48.9524021627498,50.72286622279174,8715919
1777,2014-12-26,50.04753875732422,51.01490427941506,49.82851138692754,50.558599320766014,2310253
1778,2014-12-29,50.01103210449219,50.832381009270236,49.90152089767867,50.37607606217132,1421574
1779,2014-12-30,50.248313903808594,50.558597302322,50.10229236188995,50.376075326149184,2146065
1780,2014-12-31,50.37608337402344,51.160931957931105,50.175311148648994,50.485599547958266,3960548
1781,2015-01-01,50.04753875732422,50.449088111180515,49.97453293467578,50.3760773373064,778837
1782,2015-01-02,50.649864196777344,50.86889158397099,50.0657977658957,50.0657977658957,3612848
1783,2015-01-05,50.70462417602539,51.142673994167474,49.70075320151402,50.558602618752026,7291352
1784,2015-01-06,49.5729866027832,50.4855965757139,48.97066501089414,50.39433557842083,8288963
1785,2015-01-07,50.284820556640625,50.5586035547578,48.73338356730995,49.280949563544304,3256180
1786,2015-01-08,50.503841400146484,50.70461854348095,49.73724811452267,50.376075027338274,2436600
1787,2015-01-09,50.540340423583984,50.92363454253556,49.992774567238975,50.485584828194455,2079643
1788,2015-01-12,49.828514099121094,50.8141348439412,49.46347011233231,50.230063474833955,3660975
1789,2015-01-13,49.591217041015625,50.30305451645723,49.37218974463175,49.84674971200082,2850708
1790,2015-01-14,49.66425323486328,49.97454165110949,49.20794819662665,49.572992227215956,3939014
1791,2015-01-15,52.18304443359375,52.456827395559394,49.82850898019899,49.82850898019899,6425406
1792,2015-01-16,53.78923416137695,54.373305441611066,51.398198392224245,52.128286254710595,8222495
1793,2015-01-19,53.97174835205078,54.35504739537475,52.7123499414207,53.71622060772595,5082702
1794,2015-01-20,53.80748748779297,54.756602666798784,53.58846014629547,54.39155874804462,6145107
1795,2015-01-21,53.62498092651367,54.04478056337895,53.314692516230146,53.770997545698144,2865190
1796,2015-01-22,54.15427780151367,55.267664756555455,53.533706092471284,53.69797288991258,7016755
1797,2015-01-23,54.592342376708984,54.75661415510369,53.73448799740811,54.31855938020186,4549463
1798,2015-01-27,54.73834991455078,55.1216490168844,53.734479093697644,54.11777819603126,6048058
1799,2015-01-28,54.55583572387695,55.377184694382834,54.39156890051135,54.92087971076845,5448999
1800,2015-01-29,54.31855392456055,54.73835348679581,53.880499193656014,54.70185305190841,6923717
1801,2015-01-30,54.02651596069336,54.93912577669028,53.296428107895814,54.209037923892744,3094145
1802,2015-02-02,53.97174835205078,54.28203663915367,53.29642113751592,53.75272598583649,2427202
1803,2015-02-03,53.73447036743164,54.53756887418422,53.4789426252645,54.355046936397216,1320013
1804,2015-02-04,53.387691497802734,54.4828233264002,53.259925127554624,53.84399642638501,1740828
1805,2015-02-05,52.438575744628906,53.62496854737094,52.0917820217988,53.38769097706759,2453418
1806,2015-02-06,52.36556625366211,52.931387344122825,51.690233959228564,51.9822720885318,2422833
1807,2015-02-09,51.63547897338867,52.36556687852049,51.106163261677914,52.20130007060112,2511094
1808,2015-02-10,52.96788024902344,53.36942952522263,51.10615538753605,51.179166147290346,3982617
1809,2015-02-11,53.20517349243164,54.33680583869044,52.931390514873726,53.29643448495094,5670681
1810,2015-02-12,54.84785842895508,55.486685226004944,53.31467213554558,54.31854281662394,7776840
1811,2015-02-13,55.30416488647461,55.74221458926692,54.51932150331677,55.395425860126096,8270115
1812,2015-02-16,55.760475158691406,56.36279665291954,55.486692211203604,55.486692211203604,3789682
1813,2015-02-18,56.490562438964844,56.58182342052428,55.212908697132775,55.523197024679874,4034642
1814,2015-02-19,56.3262939453125,56.60007690580566,55.1764065014863,56.508815918974605,2708022
1815,2015-02-20,55.94300079345703,56.508816941558415,55.596207056733284,56.18027837326647,4586215
1816,2015-02-23,56.91035842895508,57.494429664901396,55.66921014708467,55.85173209886634,5857600
1817,2015-02-24,57.22065353393555,57.56744231277764,56.78259881713718,56.910365188805486,3786009
1818,2015-02-25,56.41756057739258,57.58570330620683,55.70572777961826,57.53094769887433,3842514
1819,2015-02-26,55.760475158691406,57.11113472889613,55.04863751473305,56.25328545441449,7368101
1820,2015-02-27,57.34842300415039,57.494439600564014,55.52320317091588,55.833486581585205,4870174
1821,2015-03-02,57.20240783691406,58.04201202458747,56.72785260783108,57.58570701538221,3288237
1822,2015-03-03,56.7825927734375,57.092881085541784,56.2715322923848,57.01987032343787,3773373
1823,2015-03-04,56.38102722167969,57.43965821070867,55.88822204891094,57.001603666888165,4927543
1824,2015-03-05,56.63657760620117,57.00162152333151,55.34067368087849,56.21677809174629,2511965
1825,2015-03-09,55.092864990234375,56.59623161077865,54.891191007636195,56.21122035673219,2904210
1826,2015-03-10,54.451202392578125,55.12955151400919,53.791185014965436,55.09288305302903,4007085
1827,2015-03-11,54.231204986572266,55.001222892860696,54.06619937331611,54.78121706630055,3350372
1828,2015-03-12,54.87287902832031,55.881234384372,54.28619855376697,54.28619855376697,4034334
1829,2015-03-13,53.754512786865234,55.14787939306029,53.534511983088755,55.09287919211617,3743353
1830,2015-03-16,53.80952835083008,54.15786633962951,53.36951671163245,53.36951671163245,1546607
1831,2015-03-17,54.139522552490234,54.63453429315695,53.55284215515718,53.93784852381857,4288235
1832,2015-03-18,53.772830963134766,54.359511175398985,53.49782507988666,54.08450529215088,3493449
1833,2015-03-19,53.57117462158203,54.72620368987118,53.16783650547031,53.77284865298087,2641643
1834,2015-03-20,54.341182708740234,54.94619972233286,53.021153274248675,53.53450164618691,3763675
1835,2015-03-23,54.7078742980957,55.69789792535268,54.469536750302325,54.81787968631517,4249360
1836,2015-03-24,54.24953079223633,55.31289134193533,54.08453017039395,54.63454218988917,5170910
1837,2015-03-25,53.71784973144531,54.469530754827545,53.60784435533416,54.17619303188402,6008163
1838,2015-03-26,53.204498291015625,54.81787059731573,52.819491929442044,53.86451559086826,11848617
1839,2015-03-27,53.07615661621094,53.516163097044625,52.507808073455614,53.20448873144873,3479176
1840,2015-03-30,53.16782760620117,53.38782836967714,52.65447922917818,53.18615934537679,4359504
1841,2015-03-31,53.25951385498047,53.69952050072936,52.984507836383486,53.35118252784613,4797950
1842,2015-04-01,53.69951629638672,53.846185166819744,53.204504506999776,53.204504506999776,2808077
1843,2015-04-06,54.24953079223633,54.79954281173155,53.4795129702743,53.681187028095394,5315447
1844,2015-04-07,54.24953079223633,54.3411994621522,53.53451815089873,53.97452478248872,2457023
1845,2015-04-08,54.011192321777344,54.927879005264856,53.90119190909627,54.102860990126096,4009038
1846,2015-04-09,55.36788558959961,55.587891368385726,54.047855890225996,54.10285609158675,2422269
1847,2015-04-10,55.991214752197266,56.11955183714501,55.1111968420927,55.55120828381588,2200148
1848,2015-04-13,56.59624481201172,57.091251581710374,55.276215155015095,56.02789615394805,2208671
1849,2015-04-15,55.569549560546875,57.201253549242956,55.3678805162553,56.81624222830996,2330815
1850,2015-04-16,55.25788116455078,55.82622985064174,54.08452527973594,55.42288674481597,2492100
1851,2015-04-17,55.03787612915039,55.587888056676576,54.6711965374568,55.25787692148662,3666806
1852,2015-04-20,54.92787551879883,55.95456752314321,54.50620066582848,55.07454438417853,2278982
1853,2015-04-21,54.579524993896484,55.73455395923837,54.30451904468985,55.00120476135402,2312891
1854,2015-04-22,53.91950607299805,54.836192457600376,53.75450053443285,54.634523442324635,4849646
1855,2015-04-23,53.772830963134766,54.6161803490924,53.49782507988666,54.267842547649614,3515131
1856,2015-04-24,53.4795036315918,54.249521319092025,52.81949131278748,53.534508802611136,2613457
1857,2015-04-27,53.14950180053711,54.176193791929265,52.98450119407022,53.57117664818783,2052351
1858,2015-04-28,52.96617126464844,53.71785736823713,52.61783329079947,52.911171055445315,3429520
1859,2015-04-29,52.452816009521484,53.09449657846908,52.251146962903604,52.92949101425976,2061972
1860,2015-04-30,52.14113998413086,53.094494937484896,51.48112769437789,52.1044715295129,4099911
1861,2015-05-04,52.85617446899414,53.02117510791261,51.701145129844065,52.43449953841028,3652050
1862,2015-05-05,52.48948669433594,53.77284788673143,51.90280629742941,52.45281823702748,7999174
1863,2015-05-06,51.554473876953125,52.342828462395914,51.3528047808385,52.342828462395914,6031578
1864,2015-05-07,51.444461822509766,51.71946778593716,50.619443932227576,51.33445645313313,5448071
1865,2015-05-08,51.334468841552734,52.14115518495249,51.22446841897276,51.701143547944625,2987105
1866,2015-05-11,52.434486389160156,52.56281852946623,51.26112559771656,51.609463508086165,3927933
1867,2015-05-12,51.07778549194336,52.45281526297492,50.82111127868041,52.39781506680219,4551824
1868,2015-05-13,51.64614486694336,51.88448243849129,50.619457647962655,51.151133003978174,4097879
1869,2015-05-14,51.11445236206055,51.62779579932449,50.692772600013484,51.62779579932449,3467677
1870,2015-05-15,51.35279083251953,51.95780292987541,51.07778488159934,51.40779102803505,6305129
1871,2015-05-18,51.35279083251953,51.68279697895523,50.876110866919,51.15111681783918,14967798
1872,2015-05-19,50.87612533569336,52.76450404772623,50.63778777178303,51.33446871757629,6595326
1873,2015-05-20,51.6277961730957,51.84780192589946,50.98611562853456,51.00444736904216,5168468
1874,2015-05-21,51.151126861572266,51.682807127085916,50.8577891123297,51.51780153479725,2628801
1875,2015-05-22,51.68280792236328,52.04948260123053,50.381114801722006,51.07779569690105,5380668
1876,2015-05-25,52.47115707397461,52.58116246077451,51.71947597755475,51.976145266734015,5557091
1877,2015-05-26,52.452816009521484,52.654485056139364,51.90280409328069,52.58115311797955,2220470
1878,2015-05-27,52.507816314697266,52.65448516466189,51.994472853149716,52.45281611762837,1137269
1879,2015-05-28,52.507816314697266,52.892827640864965,51.53612958867106,52.892827640864965,3848527
1880,2015-05-29,52.691162109375,52.966168112367434,51.79280717692897,52.25115548859321,3473570
1881,2015-06-01,52.47115707397461,53.86452382670159,52.159487578067186,53.7728551577068,15815832
1882,2015-06-02,52.25114822387695,52.39781707707884,51.82946843257514,52.25114822387695,4635659
1883,2015-06-03,52.507816314697266,52.709490335073504,51.60946152698202,52.122809961872285,6029264
1884,2015-06-04,52.92948532104492,53.2228279621597,52.214472890845855,52.434478628346405,8566490
1885,2015-06-05,53.131160736083984,53.64450415504572,52.43448002654004,52.80115460770446,8696044
1886,2015-06-08,53.589508056640625,53.791177102351135,52.78282192711321,53.33283384087935,4215142
1887,2015-06-09,54.02951431274414,54.32285698251229,53.27783335731466,53.53450757169396,2699663
1888,2015-06-10,53.95620346069336,54.34120995937519,53.60786045838534,54.102872366222414,2875048
1889,2015-06-11,53.53451919555664,54.02952604408686,53.11283932704019,53.754520028972856,2113307
1890,2015-06-12,53.31451416015625,53.51618325148679,52.159489874635184,53.351182624037385,2614529
1891,2015-06-15,51.77446365356445,53.16783006906182,51.572794619922306,53.16783006906182,3574132
1892,2015-06-16,52.83781433105469,53.03948832036406,51.51778493803148,51.62779028856622,2705206
1893,2015-06-17,51.994476318359375,52.92949465087372,51.49946456506346,52.691157132129185,3030212
1894,2015-06-18,52.04948043823242,52.324486435954555,51.64613731357129,51.81114290154193,4549773
1895,2015-06-19,51.334468841552734,52.21449211556847,50.85779371258087,52.04948650835452,9119658
1896,2015-06-22,51.811134338378906,52.14114048643451,51.4811281903233,51.6461287776798,1849073
1897,2015-06-23,51.11445236206055,51.99447039356195,51.02278371350118,51.70112773416649,4200054
1898,2015-06-24,51.27946853637695,51.53614281971894,50.9861307611381,50.9861307611381,3101425
1899,2015-06-25,51.811134338378906,52.03114009486351,50.91277957162618,51.40779128038089,11124905
1900,2015-06-26,51.00445556640625,51.79280508175814,50.93112361924753,51.5177990898905,4184617
1901,2015-06-29,51.151126861572266,51.40780112216718,50.49111443910472,50.527782901095925,3452315
1902,2015-06-30,51.00445556640625,51.4811356029828,50.47278029946814,51.15112443406699,2588831
1903,2015-07-01,52.19614791870117,52.47115390909815,50.74778601994974,51.02279201034671,1988394
1904,2015-07-02,51.88447570800781,52.43449268588828,51.55446949995433,52.41615596839762,2965570
1905,2015-07-03,51.88447570800781,52.41615596839762,51.5178010383165,51.5178010383165,3051297
1906,2015-07-06,51.334468841552734,52.14115518495249,51.22446841897276,51.51780619474868,2083899
1907,2015-07-07,50.82111740112305,51.88447289082184,50.69278027903074,51.701135565930905,3234495
1908,2015-07-08,50.601112365722656,51.04112394131247,50.01443689606065,50.63778082591236,2440394
1909,2015-07-09,50.23443603515625,50.8027847157835,50.1977725495326,50.63777913710456,2478234
1910,2015-07-10,50.839447021484375,51.02278432078522,50.1794297599958,50.27109840964622,2901055
1911,2015-07-13,51.334468841552734,51.48114270278469,50.25278144170305,50.74779329000091,1612390
1912,2015-07-14,51.407798767089844,51.6828047594101,50.8944552427607,51.371130306778475,2264950
1913,2015-07-15,51.2427864074707,51.59112927435873,51.15111775548361,51.352791773860815,1504877
1914,2015-07-16,51.18778610229492,51.38946012024405,51.00444879870989,51.22445455768046,1827243
1915,2015-07-17,51.77446365356445,51.976132687206594,51.15111486592847,51.206120032687586,1696436
1916,2015-07-20,51.407798767089844,51.97614249521437,51.352798563294456,51.97614249521437,1668294
1917,2015-07-21,51.334468841552734,51.66448005598063,51.206136672990766,51.38947402618671,1315889
1918,2015-07-22,52.36115264892578,52.52615822981211,50.894454057378624,51.22446024580809,1890132
1919,2015-07-23,52.15947341918945,52.544479735118784,51.60945658118118,52.471142830493086,1225377
1920,2015-07-24,52.08613586425781,52.4161419842688,51.77446148350326,52.14113605536928,1692284
1921,2015-07-27,51.481136322021484,52.41615471809355,51.3527991960221,51.82947426591308,1296310
1922,2015-07-28,51.82948303222656,51.95782017993258,51.132802053265046,51.70114588452055,1547151
1923,2015-07-29,51.334468841552734,51.81114894386859,51.15113148835679,51.59114312536465,1900932
1924,2015-07-30,52.21449279785156,52.5261672970261,51.29780601989356,51.40780644391089,2942993
1925,2015-07-31,52.067806243896484,52.379480667104694,51.481130827672615,52.379480667104694,1956499
1926,2015-08-03,51.554473876953125,52.39782867285046,51.444473456044044,51.71947948166066,1508372
1927,2015-08-04,51.701133728027344,52.25115065649105,51.31612734878011,51.51779640965379,1001510
1928,2015-08-05,51.60947799682617,51.86615229618234,51.371140417906474,51.70114667897562,1107859
1929,2015-08-06,51.7194709777832,52.031145416904344,51.40779653866207,51.444464997383925,1295185
1930,2015-08-07,51.18778610229492,52.177809530991155,51.096117450502405,51.53612896844354,2213871
1931,2015-08-10,50.61944580078125,51.8844702952384,50.381108285014804,51.37112680589305,2570753
1932,2015-08-11,50.58277893066406,51.627802657733746,49.72109252506825,51.33445995936967,3873211
1933,2015-08-12,49.867759704589844,50.564445481352585,49.75775930475518,50.23443433516267,1472522
1934,2015-08-13,50.52777099609375,50.82110867622214,46.20100788747467,49.79442182243042,2470225
1935,2015-08-14,50.729454040527344,50.98612831153756,50.49111648792858,50.52778495140772,1304682
1936,2015-08-17,50.63779067993164,51.13280255546273,50.216115739051176,50.78445957588863,813782
1937,2015-08-18,50.381107330322266,50.85778235282245,50.106101361954565,50.63777658345971,1461999
1938,2015-08-19,50.03276443481445,50.7477819417232,49.904427321607386,50.41777080109277,2417706
1939,2015-08-20,49.90443420410156,50.216108672490584,49.262753522912696,49.537759529136494,2256015
1940,2015-08-21,48.91442108154297,49.57443358156905,48.78608393616452,49.50109664896876,4024183
1941,2015-08-24,48.07106399536133,48.584407579453845,46.82437101303837,47.97939532058252,7651174
1942,2015-08-25,47.15436935424805,49.0060792588224,45.88933986472045,48.03438749014665,12357515
1943,2015-08-26,48.01606369018555,48.69441287687568,46.93437134059772,47.154377154300455,2616303
1944,2015-08-27,49.44608688354492,50.766116601920515,47.759382519695166,48.56606872907558,5402025
1945,2015-08-28,49.55609130859375,50.417772730219674,49.02441109353926,49.72109191187946,2205183
1946,2015-08-31,47.906063079833984,49.66609963578126,47.70438901251378,49.31775668435609,2305711
1947,2015-09-01,47.33769989013672,48.0710490605284,46.93435685175282,47.429368536435675,3973158
1948,2015-09-02,45.90766906738281,47.66770505113325,45.375988940342445,47.41103583073003,4507483
1949,2015-09-03,46.641021728515625,46.95269613767801,45.87100406274461,45.98100445499363,3114461
1950,2015-09-04,45.32099533081055,46.53101962371611,44.89932049984909,46.53101962371611,3868544
1951,2015-09-07,45.32470703125,46.28826968453618,44.67614751212427,45.510008314823345,3112256
1952,2015-09-08,46.7144660949707,47.25183679488472,44.87998139905918,45.21352270014701,2951677
1953,2015-09-09,46.6959342956543,48.36364587574059,46.177091698284606,47.955987066348115,3201416
1954,2015-09-10,45.713844299316406,46.23268696271604,44.73174836027071,46.23268696271604,3984541
1955,2015-09-11,46.06589889526367,46.62180258584362,45.621173932152686,45.95471514117714,1783681
1956,2015-09-14,47.27036666870117,47.418606678193576,45.769423377716706,46.251209691840295,2400945
1957,2015-09-15,47.56684875488281,48.23393636651736,46.695931749665355,47.25183557938473,3189547
1958,2015-09-16,48.586002349853516,48.73424235533468,47.43713351079216,47.622434774298235,2668351
1959,2015-09-18,49.47545623779297,49.994303889488286,48.73425105150751,48.919552348078874,2710372
1960,2015-09-21,50.60578918457031,50.77255730922101,48.80836588587782,49.21602967938827,3040868
1961,2015-09-22,48.548946380615234,50.77256178492259,47.90039188769226,50.66138302535483,2618545
1962,2015-09-23,47.36302185058594,48.91954963963624,46.62181670533749,48.56748021161468,5775906
1963,2015-09-24,46.47356414794922,48.196869853575336,46.158556033398305,47.43713168644747,9733917
1964,2015-09-28,46.99241256713867,47.807735094507144,46.21414627044548,46.86270067992008,2407051
1965,2015-09-29,47.56684875488281,48.363643238823485,46.47356921245384,46.64034237201719,2414852
1966,2015-09-30,49.049251556396484,49.17896343572269,47.56684156779545,47.58537470862381,3047665
1967,2015-10-01,48.382171630859375,49.62369106729398,48.27098785986352,49.290144780924734,2020545
1968,2015-10-05,49.1048469543457,49.71634517101295,48.53041502388587,48.54894314037089,1811432
1969,2015-10-06,49.0121955871582,49.84605129567482,48.80836620239048,49.23455811475303,1868486
1970,2015-10-07,49.12338638305664,49.36427706127861,48.808373176172836,49.14191450191243,1403044
1971,2015-10-08,49.08631896972656,49.29014835808408,48.77130580230418,49.2530921250145,1318938
1972,2015-10-09,49.12338638305664,49.47545582765203,48.88249570483467,49.29015453261677,1421375
1973,2015-10-12,49.40132522583008,49.54956521722553,48.84542148813364,49.104840216421174,1574616
1974,2015-10-13,49.30868148803711,49.54957213601843,49.08631895658562,49.29014834488858,715400
1975,2015-10-14,49.29014587402344,49.4754471365076,48.99366586469616,49.253089642821365,1722301
1976,2015-10-15,50.049888610839844,50.19812862896406,49.364272872069066,49.4754516290075,2959602
1977,2015-10-16,50.03134536743164,50.4019478512405,49.51250289542282,50.17959038224949,3651488
1978,2015-10-19,49.586631774902344,50.161063687975606,49.234557359393875,50.031351796650455,1640198
1979,2015-10-20,50.36490249633789,50.80962255693873,49.47545232189825,49.66075360380335,3296804
1980,2015-10-21,50.36490249633789,50.84668381864354,49.994299932527696,50.401958731423726,3504240
1981,2015-10-23,50.53166580200195,50.97639084669504,50.21665264756256,50.58725517593397,2367650
1982,2015-10-26,50.30930709838867,50.716970915864685,50.12400582013766,50.5872590157652,1788557
1983,2015-10-27,49.623680114746094,50.49459181559205,49.456907008370315,50.23517312709523,1680870
1984,2015-10-28,48.5674934387207,49.64224018670887,48.345130829263034,49.34576005851229,4725765
1985,2015-10-29,47.49272537231445,48.400698498985506,46.7700484726256,48.400698498985506,6657486
1986,2015-10-30,47.71509552001953,48.86396460260185,47.52979421723592,47.622444868627724,3034065
1987,2015-11-02,47.78921127319336,47.95598443269074,47.12212366182265,47.71508875194589,1507300
1988,2015-11-03,48.78984069824219,48.9751419767219,48.25246498000345,48.34511561924331,2879807
1989,2015-11-04,48.62305450439453,49.62368315063136,48.32657454894086,49.364259419646245,10212719
1990,2015-11-05,48.53041076660156,49.1048426466699,48.326581396672346,48.84542390554347,9402139
1991,2015-11-06,48.66013717651367,49.10485730546767,47.826281279777724,49.06780106468631,4219805
1992,2015-11-09,48.19688034057617,48.51189355028806,46.93682750172862,47.807744601536996,5260832
1993,2015-11-10,47.548316955566406,48.159810115577805,47.32595443557542,47.88185822224368,1531108
1994,2015-11-13,48.252464294433594,48.69718936711382,47.251835394212485,47.437136670059445,1386876
1995,2015-11-16,47.8077392578125,48.43776560681489,47.64097112539574,47.993040533799224,1462412
1996,2015-11-17,48.456295013427734,48.84543071932797,47.88186305322794,47.90039117067221,1602664
1997,2015-11-18,48.51189422607422,48.77131302909475,48.08569721643435,48.419243576434155,1327429
1998,2015-11-19,48.86395263671875,49.17896577963388,48.345110121303534,48.80836326482039,2523368
1999,2015-11-20,48.51189422607422,49.17897689283494,48.326592926794085,48.91955306319497,2168468
2000,2015-11-23,48.69718933105469,48.84542934629873,48.3636430134821,48.3636430134821,2177227
2001,2015-11-24,48.86395263671875,49.14190452282887,48.530411378710276,48.54893949380362,1241516
2002,2015-11-26,49.586631774902344,49.82752241500989,48.69718670478759,48.734242936636036,4171542
2003,2015-11-27,49.47545623779297,49.66075753436433,49.10485364465024,49.531050648059875,1605635
2004,2015-11-30,50.4760856628418,50.73550949081166,49.40133913925988,49.49398978830349,2006989
2005,2015-12-01,50.40195846557617,51.14316358928703,50.16106780569393,50.4390197270855,2520479
2006,2015-12-02,50.179595947265625,50.605787845587756,49.88311091136703,50.40195344091651,1390936
2007,2015-12-03,49.586631774902344,50.40195432808315,49.401330509186,50.031351796650455,1173194
2008,2015-12-04,48.456295013427734,49.54957458149451,48.34511625552421,49.54957458149451,1376556
2009,2015-12-07,48.60453796386719,48.863956729996865,48.06716226172496,48.54894356069344,1525844
2010,2015-12-08,48.252464294433594,48.623066846127514,47.937451120169996,48.54894432514121,1469647
2011,2015-12-09,48.23392868041992,48.80836053561311,47.82626493159667,48.067155547431945,2198948
2012,2015-12-10,48.456295013427734,48.54894565388699,47.90039117067221,48.17834309204997,1086874
2013,2015-12-11,47.43714141845703,48.54894918482933,47.214778859858704,48.54894918482933,1514970
2014,2015-12-14,47.49272537231445,47.95597850631546,46.973877840938755,47.177712235870125,1552518
2015,2015-12-15,47.9930419921875,48.10422577712942,47.15918622490845,47.492732553115246,1842404
2016,2015-12-16,49.41985321044922,49.69780507857008,48.06715512425127,48.178333860852426,2623492
2017,2015-12-17,49.86459732055664,50.086959905596764,48.82690693257603,49.40134402948134,1092627
2018,2015-12-18,50.179595947265625,50.587254703371215,49.30867900840482,49.66074839109769,28017527
2019,2015-12-21,51.68053436279297,51.84730751029593,50.17959614174025,50.17959614174025,6238035
2020,2015-12-22,51.32845687866211,52.10672314271061,51.12462751202429,51.71759252399544,9652753
2021,2015-12-23,51.90290832519531,52.06967648284151,51.439655065145466,51.439655065145466,3720080
2022,2015-12-24,51.92142105102539,52.19937292464673,51.64346917740406,51.8843597958856,2224191
2023,2015-12-28,52.6811637878418,52.903526311477044,51.754657461543694,52.05113747531168,5761043
2024,2015-12-29,52.236446380615234,52.8479396400846,52.032616969665206,52.699699611519186,8576492
2025,2015-12-30,52.254966735839844,52.495862401416154,51.977014838591955,51.977014838591955,8189382
2026,2015-12-31,52.31055450439453,52.62556259337572,51.736117640274394,52.254960110698676,7159928
2027,2016-01-01,52.254966735839844,52.56997989137782,52.16231610342388,52.403211769000194,3229824
2028,2016-01-04,52.236446380615234,53.49649416335012,51.84731567730363,52.06967320684211,6809859
2029,2016-01-05,51.56935501098633,52.60704006194209,51.21728060443791,52.27349879746476,4259054
2030,2016-01-06,51.699066162109375,51.86583932149521,51.143162332981724,51.36552486995655,5320149
2031,2016-01-07,51.18022155761719,52.53291981602666,50.957859029488006,51.699064105506196,6787347
2032,2016-01-08,52.49586486816406,52.625571738346444,51.47670786369893,51.88436664418998,10345830
2033,2016-01-11,53.08882141113281,53.92267700795919,51.51375581273173,52.06965954394931,8283638
2034,2016-01-12,52.903526306152344,54.3859364280801,52.64410252416758,53.1814782040138,6611338
2035,2016-01-13,52.95912551879883,53.515029417793905,51.921435224703,53.051776168631335,7462021
2036,2016-01-14,52.94058609008789,53.552084327707924,52.40321540080395,52.40321540080395,10278564
2037,2016-01-15,51.550819396972656,53.088823810822284,51.254339404235814,52.68116005084549,7430643
2038,2016-01-18,51.19875717163086,52.27350357840686,50.9208052547085,51.88436787874424,7411237
2039,2016-01-19,50.38343811035156,51.810259198639,49.95724610388122,51.309944657730455,7282040
2040,2016-01-20,49.90164566040039,51.99554898823787,48.382174254021635,49.88311251758709,15997901
2041,2016-01-21,48.993675231933594,50.90227759510776,48.91955270212086,49.95724298640212,10416175
2042,2016-01-22,49.32720947265625,50.32783834820272,48.95660693010106,49.364270732235504,8099084
2043,2016-01-25,49.29014587402344,49.82752154587488,48.64159145532888,49.66074839899176,8893503
2044,2016-01-27,51.23580551147461,51.606408010268375,49.43838741361931,49.5866274078132,14527719
2045,2016-01-28,53.25559616088867,53.552081203843834,52.06966604230518,52.25496730917019,22594616
2046,2016-01-29,54.793601989746094,54.99743642277643,53.55208737986477,53.66326614215831,11216960
2047,2016-02-01,54.38594055175781,54.99743376809425,54.16357801128486,54.81213248880327,12278379
2048,2016-02-02,54.20064163208008,55.720113193739714,53.73738841368501,54.293292275759086,18267134
2049,2016-02-03,53.380821228027344,54.48010879157582,52.710064611402366,53.60440171263693,12098041
2050,2016-02-04,54.70370101928711,54.96455168891407,53.2317673414576,53.977049192659166,8726120
2051,2016-02-05,54.1260986328125,54.92727544957077,53.79071782435392,54.796850141199656,6170693
2052,2016-02-08,53.082725524902344,54.424234210173346,52.784614730072036,54.05159318950181,3820374
2053,2016-02-09,52.89640808105469,54.219286813688406,52.542397069187224,52.84051293556709,7297377
2054,2016-02-10,53.41808319091797,53.86525428472633,52.54237608053151,52.54237608053151,8119293
2055,2016-02-11,50.94002914428711,53.604410881425395,49.971161679618746,53.231769937650355,7247688
2056,2016-02-12,51.55487823486328,52.46785043678579,50.79096643230689,51.424452912550706,16065640
2057,2016-02-15,51.68531036376953,52.4119622164449,51.46172478954124,51.83436572849965,8464543
2058,2016-02-16,51.90889358520508,52.37469473779045,51.349932202102636,51.834363379085026,6766384
2059,2016-02-17,52.02068328857422,52.11384351810357,51.18224122281007,52.11384351810357,7804863
2060,2016-02-18,52.11383819580078,52.82185485706205,51.79709243689654,52.206998415815825,8779283
2061,2016-02-19,52.54237747192383,52.915018375210295,51.81573074307464,52.09521142053949,6323086
2062,2016-02-22,52.03931427001953,52.728695870849435,51.55487808204669,52.54237542645962,2293985
2063,2016-02-23,51.08909225463867,52.28154547716827,50.94003686538923,52.169750144530916,3873885
2064,2016-02-24,52.057945251464844,52.54237639409357,51.29403343710441,51.42445370716671,11387961
2065,2016-02-25,49.09544372558594,52.262891055718555,48.83459815448706,52.20699593721631,19051305
2066,2016-02-26,49.8034782409668,50.64192039734761,49.18861661620768,49.747578053794896,12511003
2067,2016-02-29,48.461971282958984,50.06432543203298,48.14522544764902,50.06432543203298,11485783
2068,2016-03-01,49.840763092041016,50.064348789175945,48.536519088734394,48.81599994658581,14281573
2069,2016-03-02,50.455596923828125,51.49898952369678,49.95253064900117,50.306536505904454,13550709
2070,2016-03-03,50.54875183105469,51.01455295231446,49.952525384989045,50.86549255009882,7057560
2071,2016-03-04,51.66667938232422,51.852999848355154,50.47422637801977,50.828237285185,29228314
2072,2016-03-08,51.312652587890625,52.057934221262535,50.71642627034019,51.983404036219525,20131612
2073,2016-03-09,52.07658767700195,52.24427814168408,50.90276958702759,51.01456491490461,7284193
2074,2016-03-10,52.03931427001953,52.50511538099408,51.46171785985178,52.20699963741105,3713460
2075,2016-03-11,51.498992919921875,52.318805055501855,51.29404241316013,52.0393243348632,4685588
2076,2016-03-14,51.64805221557617,51.797107600382795,51.312676336194556,51.64805221557617,4423191
2077,2016-03-15,51.778472900390625,52.16974388198494,51.480362157677476,51.480362157677476,11655129
2078,2016-03-16,51.70393753051758,52.169738678463396,51.23813638257176,51.94615817086215,6170234
2079,2016-03-17,51.42445373535156,52.26289575100624,51.01455279333288,51.89025485515972,7509036
2080,2016-03-18,50.99592971801758,51.83437193100201,50.865504362922195,51.610786330019465,9195901
2081,2016-03-21,51.42445373535156,51.592144160188745,50.77233216762014,50.88412746893348,4674151
2082,2016-03-22,51.498992919921875,51.92752901404784,51.2381422256192,51.42446270604496,6628643
2083,2016-03-23,51.21949768066406,51.85298915624952,51.033177253052465,51.163602563233596,11545428
2084,2016-03-28,51.83435821533203,52.16973400093008,50.8654909036201,51.387192185956465,8691695
2085,2016-03-29,51.480350494384766,52.542372933607055,51.256764960871806,52.16973206250722,11478000
2086,2016-03-30,52.07658767700195,52.300173278489176,51.55489130970967,51.759846883684126,5797932
2087,2016-03-31,51.83435821533203,52.337424420861836,51.61077267351151,51.61077267351151,15715729
2088,2016-04-01,51.5362548828125,52.1697414450534,51.46172467348242,52.09521628998951,3935188
2089,2016-04-04,51.64805221557617,52.207013699301164,51.53626194053793,51.703947353095295,5649881
2090,2016-04-05,51.81572723388672,52.467848770473516,51.68530191571629,52.09520789242392,7744995
2091,2016-04-06,52.057945251464844,52.65417169534563,51.92751992713692,52.113840374958066,10418272
2092,2016-04-07,52.244266510009766,52.50511716271348,52.02068095830168,52.41195693735725,12408704
2093,2016-04-08,52.50511932373047,52.59827955292101,52.26289868442235,52.26289868442235,4133630
2094,2016-04-11,53.008182525634766,53.26902811981695,52.37469098184188,52.41195608222951,12360599
2095,2016-04-12,53.34355545043945,54.12610229941228,52.91501440043779,52.91501440043779,8901453
2096,2016-04-13,54.03294372558594,54.16336399249751,53.623037739428916,53.79072310585758,10239725
2097,2016-04-18,54.3869514465332,54.68506719888045,53.194503599941214,54.032945624344535,7347390
2098,2016-04-20,55.15087890625,55.85889574075177,54.088851127364016,54.293801639839096,7716065
2099,2016-04-21,54.46150207519531,55.72848059864927,54.07022595115746,55.2813093295396,6315086
2100,2016-04-22,54.424217224121094,54.89001835458181,53.77209564147609,54.51737745021324,4320738
2101,2016-04-25,53.58578109741211,54.442853250250344,53.119979915594314,54.442853250250344,3605005
2102,2016-04-26,54.0888557434082,54.49876185760717,53.306308626167834,53.82800501957239,8964411
2103,2016-04-27,53.790733337402344,54.40559496072356,53.5298876996982,54.14474426875296,3177289
2104,2016-04-28,52.859127044677734,54.20063540365258,52.67280657966084,53.73483424111035,9408511
2105,2016-04-29,53.43672180175781,53.60440718232529,52.35605909597089,53.008185756841925,4383214
2106,2016-05-02,53.23176574707031,53.66030684208846,52.76596460402091,53.28766592764894,3383764
2107,2016-05-03,54.10749816894531,54.703724921272254,53.28769080698047,53.28769080698047,4572397
2108,2016-05-04,53.19450759887695,54.07020973567276,52.915021848799626,53.958419479054676,4435593
2109,2016-05-05,53.380821228027344,53.772092130359525,52.952280172573026,53.28766100801822,2770226
2110,2016-05-06,53.082725524902344,53.41810143265326,52.356073512885914,53.34357626107934,3714029
2111,2016-05-09,53.473995208740234,53.71621083224132,52.78460839241659,53.10135423281034,5027038
2112,2016-05-10,52.859127044677734,53.5671488551548,52.54238124329581,53.34356328628131,7758595
2113,2016-05-11,52.7100715637207,52.98955226061085,51.98341973009988,52.46785597060245,4574270
2114,2016-05-12,53.62303924560547,53.79072461674412,52.61690680171098,52.877757451391965,4877581
2115,2016-05-13,53.93977737426758,54.107462721640665,53.06407037932505,53.399446128336145,6719824
2116,2016-05-16,53.827999114990234,54.36833053183625,53.28767275241073,54.01431959607279,4500368
2117,2016-05-17,53.99567794799805,54.40558392900753,53.138600886929986,54.40558392900753,4754541
2118,2016-05-18,53.306312561035156,53.99569947840307,53.17588718948974,53.66032356176306,2573082
2119,2016-05-19,53.80937194824219,54.25653809404468,53.39946585722315,53.39946585722315,6035130
2120,2016-05-20,53.958412170410156,54.08883748830924,53.54850619455534,53.883881973249146,3055890
2121,2016-05-23,55.206764221191406,55.486244899908485,54.032946381432815,54.25652688099388,10093334
2122,2016-05-24,54.66642761230469,55.616664860809806,54.48010717780548,55.5235046435602,3545037
2123,2016-05-25,55.78437042236328,55.89616575611016,54.79687277273491,55.15088374819937,7201959
2124,2016-05-26,56.119747161865234,56.41785792097242,55.374460155563845,55.89616156540149,11348343
2125,2016-05-27,56.2129020690918,56.79049350537623,55.44898510822147,56.417852564736926,7635493
2126,2016-05-30,56.54827880859375,56.99544491194799,55.653941547618956,56.306063204160246,6049447
2127,2016-05-31,55.89616394042969,56.77187128213259,55.72847347239003,56.6414459241314,4297008
2128,2016-06-01,55.486244201660156,56.119735753819874,55.29992375152679,56.119735753819874,5018958
2129,2016-06-02,55.97067642211914,56.11973682849283,55.188129505720376,55.48624526420198,3951078
2130,2016-06-03,56.04520797729492,56.212898411377665,55.61667193429735,56.119738182279676,3453446
2131,2016-06-06,55.616668701171875,56.156994965970256,55.35581805315499,55.97067451860551,2395810
2132,2016-06-07,55.858882904052734,56.25015381223123,55.61666733926293,55.6725624612505,3771426
2133,2016-06-08,56.846378326416016,56.976803642840125,55.63529548897052,55.89614612181875,3804592
2134,2016-06-09,56.939552307128906,57.55440888543763,56.771866906281,56.90228719996274,4520638
2135,2016-06-10,57.53578186035156,57.815262597277105,56.958190359078834,56.976820386500485,8988984
2136,2016-06-13,56.56690216064453,57.29355394248342,56.39921678701951,57.29355394248342,7199310
2137,2016-06-14,56.10111618041992,56.79050304728631,56.007955929607355,56.54828740602706,2914984
2138,2016-06-15,57.53578186035156,57.66620721510351,56.32469866700756,56.32469866700756,5287666
2139,2016-06-16,57.61030960083008,58.24379621138915,56.58554694284343,57.53577938581533,5385026
2140,2016-06-17,58.52327346801758,58.858649307175355,56.97681455937551,57.759361553587844,8985642
2141,2016-06-20,58.37421798706055,58.690963800083274,57.85252167669349,58.504643328218876,5237563
2142,2016-06-21,58.13200759887695,58.6164388474709,57.777996648873646,58.33695811460515,5276594
2143,2016-06-22,57.982940673828125,58.39284162366873,57.61029977087068,58.15062604759954,4797461
2144,2016-06-23,58.37421798706055,58.8213891412416,56.958184422597654,57.94568191262569,5027803
2145,2016-06-24,58.057472229003906,58.18789757028571,56.11974235233941,57.181764999558915,6010853
2146,2016-06-27,57.3867073059082,58.50462988012469,57.01406644783604,57.03269646903361,5121198
2147,2016-06-28,57.92703628540039,58.13199179969225,57.25628473052696,57.591660507963674,5842035
2148,2016-06-29,59.343082427978516,59.75298845604804,57.964308984726316,58.057469215911844,9838712
2149,2016-06-30,60.77775192260742,61.057232620410716,59.36171335451109,59.6225640275006,18696297
2150,2016-07-01,61.54165267944336,62.00745375821645,60.740475834806674,61.11311669782515,9960809
2151,2016-07-04,61.634822845458984,62.342839588642526,61.35534215307606,62.11925907814898,5753019
2152,2016-07-05,60.08837127685547,61.78388566022761,59.920680819481696,61.59756517615302,5510329
2153,2016-07-07,60.87092590332031,61.169036693267735,59.69710266401767,59.99521850823233,5911690
2154,2016-07-08,61.280826568603516,61.634832468332235,60.218798760883786,60.92681561460801,7803900
2155,2016-07-11,62.08199691772461,63.77751117684363,61.83978131703135,61.895676447304226,11133401
2156,2016-07-12,62.08199691772461,62.97633416488922,61.87704136770245,62.231052283207674,9182267
2157,2016-07-13,60.31194305419922,62.771373891506606,59.88340199557134,62.17514746817975,11106820
2158,2016-07-14,61.504390716552734,61.70934623421653,60.330572949079816,60.572788511532096,7428442
2159,2016-07-15,61.206295013427734,62.00747209498749,60.777758905083374,61.87704674350877,6629943
2160,2016-07-18,60.81501007080078,61.78387747041293,60.59142956296146,61.33671140046835,3891623
2161,2016-07-19,62.00746536254883,62.23105093305567,60.740487202031545,60.8522774601519,5987973
2162,2016-07-20,62.73411178588867,63.34896826098857,62.19378045834488,62.23104555925578,7071425
2163,2016-07-21,60.55415725708008,62.73410738332737,60.29330662327549,62.71547230704685,4189305
2164,2016-07-22,61.988826751708984,62.62231321709203,60.684583667710136,60.926799229599695,7206087
2165,2016-07-25,62.957706451416016,63.19992206100364,61.914308746187636,62.06336411714414,3967394
2166,2016-07-26,63.87068176269531,64.46690837551603,62.305592590091365,63.06950462090515,8278821
2167,2016-07-27,64.26195526123047,64.72775649402782,63.92657938446974,64.46690578195457,8851677
2168,2016-07-28,65.65934753417969,66.64684496502139,64.1501487699732,64.42962946101892,31420184
2169,2016-07-29,65.5848159790039,66.14377734959656,65.10038481286327,65.99472199495837,12377513
2170,2016-08-01,66.03199005126953,67.03811753078813,65.45439357659089,65.58481891308388,11965659
2171,2016-08-02,66.66548156738281,67.14991784555515,65.60345888003023,66.14378523680732,6487056
2172,2016-08-03,65.54754638671875,66.73999925067214,64.72773946523311,66.70273415099882,10713465
2173,2016-08-04,66.40463256835938,66.83316863770497,65.71524581979496,65.88293626418795,9047354
2174,2016-08-05,65.77114868164062,67.52256332396236,65.6034632718014,66.70275113941457,8816394
2175,2016-08-08,66.51643371582031,67.07539521626585,65.39851071492923,65.95747221537476,9540514
2176,2016-08-09,65.62207794189453,66.94495110063842,65.39849239350055,66.51641508120488,6314021
2177,2016-08-10,64.98860168457031,65.77114876089678,64.69049091943015,65.6220933783267,3789657
2178,2016-08-11,64.85816955566406,65.78977184466589,64.26194307984971,64.87679957973775,5017074
2179,2016-08-12,66.34874725341797,66.7027531655652,64.9140784140135,64.9140784140135,4369997
2180,2016-08-16,66.1437759399414,68.23056602320023,65.677974807708,66.6282121500236,22372774
2181,2016-08-17,65.08175659179688,66.628220590122,64.93270122145381,66.31147476922649,11599079
2182,2016-08-18,67.8206558227539,68.2678269037565,65.67797074695854,65.9574514090188,20664320
2183,2016-08-19,67.42938995361328,68.19330179859209,66.81453346201256,68.19330179859209,16563739
2184,2016-08-22,67.80204772949219,68.11879359312513,67.3548765038613,67.61572722785716,11335483
2185,2016-08-23,67.87654876708984,68.34234985558248,67.07537190573557,67.61570319009313,7423678
2186,2016-08-24,67.93245697021484,68.1933025780415,67.48528585070362,67.93245697021484,5319170
2187,2016-08-25,67.91381072998047,68.93857307735912,67.26168923619406,68.00697094337853,12995397
2188,2016-08-26,67.37348175048828,68.34234388651973,67.14989623668686,68.06286325783415,7097916
2189,2016-08-29,67.16853332519531,67.57843930125581,66.18103601077594,67.52254418048969,2956326
2190,2016-08-30,68.30510711669922,68.49142759929971,66.96359863112238,67.41076475680362,5212793
2191,2016-08-31,68.45415496826172,68.7522656859511,67.76476824755576,68.23056940286168,6435761
2192,2016-09-01,68.67774963378906,68.93859528276406,67.91383260530513,68.37963382233191,6116318
2193,2016-09-02,68.49141693115234,68.9385829871835,67.93245557041408,68.77089761152148,3858397
2194,2016-09-06,69.5348129272461,69.94471895647526,68.49142035672278,68.84542620366969,9001076
2195,2016-09-07,68.84542846679688,69.68387057740037,68.52868265860454,69.34849474401221,5024999
2196,2016-09-08,70.0326919555664,70.50233165910103,68.24805598621795,69.09340745258025,5980354
2197,2016-09-09,69.05582427978516,70.12660357379579,68.90553553290134,69.88238690806746,5051740
2198,2016-09-12,67.7220458984375,68.90553667633435,67.53419005763115,68.60496936941051,4144478
2199,2016-09-14,67.30876159667969,68.02261786388632,67.06455002438489,67.60933399758663,6680869
2200,2016-09-15,65.6744155883789,67.77839677801533,65.39263184734736,67.77839677801533,8920122
2201,2016-09-16,66.1440658569336,67.81597993330473,65.05449780528582,66.23799378580556,21690721
2202,2016-09-19,66.65128326416016,66.95185574220915,65.46779219012984,66.01257630315062,4266806
2203,2016-09-20,66.91427612304688,67.40269933881248,66.50099219652093,66.74520380440373,4769662
2204,2016-09-21,65.86228942871094,67.66570382617061,65.58050561061306,66.91428031124293,4957941
2205,2016-09-22,67.08333587646484,67.74083128771964,66.20041244788241,66.53855192591605,4676363
2206,2016-09-23,66.10649871826172,67.40270117820475,66.0125707822115,66.97063369155708,7599534
2207,2016-09-26,66.0125503540039,66.98940160581368,65.69319445107753,66.0125503540039,6333433
2208,2016-09-27,66.20040893554688,66.93304358309643,66.06890884108968,66.36947611763586,6069513
2209,2016-09-28,67.04576873779297,67.28998031831608,66.20041743111727,66.20041743111727,4515648
2210,2016-09-29,65.14842224121094,68.41711602906996,64.50971541667577,67.15848083048442,13380901
2211,2016-09-30,66.33191680908203,66.76398423075612,64.45335837057212,65.41142113584581,11831869
2212,2016-10-03,68.07897186279297,68.71767864361199,65.97498549369038,66.55733654324825,9403402
2213,2016-10-04,68.00384521484375,68.64255725805064,67.79720578105639,68.19170109862024,7967290
2214,2016-10-05,68.15412139892578,68.9055448513002,67.77840967273858,68.06019346737898,5347763
2215,2016-10-06,66.83914184570312,68.47348915471534,66.6888581485805,68.11656601103876,5654229
2216,2016-10-07,66.4822006225586,67.47783557814556,66.23798904415665,66.83912366917193,3980080
2217,2016-10-10,66.89547729492188,67.25240030309658,66.57612137482792,66.57612137482792,4458994
2218,2016-10-13,65.74955749511719,66.82033677310606,65.26113436280014,66.70762531054541,14897308
2219,2016-10-14,66.76399230957031,67.06455965773586,64.82907790295289,66.05014103573976,4958871
2220,2016-10-17,66.1440658569336,66.74520052498112,65.67442621257379,66.23799378580556,4534814
2221,2016-10-18,66.27555847167969,66.80155893097697,65.7495631082985,66.40705858650401,7289895
2222,2016-10-19,67.08333587646484,67.90989847877867,66.16284026234189,66.48219619556305,9020687
2223,2016-10-20,67.12091064453125,67.72205039420172,66.82034331765409,67.38391087748589,4037879
2224,2016-10-21,66.4822006225586,67.38390765599743,66.16284466807177,67.38390765599743,10350237
2225,2016-10-24,66.16284942626953,67.00820078639735,65.80592125807128,66.35070528407572,2945373
2226,2016-10-25,67.0082015991211,67.23362965040593,65.97499436865562,66.33192254118295,3002870
2227,2016-10-26,65.93742370605469,66.9894196044664,65.67442855338909,66.87670302825276,3927291
2228,2016-10-27,65.93742370605469,66.44463555922493,65.26114463243864,65.78714003368628,7017500
2229,2016-10-28,66.08770751953125,66.50099144136412,64.64122143699089,66.05014042329628,4282450
2230,2016-11-01,66.46341705322266,67.4590571807151,65.43020983073646,65.8434937389142,5277438
2231,2016-11-02,65.78713989257812,66.31313529269754,65.54292828851374,66.10649588062377,4859666
2232,2016-11-03,65.73078155517578,66.01256534009602,65.48656996076149,65.80592084027143,4078615
2233,2016-11-04,65.20479583740234,66.068930867499,64.34065571138869,65.74957484475301,4179894
2234,2016-11-07,65.37385559082031,65.59928364553143,65.20478837172429,65.48657216613408,7660803
2235,2016-11-08,66.5009765625,66.7264045690551,65.33626944189469,65.46776953704477,3265787
2236,2016-11-09,67.7032699584961,68.11655387388147,62.725089617879895,63.87100833716462,13247214
2237,2016-11-10,70.80289459228516,71.38524574979309,68.06019583803564,69.50668705342352,18046820
2238,2016-11-11,68.7928237915039,70.82166581118858,68.1916840941377,69.88238662652755,8770575
2239,2016-11-15,69.4878921508789,70.10781540020541,68.5861851431389,68.5861851431389,11489252
2240,2016-11-16,70.82166290283203,71.57308621970296,68.88674888107248,70.08902822643218,10203154
2241,2016-11-17,72.47480010986328,73.78979094764888,69.20610656042994,70.61502531520024,9392264
2242,2016-11-18,72.11788940429688,73.37652481505046,71.9112499753909,72.79417362746682,12168642
2243,2016-11-21,69.52546691894531,72.75658848789004,69.24368315007077,72.75658848789004,12187225
2244,2016-11-22,69.03704071044922,70.14539227260869,67.90990560150716,69.84482494859058,11976002
2245,2016-11-23,68.24805450439453,70.4647579336817,67.47784744568752,69.20612253635343,13625626
2246,2016-11-24,69.52546691894531,70.22053456801906,67.74083638273981,68.36075965508064,18404432
2247,2016-11-25,70.8780288696289,71.46037994407983,69.50667714013292,69.91996101357353,14716858
2248,2016-11-28,71.57308959960938,73.18865286472317,70.23931518754465,70.25809873298724,10318399
2249,2016-11-29,71.1786117553711,71.96760748715111,70.8216835374963,71.62946791522167,12406804
2250,2016-11-30,72.09910583496094,72.39967320345391,70.48354221553979,71.68582188134543,7446808
2251,2016-12-01,69.2436752319336,72.32451279102918,68.94310285528881,72.32451279102918,11056167
2252,2016-12-02,69.05582427978516,69.84481981726223,68.56739604424422,69.50667523268939,9676372
2253,2016-12-05,69.54426574707031,69.90119397111044,67.94749070590026,69.0182702821036,12282830
2254,2016-12-06,68.71768188476562,70.10781716632468,68.56739822900906,69.65696619905496,4550359
2255,2016-12-07,68.5486068725586,69.69452535004153,68.37953459414916,69.39395807277512,4265108
2256,2016-12-08,69.75090026855469,69.86361174632724,68.21048119547054,69.11218830539998,5413273
2257,2016-12-09,69.300048828125,69.88239999565756,69.03704856773932,69.88239999565756,3451184
2258,2016-12-12,69.4127426147461,69.67574280807247,68.90553086813975,69.22488678977452,3689403
2259,2016-12-13,69.60062408447266,70.08905246691229,68.54863311538575,69.69455203156674,4417447
2260,2016-12-14,68.36076354980469,69.65697099884295,68.17290769318558,69.50668223681467,7312670
2261,2016-12-15,68.88675689697266,69.78846396296042,67.81597752664891,68.0038333777262,5253972
2262,2016-12-16,69.05582427978516,69.97631482691197,68.26682874230806,68.96189636094064,26025533
2263,2016-12-19,69.16853332519531,69.50667280202762,68.69889374739611,69.18731686994106,3627943
2264,2016-12-20,68.36076354980469,69.30004283290016,68.28561916879055,69.13097052357648,5757036
2265,2016-12-21,68.84919738769531,69.01826972316977,68.28562973066985,68.39834631962518,5279390
2266,2016-12-22,68.28561401367188,68.92432591632472,68.04140243768668,68.75525361976489,2653684
2267,2016-12-23,68.49227142333984,68.64255510646704,67.2524195717276,68.22927115592964,4805945
2268,2016-12-26,67.1772689819336,68.51104345229237,66.97062449345476,68.51104345229237,5932940
2269,2016-12-27,68.02262878417969,68.26684039568,66.33192595636991,67.13970517714016,4555998
2270,2016-12-28,67.62812805175781,68.75526326449128,67.2899885071211,68.02262843376448,3739977
2271,2016-12-29,67.64691162109375,68.17290699505749,67.2524112686838,67.32755564892842,14737238
2272,2016-12-30,68.94310760498047,69.54424730376891,67.72204466203219,67.77840039406205,4872601
2273,2017-01-02,68.99947357177734,69.58182981157596,68.60497829313674,68.94311783138818,1811713
2274,2017-01-03,70.65260314941406,70.82167035595299,69.31882356405474,69.4691123199774,7819727
2275,2017-01-04,70.1641845703125,70.9531802641592,69.90118940297477,70.65261290265414,7829503
2276,2017-01-05,71.70458221435547,71.85486584994304,69.9199519389545,70.27688003240077,6362320
2277,2017-01-06,70.93440246582031,72.45603313766584,70.72775792910538,71.81732616870724,6298387
2278,2017-01-09,70.08903503417969,71.08467000655659,69.54425103816719,71.08467000655659,2956484
2279,2017-01-10,70.08903503417969,70.74653050030429,69.52546749178717,70.10781858055971,4626997
2280,2017-01-11,71.31008911132812,71.91122876710578,69.84481470381189,70.37080999164908,21835704
2281,2017-01-12,74.39095306396484,75.04844868108867,71.38525371833875,71.38525371833875,26857806
2282,2017-01-13,74.07158660888672,75.10479386185203,73.65830268851731,75.10479386185203,23933005
2283,2017-01-16,74.91693878173828,75.53686212082214,73.92130371037129,74.01523164344208,8473484
2284,2017-01-17,74.29701232910156,75.3865752878792,73.3013722035422,74.9169356422064,10193606
2285,2017-01-18,74.55998992919922,75.01084592132543,74.03399466899538,74.39092275408822,21229809
2286,2017-01-19,75.81865692138672,76.53250829712181,74.10917032981712,74.7290937588524,8756982
2287,2017-01-20,74.91693878173828,76.11921326749439,74.18429886541958,76.11921326749439,12987134
2288,2017-01-23,75.2175064086914,75.9689298760498,74.78543893414364,75.08600628272039,7334154
2289,2017-01-24,76.4009780883789,76.90818982015088,75.36777108125332,75.51805981356742,7122776
2290,2017-01-25,76.30707550048828,76.66400371430495,75.85622444168067,76.51372002803575,10336365
2291,2017-01-27,76.85185241699219,77.75355954629124,76.10042895992358,76.45735714039775,11095330
2292,2017-01-30,77.28392028808594,77.56570408595408,76.08164580806508,76.75792488458202,5832917
2293,2017-01-31,77.84748840332031,78.61770051351631,76.81428113757556,77.20878151477348,7593736
2294,2017-02-01,77.32147979736328,78.37347552772991,76.92698458342308,78.37347552772991,7325455
2295,2017-02-02,76.62641143798828,77.3966234091407,76.36341632991709,77.35905122344036,7773806
2296,2017-02-03,75.78107452392578,77.32149366165653,75.55564646300382,76.34464212827241,4479429
2297,2017-02-06,75.55563354492188,76.72034074728639,75.04842686446254,75.98770604444752,6337200
2298,2017-02-07,75.10479736328125,76.49492776543885,74.84179710280772,75.76229291854835,6562928
2299,2017-02-08,75.55563354492188,76.1567732392954,74.50364290170498,75.51806645445502,9024346
2300,2017-02-09,75.95013427734375,77.24633649532923,75.44292249816868,76.04406219586077,12790725
2301,2017-02-10,75.10479736328125,77.32149564471275,74.86058574765109,77.09606757800925,16817238
2302,2017-02-13,76.28828430175781,76.62642383593978,74.95450971296147,75.78107245252666,9508762
2303,2017-02-14,75.46171569824219,76.62642305605159,75.17993190663908,76.60763950831127,9403263
2304,2017-02-15,75.6871337890625,76.11920119347029,75.04842700304273,75.6683502437944,7302351
2305,2017-02-16,75.95145416259766,76.44231398387063,75.17739967971198,75.51723122511179,6272531
2306,2017-02-17,76.48006439208984,76.74437664634557,75.34730636757334,76.27239413613036,4966775
2307,2017-02-20,77.95265197753906,78.31136074846107,76.19687799222956,76.98980966598366,9917513
2308,2017-02-21,77.83938598632812,78.4624019631113,77.2352472640716,77.95265975616553,7428835
2309,2017-02-22,76.12135314941406,78.87773399184113,75.85704602512949,78.78333749288139,26345564
2310,2017-02-23,75.19627380371094,76.27239496293454,74.96972117208418,76.27239496293454,13404307
2311,2017-02-27,72.77972412109375,75.51722270142645,72.45877498740784,75.51722270142645,14798634
2312,2017-02-28,72.55317687988281,73.5726561127303,72.32662423213722,72.45878037010036,10051421
2313,2017-03-01,72.74197387695312,73.51602325095865,72.43990195632902,73.06292305203056,10348326
2314,2017-03-02,71.64695739746094,73.25170298595104,71.36376790325758,73.25170298595104,10629352
2315,2017-03-03,72.06230163574219,72.21333500549605,70.98618055407216,71.36376653912566,8454072
2316,2017-03-06,73.19506072998047,74.08238883293255,72.15669925492412,72.4398887481213,14858083
2317,2017-03-07,73.45938110351562,73.9880005250633,73.08179507079036,73.45938110351562,11746802
2318,2017-03-08,73.8558578491211,74.61103005219712,73.30836107469453,73.7425840671954,7938282
2319,2017-03-09,73.421630859375,73.93137309296762,72.68534107426477,73.93137309296762,9777769
2320,2017-03-10,72.70423126220703,73.89362660459685,71.76026589184372,73.62931937369906,16388459
2321,2017-03-14,73.11956787109375,75.02637563133948,72.72309939250395,74.93197910615227,11886293
2322,2017-03-15,72.85523986816406,73.27058551384229,72.68532923220808,73.25170826140435,7772586
2323,2017-03-16,73.66704559326172,73.79920171861461,72.77972258304501,73.30834196311865,5161993
2324,2017-03-17,73.25169372558594,74.38445155919786,72.91186227843265,74.30893232175553,9522200
2325,2017-03-20,73.10066986083984,73.42161900210994,72.77972584090793,73.25170836591153,9378518
2326,2017-03-21,72.96852111816406,73.45938091088438,72.8363649827891,73.25171064196539,8126819
2327,2017-03-22,72.53428649902344,73.85583749010931,72.28885662494649,72.32661624895937,8203222
2328,2017-03-23,72.89299774169922,73.06291349490782,72.34549597810532,72.87412048971517,5875356
2329,2017-03-24,73.15731048583984,73.68592987964027,72.96851747938697,73.19506499005996,6164329
2330,2017-03-27,73.57263946533203,74.0446219074481,73.11953939370296,73.25169550176292,7104197
2331,2017-03-28,74.27118682861328,74.38446570632118,73.49713754363083,73.49713754363083,6020578
2332,2017-03-29,74.32782745361328,74.55438009911133,73.91248691176163,74.4977432180714,6451066
2333,2017-03-30,73.79920196533203,74.6676528481701,73.346101832899,74.4977370976715,13016042
2334,2017-03-31,74.49774932861328,75.47947412540341,73.87473334339569,73.87473334339569,8522874
2335,2017-04-03,74.08241271972656,75.29069032882784,74.00689856999487,75.29069032882784,9945512
2336,2017-04-05,73.62931060791016,74.72430928290078,73.32723865255252,74.327840801745,7061975
2337,2017-04-06,74.4599838256836,74.7431733531169,72.91188005144713,74.15791704495675,7466431
2338,2017-04-07,73.62931060791016,74.10129323690089,73.44051755631386,74.02577396772665,9205565
2339,2017-04-10,73.74258422851562,73.87474038861089,73.38387538273409,73.64818770292462,5763232
2340,2017-04-11,75.19627380371094,76.121356460958,73.4404998709451,73.76144388430012,10668096
2341,2017-04-12,74.61101531982422,76.08360492212263,74.00688177372444,75.51722588165039,6620702
2342,2017-04-13,75.51722717285156,75.9136904594256,74.30894981731626,74.68653585075374,5910355
2343,2017-04-17,76.38567352294922,76.7066226778309,75.13964165263023,75.49834531404285,11138596
2344,2017-04-18,76.40455627441406,77.14085114616653,76.14024910298558,76.46119828096329,7675098
2345,2017-04-19,79.7461929321289,80.61464393909418,76.25352189256408,76.59334832079455,29099215
2346,2017-04-20,78.87774658203125,80.19929777840898,77.57507263992348,80.04826438023353,11822555
2347,2017-04-21,77.6317138671875,79.46300736603058,76.95206097670545,79.06654403347254,7938078
2348,2017-04-24,77.3485107421875,78.14144238956081,77.06532123393548,77.97153175741242,7520828
2349,2017-04-25,78.76448059082031,79.25534046369191,77.32965036313405,77.78275572373796,6293621
2350,2017-04-26,77.66947174072266,78.7267158058394,77.12197501393504,78.7267158058394,5977354
2351,2017-04-27,78.44353485107422,79.34974049095902,77.46180994064093,77.78275915846288,13646716
2352,2017-04-28,78.53791809082031,78.80222525034328,77.76386362334793,78.16033204464019,5477289
2353,2017-05-02,77.78275299072266,78.8588743433414,77.21637387053795,78.8588743433414,5123042
2354,2017-05-03,79.68954467773438,80.72790618999461,77.89601115655759,78.12256378350014,10859280
2355,2017-05-04,79.53851318359375,80.33144483599936,78.91549728575293,79.67066931255103,12952295
2356,2017-05-05,78.91549682617188,80.04825485977216,78.36799506139651,80.04825485977216,4993008
2357,2017-05-08,79.29307556152344,79.48186854980004,78.04703876609531,78.95324920689308,6855459
2358,2017-05-09,78.6700668334961,79.85946174285081,78.44351420282423,79.31195997883866,4729357
2359,2017-05-10,79.48189544677734,79.65180612092216,78.91551629028267,79.17982349050993,4623710
2360,2017-05-11,78.6134262084961,79.85946313829524,77.8582541739529,79.67067012965944,4946190
2361,2017-05-12,77.87714385986328,79.14205816075939,77.63170882852121,78.53791945213185,5386419
2362,2017-05-15,78.04706573486328,78.91551685382707,77.9149146944756,78.87775721885659,5353854
2363,2017-05-16,78.31136322021484,78.51903349119502,77.87714030367732,78.06593332141871,4077710
2364,2017-05-17,78.8399887084961,79.17981514229591,77.8393866617871,78.38688850387592,3694898
2365,2017-05-18,78.63232421875,79.066547200693,78.19810123680702,78.5379276956607,5797418
2366,2017-05-19,77.6883316040039,79.95384735959044,77.06531067414775,79.17979307029597,17793954
2367,2017-05-22,76.46118927001953,78.42463349440317,75.2151523355406,78.16032635412324,7423973
2368,2017-05-23,76.04584503173828,76.83877670992038,74.51661855495746,76.63110132299698,6465473
2369,2017-05-24,75.47947692871094,76.98982125022415,74.9508574404491,76.42344212965669,6650433
2370,2017-05-25,75.1207504272461,75.87592241030413,73.87471870373545,75.78152591242187,9992276
2371,2017-05-26,76.347900390625,76.98979858684908,74.8753161348999,75.51721433112397,6466364
2372,2017-05-29,78.95325469970703,79.57627058009581,76.68773356143689,76.70661593438075,14504778
2373,2017-05-30,77.0653305053711,78.8777466490318,76.29128113822783,78.8777466490318,10884114
2374,2017-05-31,78.51904296875,79.02878520244731,77.38628472557332,77.38628472557332,7781359
2375,2017-06-01,78.40576171875,79.17981106259703,77.91490190870142,78.36800208997583,6369921
2376,2017-06-02,77.82049560546875,78.67006927721292,77.51842883608191,78.57567277161225,6713770
2377,2017-06-05,77.51842498779297,78.29247936809453,77.10307935950165,78.06592674163217,5093948
2378,2017-06-06,76.81991577148438,77.65060730829572,76.38569274506285,77.61284767092435,5324457
2379,2017-06-07,77.42404174804688,77.66947166819412,76.34792042903638,76.98981879373424,7605903
2380,2017-06-08,78.29249572753906,78.42464675936233,76.87654279661633,77.40516740926547,7487370
2381,2017-06-09,78.23584747314453,78.72671241408848,77.9715403092565,78.31136673216318,6432439
2382,2017-06-12,77.85826873779297,78.50016713576075,77.4051685051149,77.93378800390884,3684911
2383,2017-06-13,79.38748931884766,80.48248786469706,77.78274856953804,77.95265922313231,15775215
2384,2017-06-14,79.48189544677734,80.42586070760181,79.10430934244755,79.67068849894224,13639132
2385,2017-06-15,79.42523956298828,80.14265196539715,79.04765354894802,79.29308343380657,5595511
2386,2017-06-16,79.27420806884766,79.85946951515523,78.38688495447624,79.29309044402189,6127735
2387,2017-06-19,80.19931030273438,80.40698061748911,79.27422227226813,79.2931046508255,6393073
2388,2017-06-20,78.65119934082031,81.18102813950857,77.6317148705814,80.14266641369964,12876594
2389,2017-06-21,77.66947174072266,78.5379227714977,77.31076804827674,78.5379227714977,13855413
2390,2017-06-22,76.38567352294922,78.80222312918693,75.5172276886467,77.72610190227232,33713902
2391,2017-06-23,77.78275299072266,78.1603390708458,76.42344207801156,76.64999475035324,9034020
2392,2017-06-27,77.6883316040039,78.0470351925027,76.08359127713013,77.78272809382001,6947747
2393,2017-06-28,78.38687896728516,78.8966159953006,76.80101564070465,77.782740313286,7103873
2394,2017-06-29,78.53791809082031,79.48188320627062,78.12257241575446,78.53791809082031,7577681
2395,2017-06-30,79.50077819824219,79.68957126345573,78.46241633956775,78.5001759768784,7751039
2396,2017-07-03,79.84058380126953,80.29368908776401,79.1042941123889,79.29308712820522,8768284
2397,2017-07-04,79.55738830566406,80.42583918603286,79.19868467534171,80.42583918603286,4530105
2398,2017-07-05,79.31197357177734,79.84059305305082,79.10430327885028,79.84059305305082,6062229
2399,2017-07-06,79.23646545410156,79.67068844954373,78.91551624135238,79.67068844954373,5577232
2400,2017-07-07,79.08541107177734,79.44411984734185,78.61342853621261,79.17980757889029,7641379
2401,2017-07-10,79.8028335571289,80.04826346652989,79.2930913629339,79.2930913629339,2844699
2402,2017-07-11,80.02936553955078,80.5579900064147,79.63290231074045,80.23704090048663,13833624
2403,2017-07-12,80.80343627929688,81.18102233440875,80.02938179351433,80.02938179351433,9211263
2404,2017-07-13,81.21878051757812,81.93619298524494,80.97335061039455,81.91731573136103,9596900
2405,2017-07-14,81.25653076171875,81.65299401819854,80.99221850984024,81.65299401819854,4889330
2406,2017-07-17,81.82292938232422,82.10611895378857,81.27542749562414,81.27542749562414,6302565
2407,2017-07-18,81.3320541381836,83.06895098192506,81.0866242314387,81.91731558493983,7549621
2408,2017-07-19,82.55921936035156,82.88016856625386,81.57749448637833,82.0872367403009,8521832
2409,2017-07-20,82.57808685302734,83.06894664086552,82.1816184508458,82.69136061288592,10233967
2410,2017-07-21,81.29429626464844,82.86128249356094,80.61464341262611,82.86128249356094,4948380
2411,2017-07-24,81.84178924560547,82.03058225312624,80.5202381929601,80.5202381929601,6137724
2412,2017-07-25,81.93619537353516,82.54033409283095,81.6718830834249,82.12498840323141,6113154
2413,2017-07-26,82.04947662353516,82.29491168158837,81.38870095935316,82.25715204793872,5258903
2414,2017-07-27,81.8040542602539,82.72914232428919,81.46422776862408,82.20052276827172,21380991
2415,2017-07-28,81.04886627197266,81.86067526700799,80.06714150343144,81.59636810096832,8260545
2416,2017-07-31,84.31499481201172,84.65482640007136,81.0488760617816,81.0488760617816,17403810
2417,2017-08-01,84.73033142089844,85.18343674194628,83.3143836942973,84.50377876037452,15263765
2418,2017-08-02,83.74860382080078,85.33446726975426,83.33326326538116,84.82472508106645,12014487
2419,2017-08-03,84.18282318115234,84.78695669805647,82.785752900301,83.44652841558566,5285543
2420,2017-08-04,84.80583953857422,85.01350979598702,83.67308150613049,84.73032028787608,7975937
2421,2017-08-07,85.31558990478516,85.42886367041778,84.20170901693068,84.95688111138428,4619568
2422,2017-08-08,84.1639404296875,85.56101070426053,83.61644379228628,85.5232510792892,3229672
2423,2017-08-09,83.786376953125,85.03241418421486,83.37103120942838,84.05068927766087,4573769
2424,2017-08-10,82.08721923828125,83.74859668236536,81.3131699549708,83.74859668236536,6813656
2425,2017-08-11,82.65361022949219,83.25774896609184,80.04826736932876,80.23706040443247,8860877
2426,2017-08-14,84.1073226928711,84.5604280529624,82.69137484425974,82.7857713675005,4990789
2427,2017-08-16,83.33325958251953,84.8247213322906,82.93679117713357,84.46601767561374,5221989
2428,2017-08-17,82.86128997802734,83.67309904719716,82.596977666512,83.25775332396124,2837686
2429,2017-08-18,84.18282318115234,84.50376719150591,82.57808264403246,82.69135639811749,7721084
2430,2017-08-21,83.18223571777344,84.93801516825575,82.89904614464264,84.57930632708772,5203218
2431,2017-08-22,82.88014221191406,83.956263267711,82.33264049821496,83.80522990158842,6646897
2432,2017-08-23,82.97454833984375,83.37101161211493,82.18161667396323,82.91791146113904,5312780
2433,2017-08-24,83.42766571044922,83.89964830366351,82.71024807169238,82.88016385378509,5492256
2434,2017-08-28,81.97396087646484,83.40878595641377,81.80404508902974,83.40878595641377,9753985
2435,2017-08-29,81.29429626464844,82.52145094621112,80.72791718085027,82.04946837637931,12235532
2436,2017-08-30,81.40757751464844,82.10611276252148,80.89783530018224,81.87956009816551,9313551
2437,2017-08-31,82.78575897216797,83.06894849948888,81.19989557063549,81.65300086288431,8143692
2438,2017-09-01,81.74740600585938,82.57809742227073,81.48309370390878,82.57809742227073,8803556
2439,2017-09-04,82.16275024414062,82.78576623463368,80.35033403748768,81.78516417458862,6239751
2440,2017-09-05,81.63410949707031,82.1627288324164,81.52083063292204,82.12496921103366,3937595
2441,2017-09-06,80.91670989990234,81.57748549514451,80.42585007768648,81.18102218653466,4800221
2442,2017-09-07,81.52085876464844,81.61525529001152,80.63353040196759,81.36982534833535,5008597
2443,2017-09-08,80.46361541748047,81.80404395727378,80.19930311209127,81.63413329352844,8588797
2444,2017-09-11,82.707763671875,82.86120927655207,80.80885935498792,80.94312621025534,6205180
2445,2017-09-12,82.5926742553711,82.9762908625429,82.20905764819928,82.70776235940258,4307268
2446,2017-09-13,81.99809265136719,82.89959296133328,81.71038011859937,82.59269647116683,3679773
2447,2017-09-14,82.0748062133789,82.86121827470615,81.57610144010589,81.82545122517546,6793237
2448,2017-09-15,81.51854705810547,81.88298490375067,79.8306350847061,81.595267255045,9054445
2449,2017-09-18,82.61186981201172,83.3791031341278,81.51856128736951,81.51856128736951,10470233
2450,2017-09-19,82.80366516113281,83.014652210384,81.63363140645552,83.014652210384,5530915
2451,2017-09-20,81.67198944091797,82.93792727349634,81.5185438499447,82.82283917791675,5687495
2452,2017-09-21,81.15412139892578,81.6720049193508,80.6937845387632,81.6720049193508,5113744
2453,2017-09-22,80.38688659667969,81.07739967874947,79.83064558396282,80.57869491895457,5195124
2454,2017-09-25,80.6170425415039,82.03642594204095,79.6580011095553,80.1758845234341,13057600
2455,2017-09-26,80.84722900390625,81.90217478101786,80.61705797554606,81.90217478101786,6570371
2456,2017-09-27,79.84982299804688,81.72954348424254,79.33193949594867,81.32674809546263,7885119
2457,2017-09-28,80.17588806152344,80.9047585413422,78.64142170269106,79.02503829239915,11633088
2458,2017-09-29,80.94313049316406,81.57609689790719,79.06340482622551,80.94313049316406,13782560
2459,2017-10-03,79.08258819580078,81.42265068384805,78.83323842645645,81.38428798014887,12296210
2460,2017-10-04,80.19505310058594,80.80884057981986,78.66058700406721,78.66058700406721,12075908
2461,2017-10-05,78.62223815917969,80.32933407348949,78.31534696707442,80.17588847743684,17352392
2462,2017-10-06,78.54552459716797,78.96749872117205,78.08518256699365,78.64142875319315,13466622
2463,2017-10-09,77.08777618408203,78.58387993631116,76.58907666771677,78.58387993631116,21446056
2464,2017-10-10,78.54552459716797,79.02504537729394,77.10696225679006,77.1261410067417,14560236
2465,2017-10-11,77.81665802001953,79.06341219528436,77.26041697139722,78.79488364864623,11830976
2466,2017-10-12,77.60565185546875,78.33452230735807,77.29876067671519,77.89336428672502,5518551
2467,2017-10-13,78.89077758789062,79.44702376753045,76.80006492994332,77.64402357426579,11394674
2468,2017-10-16,78.92912292480469,80.02243109068016,78.69895196307318,79.29355551134168,11521216
2469,2017-10-17,78.6030502319336,79.37028332573576,78.23861243112461,78.73731706397545,4936452
2470,2017-10-18,81.92134094238281,82.18987463472368,79.0250377897618,79.10175798533564,18484486
2471,2017-10-19,80.80885314941406,81.71035316197109,80.38687386660727,81.65281171502764,559370
2472,2017-10-23,81.92134094238281,82.17069588661346,80.94312072610232,81.69116994939536,14162373
2473,2017-10-24,82.49678039550781,82.82285559291019,81.09658064527467,81.82545124920512,7050716
2474,2017-10-25,82.89956665039062,84.01205371671439,82.01724537472262,82.86120395090367,16306452
2475,2017-10-26,81.32675170898438,82.7653141658791,80.84723089001946,82.24743064077022,23524154
2476,2017-10-27,81.2308349609375,81.92134275202018,80.71295151605895,81.46100595900943,9985329
2477,2017-10-30,81.4802017211914,82.2857977810908,81.26921463073084,81.30757213580792,4118717
2478,2017-10-31,81.26920318603516,83.97369828862303,80.82803990843374,81.59527315207664,16442260
2479,2017-11-01,80.69376373291016,81.86379213767212,80.04161351191111,81.65280511488965,12417385
2480,2017-11-02,82.55431365966797,82.97628774921762,81.25001308171544,81.3267384815243,16259892
2481,2017-11-03,80.57869720458984,84.58749333509866,80.40607283152617,84.58749333509866,26293141
2482,2017-11-06,80.82803344726562,81.82543762489838,80.367696659758,80.84721739870325,7985183
2483,2017-11-07,79.65801239013672,81.40346596220836,79.21685430959336,81.17330014845251,9702210
2484,2017-11-08,79.84982299804688,80.54033086542205,79.46620635991987,79.79228154295456,12777065
2485,2017-11-09,79.79227447509766,80.48278228130889,78.64142466265682,80.48278228130889,9492091
2486,2017-11-10,81.077392578125,81.32674233461793,79.21685097437518,79.40865927985179,8999608
2487,2017-11-13,80.94313049316406,81.84463062265087,80.29098013486289,81.28838442273909,7885278
2488,2017-11-14,79.38949584960938,80.96232540172073,79.06342060538202,80.94314664746868,4927717
2489,2017-11-15,79.40866088867188,79.61964794771744,78.4112566393594,79.29357278117425,8653007
2490,2017-11-16,79.90736389160156,80.1183561629689,78.69897253061998,79.44702705096428,18027175
2491,2017-11-17,80.02245330810547,80.54033161186972,79.69637812204871,80.29098183540292,9193722
2492,2017-11-20,80.09916687011719,80.67459178490769,78.8907755896838,80.67459178490769,8277194
2493,2017-11-21,79.25521087646484,80.15670571785367,78.94831447666319,80.15670571785367,15596732
2494,2017-11-22,79.42784881591797,79.84982818590046,78.67979424171561,79.84982818590046,8665005
2495,2017-11-23,80.19505310058594,80.4827654936832,79.23601179026173,79.75389513846322,6824919
2496,2017-11-24,81.01985168457031,81.26920666192594,79.79228156411844,79.98408988323283,7734712
2497,2017-11-27,80.6170425415039,81.26919279648206,79.79226795065466,81.25000884596344,14811199
2498,2017-11-28,79.92654418945312,80.55951056833632,79.10176429849415,80.55951056833632,21546865
2499,2017-11-29,80.07998657226562,80.46360317470746,79.61964456808215,80.02244512252598,7324543
2500,2017-11-30,79.04421997070312,79.9840827315807,78.6989660677943,79.9840827315807,19256592
2501,2017-12-01,77.85499572753906,79.54291269301277,77.56728331794228,79.40864586124111,8172074
2502,2017-12-04,77.77828979492188,78.23862661276499,77.0685980138887,78.06600225724884,7124561
2503,2017-12-05,76.83841705322266,77.66319163112922,75.51493781664901,77.49056729796703,17485101
2504,2017-12-06,76.81925201416016,77.04941783278173,76.20546435719086,76.60825974291222,5557173
2505,2017-12-07,77.60565185546875,77.87418553922772,76.51234357606837,76.81923995795474,11119755
2506,2017-12-08,77.91255950927734,78.1810932498193,76.68498933155357,77.87420200617183,14615599
2507,2017-12-11,78.3729019165039,78.79488128069283,77.72075151701796,78.18109358761204,8231500
2508,2017-12-12,77.8358383178711,78.44962600055572,77.45222166658493,78.44962600055572,8310332
2509,2017-12-13,76.91514587402344,77.66319509064698,76.66579093201601,77.10695416594736,12105970
2510,2017-12-14,76.7616958618164,77.33712074346401,76.14791348389866,77.22203784838769,12838407
2511,2017-12-15,76.28218078613281,77.54811874155143,75.76430251673735,77.26040627938356,22654959
2512,2017-12-18,76.68498229980469,76.76170250211463,74.19147426362993,76.32054442864886,16832008
2513,2017-12-19,77.72074127197266,77.87419207736562,76.41644584806517,76.99187075888905,20133065
2514,2017-12-20,77.85499572753906,78.00844130536419,76.70414608915193,77.91253716883193,14097971
2515,2017-12-21,77.91255950927734,78.56470990594559,77.52894285315105,78.56470990594559,7881749
2516,2017-12-22,77.89337158203125,78.10435863679326,77.43302956765358,77.87419283273772,7399925
2517,2017-12-26,77.66322326660156,78.25783230916761,77.1837023628232,77.8358528732157,7946762
2518,2017-12-27,77.18367004394531,78.44960782171887,77.03022445961498,77.68237469693464,7831439
2519,2017-12-28,76.39726257324219,77.50974962763884,76.14791283394977,77.2795786363178,15796200
2520,2017-12-29,76.85760498046875,77.37548844807867,76.51235106977323,76.55071377165791,8561565
2521,2018-01-01,76.8000717163086,77.39468065107484,76.35891360543935,76.35891360543935,6388017
2522,2018-01-02,77.01107025146484,77.41386568906978,76.45482397750156,77.2028785937785,4383705
2523,2018-01-03,77.35630798339844,77.66319918540424,76.95350742724098,77.298766533414,8187397
2524,2018-01-04,76.85760498046875,77.81664651191923,76.72334332857233,77.49057655373272,4204055
2525,2018-01-05,77.20287322998047,77.5097644751068,76.95351823978966,77.22205198162564,4923559
2526,2018-01-08,76.93431854248047,77.97008531827473,76.74251026571356,77.49056462635748,11797863
2527,2018-01-09,77.10696411132812,77.26040972403234,76.83843038674556,77.14532161215399,7380366
2528,2018-01-10,76.66580963134766,77.4522269419282,76.14793127934523,77.4522269419282,8710385
2529,2018-01-11,75.8985595703125,76.83842230435673,75.68757252542896,76.3780803115324,12305664
2530,2018-01-12,75.32315063476562,76.07120523076456,75.07380083714402,75.99447981466524,9411915
2531,2018-01-15,76.4548110961914,76.81924896643957,74.86280316384077,75.8793861661996,9962401
2532,2018-01-16,75.2656021118164,76.45481473096302,74.55591029046006,76.37808932206312,13205546
2533,2018-01-17,75.72593688964844,76.22463639022428,74.42164148549125,75.18887468830526,13012437
2534,2018-01-18,75.57249450683594,76.64661895524779,75.09297373466397,76.18627693270935,24603506
2535,2018-01-19,75.22724151611328,75.95611731169305,74.53673362919264,75.57250066270741,8082214
2536,2018-01-22,74.92035675048828,75.5533232353693,74.80527382710419,75.24643197092222,9833311
2537,2018-01-23,75.13134002685547,75.32314835817236,74.44083211536825,74.92035294366048,16134097
2538,2018-01-24,75.16968536376953,75.5533019377584,74.86279418583156,74.92033563130333,11061376
2539,2018-01-25,74.5367202758789,75.51494047428984,74.095562249206,75.45739902787736,13143678
2540,2018-01-29,74.47919464111328,75.1888865058865,74.42165318248496,74.61346151333535,11002896
2541,2018-01-30,74.78607940673828,75.2464214421302,73.15570873583108,74.34492132464892,22826262
2542,2018-01-31,74.34492492675781,74.92034989731104,73.65441704334746,74.78608303022186,14372442
2543,2018-02-01,74.7477035522461,74.86279164241238,72.50354563002861,74.61344191841768,17028230
2544,2018-02-02,73.9996566772461,74.61344423445402,73.2707810262995,74.61344423445402,22083930
2545,2018-02-05,75.38068389892578,75.55330824976278,72.88717075654802,72.88717075654802,21997294
2546,2018-02-06,74.78607940673828,75.03542917460327,72.88717501466354,72.88717501466354,13495253
2547,2018-02-07,74.99707794189453,75.51495627107347,74.19148191420047,75.11216085879342,14316750
2548,2018-02-08,75.05533599853516,75.61864147691014,74.72512262394174,75.36612722663266,33536651
2549,2018-02-09,75.05533599853516,75.48267064394037,74.20066670772472,74.58915706013815,15183068
2550,2018-02-12,77.11431121826172,77.32797590947622,75.0941866484476,75.44382217460145,11747845
2551,2018-02-14,75.92943572998047,77.09489110703056,75.24958676003457,77.09489110703056,13853923
2552,2018-02-15,76.8812026977539,77.03659564629567,75.63804857108956,76.14308224030668,8833619
2553,2018-02-16,75.96827697753906,77.01718880969062,75.65749101869143,76.9589118318863,6252218
2554,2018-02-19,75.42440032958984,76.51215647512407,75.21073036835423,75.9877005492119,4332550
2555,2018-02-20,75.7546157836914,76.27906645479153,75.26900940736432,75.71576621975196,8479558
2556,2018-02-21,75.34669494628906,76.10424291737739,75.09418071231491,75.98769423842835,9258406
2557,2018-02-22,73.90931701660156,75.56038420502591,73.52083185912929,75.09419990839231,25535938
2558,2018-02-23,75.07477569580078,75.30786256854725,73.94816455474665,74.0452858414467,11567495
2559,2018-02-26,76.20138549804688,76.60929281555951,74.97765827634164,75.75462861001701,8362326
2560,2018-02-27,76.82294464111328,77.01718717857081,75.96827536863377,76.62870210365577,17333449
2561,2018-02-28,76.80352783203125,76.99777039631265,75.91001414400354,76.4538922701581,5795018
2562,2018-03-01,76.68696594238281,77.11430053477473,75.9682675737008,76.57041727036747,8106682
2563,2018-03-05,76.51216125488281,76.55101082018591,75.46325460669892,76.45388954151147,6992551
2564,2018-03-06,75.0359115600586,76.72582267439886,74.627999073609,76.57042443051368,9525018
2565,2018-03-07,75.11361694335938,75.3661364938535,74.29779711439153,74.88053008008298,9481007
2566,2018-03-08,75.90999603271484,76.10423855065211,74.74454092509121,75.30784106560998,10429826
2567,2018-03-09,74.93878936767578,76.00712330079307,74.51145474059568,75.94885159463804,9887071
2568,2018-03-12,75.7546157836914,76.00713004554821,74.97764558156807,75.1718881320989,14242997
2569,2018-03-13,75.77404022216797,76.53158829980987,75.0747691267805,75.7157685090801,10581316
2570,2018-03-14,75.50209045410156,76.22078888970283,75.17188235889228,75.61863913696895,8577503
2571,2018-03-15,75.67691040039062,76.0459733235592,75.28842533144098,75.34669703795022,6132848
2572,2018-03-16,74.686279296875,76.58985517557247,74.3366385020976,75.52152118282564,10373796
2573,2018-03-19,75.4438247680664,75.79346030623935,74.78340325577672,75.13303879394967,13496140
2574,2018-03-20,75.71576690673828,76.18194587074218,74.89994713327337,75.40497566156922,9661410
2575,2018-03-21,75.4438247680664,75.94885856246415,75.21073265289563,75.94885856246415,9675146
2576,2018-03-22,74.86109924316406,75.63806946971309,74.68628410369048,75.44382691307582,11371840
2577,2018-03-23,75.4632568359375,75.85174196211135,74.20067490670573,74.20067490670573,9062739
2578,2018-03-26,75.71576690673828,75.94885902332346,75.46325264259036,75.52152435444503,15451169
2579,2018-03-27,76.12366485595703,76.27905782496805,75.79345150357999,75.79345150357999,7563470
2580,2018-03-28,75.07477569580078,76.06541071247439,74.7057126986738,75.94886727610115,14095921
2581,2018-04-02,75.71576690673828,75.83231033044764,74.93879669756531,74.93879669756531,6821616
2582,2018-04-03,77.13372802734375,77.50279094390172,75.57978777937907,75.67690904487687,6269850
2583,2018-04-04,76.16252136230469,77.65819002243343,75.61864328657596,77.28912707684985,9689298
2584,2018-04-05,76.24022674560547,77.0948908578464,76.14310546449853,76.88122614707784,8673501
2585,2018-04-06,76.12366485595703,76.88121282498874,76.04597100603443,76.72581985597772,7948746
2586,2018-04-09,76.08482360839844,76.3373431384397,75.83230934752356,76.14310058866421,4610445
2587,2018-04-10,76.51216125488281,77.17258805753558,76.25964698416261,76.47331168957972,7562115
2588,2018-04-11,76.53157806396484,76.99775697548442,76.0653938832794,76.92006312481409,5790314
2589,2018-04-12,76.27906799316406,76.88122307345358,76.18194671593993,76.60928138955941,3537785
2590,2018-04-13,76.72581481933594,76.92005733514017,76.29848023073352,76.33732978772747,3438013
2591,2018-04-16,77.3862533569336,78.04668016465548,76.45389012833598,76.62871053895844,9628436
2592,2018-04-17,79.60059356689453,80.47468478443554,78.55168199817938,78.94016698375316,23457958
2593,2018-04-18,79.63946533203125,79.95025129950763,79.3869458056446,79.67830962609106,8814122
2594,2018-04-19,80.8437728881836,81.15455886608234,79.62004058593686,79.83371055626293,10627620
2595,2018-04-20,80.49413299560547,81.4265014782797,80.10564788421338,81.11571022766611,5446620
2596,2018-04-23,80.3387222290039,80.76605681081575,79.71714513447444,80.76605681081575,4139986
2597,2018-04-24,80.2027587890625,80.8826076460706,79.56175949200231,80.8826076460706,3594644
2598,2018-04-25,80.55240631103516,81.58189075553044,79.21213063007299,80.18334336434519,5924775
2599,2018-04-26,80.41644287109375,81.07686442964452,80.10565160604034,80.63010758461995,7950190
2600,2018-04-27,80.76606750488281,81.07685345871538,80.45528155105025,80.61067452796654,7371596
2601,2018-04-30,80.74664306640625,81.19339983829495,80.43585185223058,80.63009438515316,5644871
2602,2018-05-02,79.6977310180664,81.23224913075924,79.52291063134639,80.41642944134236,7210903
2603,2018-05-03,80.2027587890625,80.6300934101579,78.95960975489005,79.63945861189816,3782713
2604,2018-05-04,80.57183074951172,80.72722373758137,79.44522499954863,80.41643776144205,22466426
2605,2018-05-07,81.30995178222656,81.58189346451933,80.41643814469285,80.41643814469285,6003886
2606,2018-05-08,82.65023040771484,83.13583680801479,81.1351394926124,81.38765376693503,19748071
2607,2018-05-09,82.30059051513672,83.0192890035302,82.02864883763657,82.35886222626777,13934330
2608,2018-05-10,80.80492401123047,82.28116532256071,79.52291998586487,82.04807320257001,13973187
2609,2018-05-11,80.35816955566406,81.19341151350152,80.00852873079411,81.11571238149338,10688957
2610,2018-05-14,81.21281433105469,81.50417810298266,80.02793709954707,80.02793709954707,13962128
2611,2018-05-15,83.07755279541016,83.9127946264475,81.05742836154529,81.19339918733414,56040833
2612,2018-05-16,82.92216491699219,83.52431469354039,82.57252412372812,83.29122258775308,18183776
2613,2018-05-17,82.92216491699219,83.91279978013051,82.47540285208059,82.5531019770651,17900935
2614,2018-05-18,82.7279281616211,83.52432585707396,82.39772000921813,83.01929728467316,18414996
2615,2018-05-21,82.61136627197266,83.31064252657559,82.20345907532858,83.31064252657559,16669979
2616,2018-05-22,81.87326049804688,83.13583714392819,81.38765409578482,83.03871586347577,9411261
2617,2018-05-23,82.0869140625,82.53367083809192,81.46533689816228,81.97037064944679,18219990
2618,2018-05-24,82.26173400878906,82.51424824849015,82.12576318151434,82.51424824849015,17260447
2619,2018-05-25,82.37828063964844,82.76676572180195,81.6790095994386,81.6790095994386,30090956
2620,2018-05-28,80.39701843261719,82.55311414242298,80.14450414295533,82.45599285646327,17488299
2621,2018-05-29,80.41644287109375,81.46534955908619,79.93083645929165,80.90204928289585,15749359
2622,2018-05-30,81.38764190673828,82.33942715112744,80.41642924766818,80.41642924766818,36016623
2623,2018-05-31,81.36822509765625,82.63080171901262,78.31861589685447,81.54304550674146,274352477
2624,2018-06-01,80.0085220336914,80.76607006527695,77.83300448039836,80.3775849760877,17096388
2625,2018-06-04,78.35746002197266,80.39700673025595,77.93012537211816,80.39700673025595,14456405
2626,2018-06-05,77.25027465820312,78.14379349952578,75.79345561501344,78.0078226683282,13788817
2627,2018-06-06,78.12435913085938,78.95960618994866,76.7258171892038,76.7258171892038,8130515
2628,2018-06-07,78.76538848876953,79.2315675265023,77.01720524164523,78.26035461143324,7683528
2629,2018-06-08,76.8812026977539,78.16320110967986,76.43444599475941,78.04665771556482,12429285
2630,2018-06-11,76.02656555175781,77.40569106435628,75.56038651007013,77.1531714889622,19668041
2631,2018-06-12,75.77404022216797,76.31791832626563,75.13304083986836,76.31791832626563,13416832
2632,2018-06-13,76.97834014892578,77.444519092656,75.79345746996661,76.25964168286305,10866676
2633,2018-06-14,77.25027465820312,77.44451719729508,76.37618323228932,76.9977604112168,7205187
2634,2018-06-15,76.8617935180664,77.30855559620083,76.24022157645852,77.25027861615453,9527937
2635,2018-06-18,77.17257690429688,77.50279025789972,76.24021381760389,76.86178569595532,4303444
2636,2018-06-19,77.1919937133789,77.58047874507601,76.45387320698748,76.74523698076031,8099053
2637,2018-06-20,77.3668212890625,77.5804859687244,76.45388032573574,77.1920009008548,8160216
2638,2018-06-21,75.92943572998047,77.17259023983394,75.28843632643627,76.95892025920803,10942576
2639,2018-06-22,76.80352783203125,77.07546952969192,75.40498031537183,76.22080013918706,7677797
2640,2018-06-25,75.4438247680664,77.0366147410392,74.39491288438114,76.80352262586842,8701812
2641,2018-06-26,74.1035385131836,75.63805655630182,73.42368968102133,75.32727062640821,9869227
2642,2018-06-27,72.72443389892578,74.78340823945321,72.14170620674824,74.56973825748804,13094540
2643,2018-06-28,71.79206848144531,73.32658152976222,71.15106382403661,73.19061595435225,22542641
2644,2018-06-29,72.58845520019531,73.94815300156552,71.52012121340444,71.96687800859283,8435793
2645,2018-07-02,71.8891830444336,72.78269662103357,71.28702800875438,72.6467257891598,13100144
2646,2018-07-03,71.69495391845703,72.04458950214466,70.3935276027397,71.50071134205645,9990760
2647,2018-07-04,71.09278106689453,73.52081266728378,70.76256771540844,71.96687244303466,10626271
2648,2018-07-05,70.56834411621094,71.38416400660556,70.14101465525074,71.15107185661178,7739370
2649,2018-07-06,70.62660217285156,71.05393151925841,70.25753926186476,70.5683251990999,7229617
2650,2018-07-09,71.67552185058594,71.86976441438834,70.70430903157394,70.7820081647616,10238815
2651,2018-07-10,71.50069427490234,72.00572274532715,71.24817477052409,71.86975192046944,7258266
2652,2018-07-11,71.0539321899414,71.77263060439302,70.85968966004454,71.40357295908846,3825437
2653,2018-07-12,70.9374008178711,71.32588594359144,70.54891569215073,71.17049294713665,11523981
2654,2018-07-13,70.60717010498047,71.22874720764973,70.41292758971916,70.78199047638182,4793733
2655,2018-07-16,70.45178985595703,70.8985466678189,70.16042603050366,70.33524643344224,12191173
2656,2018-07-17,70.49063110351562,70.80141703966679,69.92732566643014,70.19926731243675,4698206
2657,2018-07-18,69.34459686279297,71.40357077831517,69.1697817527244,70.9373866131343,5845129
2658,2018-07-19,68.93671417236328,70.23814059932499,68.80074330342683,69.57771367544366,5980121
2659,2018-07-20,68.29570007324219,69.13094199082029,67.63527329050615,68.9561215868118,5273662
2660,2018-07-23,68.78131866455078,69.15037641641251,68.23743520847265,68.35398392156111,6336970
2661,2018-07-24,69.05325317382812,69.32519489418941,68.47052543234014,69.22807360394141,6260188
2662,2018-07-25,68.23741149902344,69.53883742673617,67.86835387539271,69.40286660996041,7757736
2663,2018-07-26,70.64603424072266,71.4035823142392,67.67412419776008,68.47051656701262,33869484
2664,2018-07-27,69.88847351074219,71.79205442373828,69.22805210366437,71.18989944971267,19690254
2665,2018-07-30,71.17048645019531,71.38415114217,69.94675946971991,70.27696758110511,10288607
2666,2018-07-31,70.82086181640625,72.10286070378295,70.6460413912335,71.3453125535904,11713824
2667,2018-08-01,71.7531967163086,72.16110385466969,69.98558682202551,71.09277011507491,10299992
2668,2018-08-02,73.30716705322266,73.90931693900563,71.77264857515136,72.31653201037528,12305598
2669,2018-08-03,73.8898696899414,74.1812334587694,73.42368555215047,73.73447673373289,7491196
2670,2018-08-06,73.59852600097656,74.53088926176945,73.28774000376788,74.53088926176945,4944677
2671,2018-08-07,73.46255493164062,74.06471004453667,72.89925465473803,73.75391877909028,3270258
2672,2018-08-08,73.61792755126953,74.08411168580918,72.97692831815154,73.46253459614476,6225545
2673,2018-08-09,74.8222427368164,74.97764098304333,72.97693861994956,73.61793794355431,6328977
2674,2018-08-10,74.02584838867188,75.30784700042258,73.46254293459496,75.24957529428227,4909902
2675,2018-08-13,73.03523254394531,73.81220293475853,72.70502434318385,73.26832471502281,2537940
2676,2018-08-14,72.99636840820312,73.42369779172009,72.47191248305401,72.86039757291762,2304692
2677,2018-08-16,72.91866302490234,73.81217654724347,72.6855709371542,72.80211961561116,3661689
2678,2018-08-17,72.68559265136719,73.42371342543889,72.16113661454845,73.22947083914806,4022502
2679,2018-08-20,72.89924621582031,73.36542515627416,72.10284863014992,72.84096923774315,2487784
2680,2018-08-21,72.86038970947266,73.15175349542497,72.19996302031446,72.89923926809944,3655095
2681,2018-08-23,73.8898696899414,74.20065560235845,72.8603854272489,72.8603854272489,9442607
2682,2018-08-24,74.18124389648438,75.59921338379708,73.63736583864518,74.00642350292323,8393334
2683,2018-08-27,76.84237670898438,77.03661927152226,74.16183039979502,74.25895168106396,14042229
2684,2018-08-28,76.58985137939453,77.87184999948194,76.0459733366049,76.76466649895228,8224129
2685,2018-08-29,74.99705505371094,77.3279652661341,74.62799216241108,76.5315730512224,6955827
2686,2018-08-30,76.51216125488281,76.99776764825496,74.74455609067482,75.0747694920012,22347117
2687,2018-08-31,78.27977752685547,78.57114138461051,75.69634710609385,75.69634710609385,11854651
2688,2018-09-03,75.56037139892578,79.63946486105296,75.3661288531102,78.80421769871295,8999761
2689,2018-09-04,75.54095458984375,76.31792488220349,74.45319828820692,75.56038200865295,5387824
2690,2018-09-05,76.00711822509766,76.53157408380204,74.88051266105919,75.42439066412959,7334087
2691,2018-09-06,77.42510223388672,78.37689287140269,75.94886090750133,76.14310346461343,16457730
2692,2018-09-07,76.02656555175781,78.04669053990641,74.91938176535265,78.04669053990641,4580610
2693,2018-09-10,76.04624938964844,76.85420685456378,74.9427042493363,76.12507633352041,6293799
2694,2018-09-11,73.66181182861328,76.79509509819162,73.38592283074598,76.08567388317579,9560546
2695,2018-09-12,76.38127899169922,76.95276114354917,73.74064506650757,73.74064506650757,13582243
2696,2018-09-14,78.88395690917969,79.59337813275965,76.42068134723523,76.95274993774525,22816500
2697,2018-09-17,79.57366180419922,80.22396538321057,77.80010367290504,77.80010367290504,15162744
2698,2018-09-18,78.39129638671875,80.36191670027455,78.09570333968537,79.41602001889771,4937349
2699,2018-09-19,78.1548080444336,78.82482097926481,77.32714657953879,78.43069698128147,6025625
2700,2018-09-21,78.98247528076172,79.57366132093608,76.89361473142277,78.4307027123955,11174973
2701,2018-09-24,77.8789291381836,78.96277027223364,76.67685292776972,78.82483113169235,3992299
2702,2018-09-25,75.90830993652344,78.27305426145941,75.533895292465,77.64246005132951,10770907
2703,2018-09-26,76.00684356689453,76.46009052129841,74.17416772110207,76.24331907665965,7286693
2704,2018-09-27,76.67684936523438,77.20891787544987,75.7309527613231,76.06595925632169,8101331
2705,2018-09-28,74.25302124023438,78.01690529544788,73.83918761366556,76.6571799826833,10284429
2706,2018-10-01,75.82949829101562,76.42068444988422,73.26769160258507,74.21358838764475,4684738
2707,2018-10-03,74.46976470947266,75.79008147529375,74.23328918720395,75.0806549084876,10349581
2708,2018-10-04,74.5879898071289,75.258002806204,72.73561004638192,74.09533476241172,11239097
2709,2018-10-05,73.81945037841797,75.49447751306741,73.44503041006013,74.48945802488817,7035573
2710,2018-10-08,73.5632553100586,74.50915171744559,71.92763664706338,73.50413244125777,4680183
2711,2018-10-09,73.52387237548828,74.66683123174188,73.0312172352367,73.72093443158892,5552286
2712,2018-10-10,73.76033020019531,74.46975129354728,73.38591024525176,73.38591024525176,3526073
2713,2018-10-11,73.18885040283203,74.29239554641049,72.53854682373581,73.287381410139,10016561
2714,2018-10-12,74.272705078125,74.7850642716441,73.34651237077873,73.40562991685397,6856067
2715,2018-10-15,74.13475036621094,74.88358498657732,73.34650227200432,74.272694851827,6926558
2716,2018-10-16,73.7800521850586,74.41065183546942,72.95239047799753,74.07564527003395,6530627
2717,2018-10-17,74.52888488769531,74.9230089901893,74.09534730582186,74.11505671833672,4151254
2718,2018-10-19,74.54859161376953,75.4550748785795,73.72092995922779,74.48946872400577,9497796
2719,2018-10-22,74.54859161376953,75.27771690058837,74.1938756577873,74.64712263584235,4377225
2720,2018-10-23,75.25800323486328,75.92801623775469,73.22826550819727,74.0953351844486,4599675
2721,2018-10-24,75.04122924804688,75.77035971071118,74.64710525154172,75.47476136768348,4510189
2722,2018-10-25,75.39595031738281,75.73095683038146,73.58297861084566,74.76535076567646,7455415
2723,2018-10-26,74.25302124023438,75.27773990643897,74.01654564585958,75.02156023988782,6390862
2724,2018-10-29,74.70623016357422,75.08064478986056,73.85886455649012,74.64711262738685,8374975
2725,2018-10-30,73.36621856689453,74.70623938367183,73.14944711325482,74.4894679300321,5105532
2726,2018-10-31,73.28738403320312,73.6026811296107,70.46939819249347,72.95237752723916,9622136
2727,2018-11-01,74.272705078125,74.60771163341838,73.12974625328609,73.34651237077873,5603131
2728,2018-11-02,74.824462890625,75.79006888546692,74.37122133319582,74.50916581040883,6034462
2729,2018-11-05,73.3268051147461,74.68652999793873,72.9129716189179,74.50917736742666,4872816
2730,2018-11-06,74.13475036621094,74.48946093947401,72.91296475106078,73.74062631910763,7337064
2731,2018-11-07,74.5091781616211,74.88359283823749,74.13475813935463,74.88359283823749,223308
2732,2018-11-09,75.55360412597656,75.75066616549343,74.41064536590874,74.48946697432551,9231137
2733,2018-11-12,73.28738403320312,76.02654827263561,72.61737102127519,75.47477033544817,3906667
2734,2018-11-13,72.5385513305664,74.09533813535052,72.06560032784868,73.70121408163561,7750412
2735,2018-11-14,73.28738403320312,73.70121214044426,72.55825348390496,72.63708043083159,9918943
2736,2018-11-15,73.74064636230469,74.29241910909492,73.12975606151034,73.30710872352275,8814911
2737,2018-11-16,74.13475036621094,74.88358498657732,73.38591574584456,73.70121284526739,5537047
2738,2018-11-19,74.76535034179688,75.08064744303769,73.95739817883631,74.17416426773318,5155461
2739,2018-11-20,74.25302124023438,75.31715339644339,73.89830517584633,75.31715339644339,2673334
2740,2018-11-21,71.77000427246094,74.03621748611663,71.45470718099467,73.89827300398163,6426666
2741,2018-11-22,70.86351776123047,72.40060036404661,70.0752697243351,72.40060036404661,6231287
2742,2018-11-26,71.90794372558594,72.06559226029364,70.48909622191864,70.96204717169074,5022526
2743,2018-11-27,71.94737243652344,72.89326919079105,71.06059322708815,71.710896911544,6727512
2744,2018-11-28,72.63707733154297,72.9129609427158,71.53352684990396,71.6911753913812,9281286
2745,2018-11-29,71.13941192626953,74.29240454186265,70.6664662413205,72.89326620695317,16395530
2746,2018-11-30,71.00145721435547,72.34148315969648,70.27233205342769,71.33646370069071,10573839
2747,2018-12-03,72.44002532958984,74.29240530283465,71.37588817266732,71.37588817266732,11107638
2748,2018-12-04,73.79972839355469,74.17414829810926,71.78969510536648,72.28235006101808,6304336
2749,2018-12-05,72.32178497314453,73.97710825326837,71.92766089174837,72.95238457250838,5774768
2750,2018-12-06,72.32178497314453,73.07062500431721,72.0064878462876,72.32178497314453,8600328
2751,2018-12-07,71.98676300048828,73.70120345610653,71.19851500670046,72.44000987343533,8378029
2752,2018-12-10,70.66644287109375,71.8882228290591,69.62201013606483,71.1393883996341,6431248
2753,2018-12-11,71.06059265136719,71.4547167412564,69.81909749169607,70.07528242664414,6514193
2754,2018-12-12,71.94737243652344,72.44002755287637,71.21824179519106,71.29706340641745,7396629
2755,2018-12-13,71.94737243652344,72.1247250710204,71.37589036329398,71.86854547964691,4251108
2756,2018-12-14,73.18885040283203,73.40561648064768,71.13940331258715,71.53352734181506,9276710
2757,2018-12-17,75.88862609863281,77.46512273543965,74.76537117577774,74.88360628527784,23727234
2758,2018-12-18,77.38628387451172,77.64246881514943,75.23831074430088,76.02655894158563,15507368
2759,2018-12-19,78.43070983886719,78.62777187016435,76.87391765335977,76.87391765335977,11434466
2760,2018-12-20,78.01687622070312,78.41100028256467,76.81479997028528,77.66216563415767,7938383
2761,2018-12-21,77.6030502319336,78.47011998452652,77.11039514103426,78.03658778105499,8722621
2762,2018-12-24,76.44037628173828,77.95775491575675,76.14478324961712,77.64245781975397,8563441
2763,2018-12-26,76.97245788574219,77.36658199552919,75.4156655138234,76.30244476084415,4766041
2764,2018-12-27,77.46511840820312,78.6277867511614,76.26304192804686,76.8739322024245,46486470
2765,2018-12-28,77.66216278076172,78.17452190409719,77.09068077379948,77.83952074034296,5142112
2766,2018-12-31,78.29276275634766,78.82483129236851,77.24833509417311,77.52421872146758,6317785
2767,2019-01-01,78.8248291015625,79.0218911208599,77.28774107452317,77.81980959575606,3961625
2768,2019-01-02,76.95274353027344,78.82483280147167,76.46008845890547,78.47011687356702,7876559
2769,2019-01-03,76.08566284179688,76.85420683457637,75.67183475069976,76.81479336265063,7942863
2770,2019-01-04,77.20893859863281,77.54394518354849,75.43537998565057,76.18421477533515,4017540
2771,2019-01-07,78.21393585205078,78.39129381270706,77.18921225351906,77.28774326596154,3592512
2772,2019-01-08,77.7803955078125,78.23364242513256,77.16950539108015,77.99716693471542,3990870
2773,2019-01-09,77.8789291381836,78.33217607076051,77.09068104069266,77.78039812599722,4087529
2774,2019-01-10,77.11038208007812,77.8198031525515,76.81478907560606,77.8198031525515,3589725
2775,2019-01-11,76.5980224609375,77.20891791581887,76.16449030375307,76.814793885179,2995789
2776,2019-01-14,75.86890411376953,76.59802935960123,75.27771266891584,76.47979427802035,5370460
2777,2019-01-15,75.84918975830078,78.43070543058656,75.04123761365413,78.43070543058656,11498868
2778,2019-01-16,75.67185974121094,76.51922561203389,75.51420580144303,75.86892182026982,8515441
2779,2019-01-17,76.4206771850586,76.67685676041823,75.67184252414204,75.67184252414204,5325531
2780,2019-01-18,76.30242919921875,77.52421475950945,75.86889704339077,76.46008308750086,4366941
2781,2019-01-21,75.3762435913086,76.73597375603929,75.13977342844217,76.44038070680651,4067143
2782,2019-01-22,74.76535034179688,75.37624048006954,74.2923993442861,75.27770946772559,3577455
2783,2019-01-23,73.42533111572266,75.47477300619222,73.18885561222434,74.70623430188475,6173490
2784,2019-01-24,73.60269165039062,74.52888435374602,73.12974593817633,73.5829875836672,6157088
2785,2019-01-25,73.24796295166016,74.52886595945218,73.01148748109185,73.93767995585586,3868441
2786,2019-01-28,74.01651000976562,74.33180708669417,71.73058749226173,73.30708356820271,7440853
2787,2019-01-29,73.1494369506836,74.01651195348065,72.38089295522032,73.62238792414549,17469350
2788,2019-01-30,73.74064636230469,74.05594889307837,72.28238485339749,72.95239805384695,12711500
2789,2019-01-31,74.3318099975586,75.4747686282447,73.62238887386357,74.29239652498678,25774313
2790,2019-02-01,74.96240234375,75.6127058691423,73.26767129628534,75.25799534126003,9474849
2791,2019-02-04,72.75532531738281,74.68653232103382,72.42031876623975,74.68653232103382,3678667
2792,2019-02-05,73.34650421142578,73.6815107294517,72.32178059273163,72.55825609637637,5500377
2793,2019-02-06,73.62239837646484,74.39093713538983,72.81444079423085,73.40562692216547,4322649
2794,2019-02-07,72.75532531738281,73.97711108561923,72.51884979036123,73.68151801325479,4309303
2795,2019-02-08,71.33647918701172,74.07564386059185,71.139417134111,72.75532703702696,7692145
2796,2019-02-11,71.8685302734375,72.20353675080561,70.09497222982289,70.78468924678413,7913450
2797,2019-02-12,71.43499755859375,73.46474062041793,71.1197004680683,72.12471462156137,11930402
2798,2019-02-14,68.95201873779297,70.48910141941519,67.98641270482996,69.95703289810189,36962390
2799,2019-02-15,71.53353118896484,71.80942016252169,69.99644846143985,70.3117455635195,16005610
2800,2019-02-18,71.2379379272461,72.3217790625065,70.7649922756131,71.51382689993584,7973918
2801,2019-02-19,70.72557067871094,72.12470875436857,70.5087992691654,71.04086774358764,10824411
2802,2019-02-20,71.65177154541016,71.96706864719906,70.39057244695546,71.23793808545648,9658184
2803,2019-02-21,71.65177154541016,72.1247171980935,71.27735155959249,72.00648212133505,9197823
2804,2019-02-22,71.69117736816406,71.96706633259336,71.13940478495482,71.61235576807667,12182132
2805,2019-02-25,71.71089935302734,71.92766547334264,70.35116904733954,71.33647931359147,29907322
2806,2019-02-26,71.41529083251953,72.00647686445092,70.48909831336384,70.74527785807095,13683801
2807,2019-02-27,71.51382446289062,72.63707903392128,70.8832249365533,71.4547069266573,13566494
2808,2019-02-28,72.06560516357422,72.8144398467507,71.17882598321128,72.0853092293223,69863939
2809,2019-03-01,72.20354461669922,72.42031070738491,71.77000708967826,72.16413114230649,7227772
2810,2019-03-05,72.12471008300781,73.09031604866003,71.96706154766535,72.51883409418846,15733697
2811,2019-03-06,72.71591186523438,73.46475192535203,71.61236653292971,72.16413919908204,20336766
2812,2019-03-07,73.76033020019531,74.68651736494672,72.75531074802274,73.70120732104172,12295538
2813,2019-03-08,73.70121002197266,74.27269200664033,73.01149296596307,74.09533405397814,6211299
2814,2019-03-11,76.57832336425781,77.24833639805993,73.99680758874929,74.29240063090029,17678891
2815,2019-03-12,77.38628387451172,79.61308930836132,76.7162761142098,76.7162761142098,26457157
2816,2019-03-13,76.75567626953125,78.1351103753298,76.10536734313536,78.07598749427615,6930222
2817,2019-03-14,76.2193832397461,77.09289832127149,76.07718182865716,76.76787124788076,8466765
2818,2019-03-15,78.5149154663086,78.90088446913818,76.01624821405618,76.01624821405618,14301914
2819,2019-03-18,80.05878448486328,80.36349939724587,78.51489779970376,78.88055459244006,14247336
2820,2019-03-19,80.8510513305664,81.33859191940243,79.3477887827729,79.71344560205353,16995997
2821,2019-03-20,80.20098876953125,81.19638754614921,79.83533196361823,80.95262001595002,9060589
2822,2019-03-22,80.64791107177734,81.60268016061008,80.09942306693614,80.40413801289074,8782833
2823,2019-03-25,82.06990814208984,82.67933798936436,79.26652643613576,80.11972932444291,14506515
2824,2019-03-26,82.41526794433594,82.8418722505864,81.01358225109591,82.13087058411789,8371544
2825,2019-03-27,81.3386001586914,83.1668899509077,80.64791621022312,82.47620600243941,11579885
2826,2019-03-28,80.54634094238281,81.25734249635441,79.81502175192892,81.25734249635441,17034861
2827,2019-04-01,79.44935607910156,81.13544418894344,79.26652492416095,80.52601435329355,10617688
2828,2019-04-02,81.17607879638672,81.58236537775896,79.63219199141795,79.63219199141795,17946031
2829,2019-04-03,81.643310546875,82.29337020534159,81.31828347294905,81.41985512237774,15076661
2830,2019-04-04,80.99324035644531,82.57776228998124,80.64790120178569,81.84644320282298,10130253
2831,2019-04-05,79.75408172607422,81.5417417156812,79.65251007313502,81.5417417156812,9883976
2832,2019-04-08,80.58696746826172,81.3792285692905,79.44936715405028,80.44477156194645,13511642
2833,2019-04-09,80.58696746826172,80.99325408199651,80.05879707465246,80.83074053862556,10655872
2834,2019-04-10,80.70885467529297,81.11514127853967,80.34319783449388,80.34319783449388,8637199
2835,2019-04-11,79.61186981201172,81.01356064198811,79.48998604880252,80.9119890024424,13713296
2836,2019-04-12,80.05878448486328,80.30255751689216,79.24621138517637,79.89627096704871,11004111
2837,2019-04-15,80.46508026123047,81.6026805269894,80.07910579037583,80.36350861212289,8965316
2838,2019-04-16,79.97752380371094,81.19638343545714,79.83532792183169,80.85104428162019,4918434
2839,2019-04-18,78.9415054321289,80.38382064352075,78.61647835961135,80.1806773455436,11593259
2840,2019-04-22,79.14463806152344,79.9165813876568,78.57583800598381,78.9008650346882,7772049
2841,2019-04-23,78.41334533691406,79.0430874389187,78.02737081593357,78.73837245202316,6686014
2842,2019-04-24,77.98673248291016,79.08370851948955,77.21478903635398,78.45396097604035,7288151
2843,2019-04-25,77.82421875,79.55093681512709,77.47887403485163,78.0883039401906,17599280
2844,2019-04-26,77.51949310302734,78.98212577618442,77.33666195240247,77.60074710616085,8664580
2845,2019-04-30,75.73184204101562,78.21019136585394,75.32555544712787,77.88515878437497,14290974
2846,2019-05-02,77.27571868896484,77.51949171522918,75.75214416308003,75.99591718934437,8897549
2847,2019-05-03,77.53980255126953,78.39300537372942,77.27571740662128,77.56012018431251,10782838
2848,2019-05-06,77.3772964477539,78.3523831193669,76.72723682980713,77.1944652859327,5477945
2849,2019-05-07,77.82421875,78.73836360800846,77.39761450989387,77.39761450989387,9450289
2850,2019-05-08,77.19446563720703,78.7180458012167,76.74755481403587,77.98672666121834,10180731
2851,2019-05-09,76.34127044677734,77.21478550452059,75.71152293213304,77.15384361874585,7921214
2852,2019-05-10,75.3864974975586,76.56472752026511,75.18335420017421,76.54441539477253,5938686
2853,2019-05-13,74.208251953125,75.58963059747474,73.96448443764105,75.34585757137691,5504435
2854,2019-05-14,73.80198669433594,74.83802097634388,73.5582191085604,73.90355835861423,11334983
2855,2019-05-15,72.52216339111328,75.00051236909913,72.09556473148075,74.41139468616483,7616268
2856,2019-05-16,73.88323974609375,74.22858447645599,72.66437988171994,72.8675231924489,8660893
2857,2019-05-17,74.00511169433594,74.59422940549177,73.27379809689994,73.82228605028399,10183233
2858,2019-05-20,76.40221405029297,76.74755875826682,74.77706766981798,75.60995298556556,6287120
2859,2019-05-21,74.7364273071289,76.62565860432848,74.65516779538564,76.48345721408468,7748239
2860,2019-05-22,73.98480224609375,75.28492147811986,73.86291847898505,74.7161158699745,6972640
2861,2019-05-23,75.02082061767578,76.4225113022811,74.39107872204937,75.56930851646106,13966122
2862,2019-05-24,75.4271240234375,75.7927808409203,74.8583184066705,75.4271240234375,7240775
2863,2019-05-27,76.11782836914062,77.03197341399854,75.42714430828416,75.75217145332063,6424176
2864,2019-05-28,77.27571868896484,77.72263498534716,76.30063209452133,76.48345773125918,11255911
2865,2019-05-29,77.2553939819336,78.41331153511364,76.93036149632161,77.76325207450265,8310232
2866,2019-05-30,77.68202209472656,78.7789981957734,76.44285008221611,78.57585488155102,34989609
2867,2019-05-31,76.91007995605469,78.16956962851741,76.54442308614361,77.80390724799116,11849847
2868,2019-06-03,78.43364715576172,78.61647832811374,77.19446973222887,77.29604138117674,12106965
2869,2019-06-04,78.39301300048828,79.6321903545709,77.98672642746729,78.23049947340276,11447117
2870,2019-06-06,79.40873718261719,80.50571324107456,78.88056679039097,79.2259115132842,26132949
2871,2019-06-07,77.90547943115234,79.65251528232992,77.661711856648,79.40874219721034,8783688
2872,2019-06-10,78.9415054321289,79.61187721333054,78.16956200193871,78.3930174254677,11231885
2873,2019-06-11,78.67742919921875,79.5103146114493,78.37271421758095,79.34780105669887,6589306
2874,2019-06-12,77.66169738769531,78.65709615977848,77.31635270733415,78.41332863068982,7509749
2875,2019-06-13,78.7586669921875,79.00244002938865,77.0522667530077,77.68200871438106,11041648
2876,2019-06-14,79.06339263916016,80.01816728322662,78.55553437216894,78.81962507949628,34979466
2877,2019-06-17,78.83992004394531,79.81500660218725,78.65708890338146,79.79469448017512,10860754
2878,2019-06-18,80.36351013183594,80.79010886190906,78.88056512894511,79.10402055696156,17815522
2879,2019-06-19,81.37922668457031,81.86677281400657,80.44476969886803,80.48539395080876,32722391
2880,2019-06-20,81.643310546875,82.3746297291304,80.97293876276855,81.52142677180643,11459458
2881,2019-06-21,81.21671295166016,82.09022804675755,80.66822493500351,81.74488333178004,16601442
2882,2019-06-24,80.87136840820312,81.56205783962302,80.26193850187313,81.25734288645802,9883389
2883,2019-06-25,81.90738677978516,82.19178957134265,80.85104614968944,80.85104614968944,10375296
2884,2019-06-26,85.1780014038086,85.70617174715416,81.68393575608174,81.84644928398696,31182825
2885,2019-06-27,84.38573455810547,85.27956716585823,83.79662237125322,84.95454013246484,13741562
2886,2019-06-28,84.06071472167969,85.15769069687583,83.14656991255438,84.16228636713807,12067819
2887,2019-07-01,84.12165832519531,85.32020597033271,83.5528582011324,84.20291784746769,11211814
2888,2019-07-02,84.2435531616211,84.99517899441935,83.83726654470748,84.26386528822081,12203723
2889,2019-07-03,84.89360809326172,85.17801093187009,83.97946319709692,84.58889312787345,13693989
2890,2019-07-04,85.40147399902344,85.64524709523673,84.38575735698097,84.91393331721233,12324046
2891,2019-07-05,83.63410949707031,86.13277635374297,82.96373774724213,85.34051532446416,12525923
2892,2019-07-08,81.76519775390625,83.83726045169816,81.39953541676716,83.28877245660405,8948141
2893,2019-07-09,83.18720245361328,83.37002811518111,81.094822078736,82.04959668008341,6875651
2894,2019-07-10,83.41065216064453,83.87788061122893,82.51681950774149,83.16687911797877,12675299
2895,2019-07-11,84.75141143798828,84.97486687305857,83.73568938502669,83.85757867647725,7808266
2896,2019-07-12,83.97946166992188,85.25926890977114,83.04500466397037,84.75141064335949,6349095
2897,2019-07-15,83.26844787597656,83.99976697864555,82.43556264554654,83.5528506676724,6656137
2898,2019-07-16,84.87329864501953,85.07644196168943,83.00437902953347,83.20752234620336,6627472
2899,2019-07-17,84.50762939453125,85.54365795349604,83.87788189876018,84.83265644933195,6388864
2900,2019-07-18,83.43096160888672,84.87328218387447,83.28876572328876,84.87328218387447,8419638
2901,2019-07-19,83.57316589355469,84.3654269065367,82.39493594678764,83.61379565253581,10869152
2902,2019-07-22,82.92311096191406,84.18260049772947,82.3136810746435,83.69505989428177,9061812
2903,2019-07-23,85.50304412841797,85.72650509202539,82.96375256889297,83.16689589365497,14046808
2904,2019-07-24,85.23894500732422,86.53906427801977,84.73108677824229,85.17800312195727,18181391
2905,2019-07-25,86.60001373291016,87.1078720063829,85.25927009518807,85.32021198588181,28085772
2906,2019-07-26,85.949951171875,86.94535555890262,85.42178078933877,86.6000108423452,10950941
2907,2019-07-29,84.46700286865234,86.33592228183952,83.91851487089102,86.27498039555816,5948953
2908,2019-07-30,84.60921478271484,85.23895687017291,83.97946718464154,84.42638359055464,10050004
2909,2019-07-31,85.6452407836914,86.9250480668431,84.0810361680955,84.30449711924638,26229893
2910,2019-08-01,86.94535064697266,87.85949545706686,85.23894479721771,86.11245984696261,27069006
2911,2019-08-02,85.5436782836914,86.92505737142693,84.6498509152565,86.51876519044569,20863783
2912,2019-08-05,81.72457885742188,85.32021673591179,79.97754299304397,85.32021673591179,18063375
2913,2019-08-06,80.48538970947266,82.29336720769119,79.73376393957105,81.50110616676072,11846580
2914,2019-08-07,80.79010772705078,81.64331068582685,80.07910617983983,80.85105512530346,9432897
2915,2019-08-08,82.35431671142578,84.77172430764632,80.0587984077242,80.46508502822412,6595239
2916,2019-08-09,82.06990814208984,84.85297221343292,81.7651932184526,82.67933798936436,9175926
2917,2019-08-13,82.06990814208984,83.45128136045588,79.93690367662909,81.44016066020433,7558090
2918,2019-08-14,83.3497085571289,83.77630724002746,80.343189121283,81.68393256234774,8024154
2919,2019-08-16,85.78744506835938,87.04693475583343,82.1918071983794,82.92312094691776,11894601
2920,2019-08-19,85.12958526611328,86.34249364171603,84.75954721857666,85.99301109479308,8100095
2921,2019-08-20,84.71843719482422,86.71253839763978,84.55397644726708,85.10903634983416,8711658
2922,2019-08-21,84.24559783935547,85.35571747825946,83.9989039666389,84.96511838173814,5649369
2923,2019-08-22,83.36162567138672,84.5128564341776,82.5598718917219,84.08114629229145,5059207
2924,2019-08-23,82.84769439697266,84.1222695062802,82.51876729082673,83.07382725142593,7611285
2925,2019-08-26,83.42330932617188,83.6700032600364,81.88147921032176,83.19717089652836,7846961
2926,2019-08-27,84.92399597167969,86.09578760408822,83.4849549857915,83.4849549857915,18828020
2927,2019-08-28,84.59508514404297,86.85643554796096,84.01946421627798,85.49962195962532,15756988
2928,2019-08-29,84.20448303222656,85.02679224078436,83.73165635263408,84.59508213694801,8660979
2929,2019-08-30,82.43653869628906,85.19127180821441,79.76403317742036,84.43063450674636,15630977
2930,2019-09-03,81.01805114746094,83.2177298381905,80.60689646047008,82.80657515119964,9494810
2931,2019-09-04,80.95637512207031,81.81980103808306,80.29852653955383,81.18250795825938,8565768
2932,2019-09-05,81.96369171142578,83.5877546983973,81.14138246772201,81.81979205509079,14199248
2933,2019-09-06,83.66999816894531,84.01947517929263,82.2515123180172,82.37485648912306,13782929
2934,2019-09-09,83.42330932617188,84.22505764042845,82.97103804352734,83.56721458564638,4769289
2935,2019-09-11,82.80657196044922,83.83445863831925,82.14872337128398,83.46442054961446,7723322
2936,2019-09-12,82.08702850341797,83.05324282778005,81.26471938934651,83.05324282778005,11516235
2937,2019-09-13,83.32051086425781,83.46441610682801,81.84035301158492,82.02537483440973,7223537
2938,2019-09-16,83.11492919921875,83.87556637596069,82.58042483710533,82.64210249258724,6031015
2939,2019-09-17,82.41595458984375,83.34105239561,81.96368343614097,83.2177082521642,5823968
2940,2019-09-18,83.07380676269531,83.46440586220824,81.51142151792594,82.43651936521755,7206830
2941,2019-09-19,82.70376586914062,83.36161431971439,81.86089562487265,83.36161431971439,6306748
2942,2019-09-20,80.66854858398438,85.89021404714455,80.33962714645155,82.31316692493044,51859153
2943,2019-09-23,77.42042541503906,81.51141560705685,76.63923284930321,80.99747239583053,24586363
2944,2019-09-24,78.30441284179688,78.92114474424805,76.06361803223449,77.25597083828636,18234411
2945,2019-09-25,81.71701049804688,83.62887854040592,79.3939822214787,79.55844854581913,48245282
2946,2019-09-26,81.9225845336914,82.80656589659803,81.03859759414306,82.21038943643404,15826874
2947,2019-09-27,81.44975280761719,82.12816243141368,80.60688801821915,81.32640864509516,10034452
2948,2019-09-30,81.84033203125,82.23093107857322,80.44240769745389,80.99746744699304,9111327
2949,2019-10-01,80.79190826416016,83.32050815971834,80.5863309462019,82.02537217190968,7634447
2950,2019-10-03,81.86090087890625,82.23094449004496,79.96959412999928,80.87413092803276,9432906
2951,2019-10-04,80.81246948242188,82.14872214368445,80.42187032001138,81.84035614493155,19442087
2952,2019-10-07,80.79190826416016,81.16194632115668,79.92848241340717,80.87413584535847,11655995
2953,2019-10-09,81.2852783203125,81.77866604025401,80.3396250298389,81.20305075141613,8504262
2954,2019-10-10,81.86090087890625,82.06647818436495,80.79190335183407,81.36751869179017,6982965
2955,2019-10-11,82.64210510253906,83.978357685061,81.77867924158116,81.84035132236922,10517558
2956,2019-10-14,81.57310485839844,83.17660689983377,81.28529436883537,82.64210807823596,11162487
2957,2019-10-15,82.74488830566406,83.05325426590915,81.53197996471017,81.57309654140445,5013200
2958,2019-10-16,81.63477325439453,82.74489300498023,80.85358055940245,82.64210434572755,6668842
2959,2019-10-17,81.2852783203125,82.12814854382584,80.79189617701181,81.71699396942152,7899823
2960,2019-10-18,83.27938842773438,83.56719889263572,80.99748251545029,81.2852874037102,8795448
2961,2019-10-22,84.30728912353516,85.33517584686632,82.64211486239562,82.64211486239562,10675241
2962,2019-10-23,84.8006591796875,85.1090251319534,83.17659626709728,84.286715925911,5777589
2963,2019-10-24,83.91668701171875,85.2118286992665,83.71110967422129,84.86234611019238,5428181
2964,2019-10-25,83.44384765625,84.45117868860346,82.703771583619,84.45117868860346,3993616
2965,2019-10-27,83.19715881347656,83.99891258793375,82.64210451369723,83.8755684272365,388417
2966,2019-10-29,82.66266632080078,83.42330357416971,82.02537881418043,83.15605415451093,5943950
2967,2019-10-30,82.21040344238281,83.81390570029265,81.94315399550496,83.81390570029265,6419057
2968,2019-10-31,81.55253601074219,82.6009836285798,81.34695870253576,82.35428974340381,15582577
2969,2019-11-01,81.12083435058594,81.75812184180317,80.89470151864226,81.59366109342214,8803683
2970,2019-11-04,80.07237243652344,81.6758740965835,79.78456201541292,81.36750817823962,15175738
2971,2019-11-05,80.33963775634766,80.79190897516433,79.72290579704539,80.07238835597835,8153818
2972,2019-11-06,80.21629333496094,80.79191432977325,80.05183258357545,80.3396430809816,9183411
2973,2019-11-07,79.84626007080078,80.93581888823273,79.62012722107352,80.58634186168011,15498054
2974,2019-11-08,78.79781341552734,80.33964342252489,78.46888633471595,80.2779713375734,11762251
2975,2019-11-11,78.83892059326172,79.39398048415985,78.2633052005918,78.79780958971816,10089055
2976,2019-11-13,77.81102752685547,79.90791717620937,77.4204339890512,78.94170829341262,9456977
2977,2019-11-14,77.2970962524414,78.18108327212438,76.84483056761282,78.1194056090639,19380370
2978,2019-11-15,77.15318298339844,77.6671262407403,76.78313937679928,77.29708263414116,18256039
2979,2019-11-18,78.38665008544922,78.5305497422214,76.7420315930451,77.17374171664459,11766437
2980,2019-11-19,80.36019134521484,80.58632973756228,78.20162953902745,78.53055101217082,22218922
2981,2019-11-20,80.62744140625,81.05915711704398,79.76402113794528,80.5657693266056,9597590
2982,2019-11-21,80.70967102050781,80.9769204049961,79.76401763642887,80.50409371295662,12107895
2983,2019-11-22,81.71701049804688,82.72433606310132,80.5863351897371,80.5863351897371,16199814
2984,2019-11-25,81.65531921386719,82.3954008199903,81.32639777335092,81.81978551076634,6529113
2985,2019-11-26,79.92849731445312,81.98427087729291,79.72291995816914,81.84036561256559,21594044
2986,2019-11-27,80.21629333496094,80.58633699638088,79.80513866817617,80.15462125027163,12155700
2987,2019-11-28,80.64801025390625,81.30585884565714,79.84625641135952,80.6685657568876,6724188
2988,2019-11-29,79.4762191772461,80.54522245327536,78.98283133395806,80.33964511467904,17547179
2989,2019-12-02,78.69501495361328,80.17517269143138,78.28386033625499,80.17517269143138,19957065
2990,2019-12-03,77.87271118164062,78.98282538039727,77.74936144179534,78.98282538039727,7451455
2991,2019-12-04,77.4615478515625,78.11939075042218,77.17373740083052,77.89325795101932,10311154
2992,2019-12-05,77.00929260253906,77.6671412140907,76.68036550844207,77.50267487872105,4569931
2993,2019-12-06,76.72147369384766,77.35876673203697,76.4131077137488,77.07095625328803,5388071
2994,2019-12-09,77.27652740478516,77.64656543603729,76.2897574625657,76.88592829718269,5459781
2995,2019-12-10,75.13851165771484,77.27651757441498,74.91237888311642,77.27651757441498,10563080
2996,2019-12-11,74.72735595703125,75.36464885350807,73.30887610998373,75.24129914291233,39214905
2997,2019-12-12,75.9608383178711,77.44099617320815,74.43956945884727,75.13852901786628,63493233
2998,2019-12-13,76.35143280029297,77.11206997164425,76.06362233222227,76.35143280029297,12987237
2999,2019-12-16,76.86538696289062,77.25598614247608,76.2486549382666,76.5570209505786,8479418
3000,2019-12-17,77.31765747070312,77.64657898328383,76.31032627638103,77.02984696471331,17903634
3001,2019-12-18,76.96817016601562,77.7082463123342,76.53646001010345,76.90649808326273,10099352
3002,2019-12-19,76.6392593383789,76.94762537169625,76.02252727174422,76.92706429015615,5749401
3003,2019-12-20,76.51588439941406,77.07094419205615,76.10472982362597,76.33086818629393,9690984
3004,2019-12-23,76.39253997802734,77.09149940832705,75.96082432904379,76.33086790721279,17045076
3005,2019-12-24,76.9476089477539,77.05039760358682,76.26919935794352,76.65979848076516,3748896
3006,2019-12-26,76.00196075439453,77.09151954552655,75.67303923970488,77.00929195517529,3925143
3007,2019-12-27,77.72880554199219,77.91382178584969,76.26920320947134,76.26920320947134,7122947
3008,2019-12-30,78.24272918701172,78.73611128996774,77.58488080643,77.70822493800891,6925363
3009,2019-12-31,78.2221908569336,79.04450575422744,77.81103619660767,77.91382486168915,11907723
3010,2020-01-01,80.38074493408203,80.54520565533187,78.22217775235418,78.34552747577236,13620373
3011,2020-01-02,80.21629333496094,80.87414191714497,79.90792733487237,80.40131516567091,5673692
3012,2020-01-03,79.35285949707031,80.09293554072946,78.63333337595569,79.86680274312282,7358268
3013,2020-01-06,79.39396667480469,79.74344918063065,77.29707721648985,78.94170110135555,7355290
3014,2020-01-07,78.81834411621094,79.9695801718236,78.5922113503329,79.41452042863895,14023712
3015,2020-01-08,78.34553527832031,78.50999601594903,77.64657017259624,78.24274662022216,9451757
3016,2020-01-09,79.33230590820312,79.51732772489984,78.59222979469953,78.92115127255855,7714854
3017,2020-01-10,79.00338745117188,79.64067493013206,78.53055514078774,79.64067493013206,4118638
3018,2020-01-13,80.09293365478516,80.17516680287366,78.85946989330347,79.106163760928,27682638
3019,2020-01-14,80.27796173095703,80.73022735090807,79.86680711162596,80.09293992160148,5994314
3020,2020-01-15,79.8667984008789,80.50408576067915,79.31173860999179,80.33962504621206,7114590
3021,2020-01-16,80.7713394165039,81.28528266196028,79.8051249997177,79.8051249997177,8552344
3022,2020-01-17,81.16194915771484,81.34696540435849,79.62011921914198,80.56577268414327,4698386
3023,2020-01-20,84.142822265625,86.75365546901764,83.56720685760065,84.04003360074059,49337827
3024,2020-01-21,82.47764587402344,83.99892040630765,81.8198028535524,83.73167098216102,17283910
3025,2020-01-22,82.25151824951172,83.19717183389733,79.37343533416461,82.43654009615534,56787054
3026,2020-01-23,83.03269958496094,85.27349463266576,79.72290692071174,80.89469877523038,226059260
3027,2020-01-24,80.97692108154297,81.47030885444454,79.86680695747654,80.77134377227421,16151679
3028,2020-01-27,79.35285949707031,80.77133951019053,79.06504904862446,80.75078401100488,8213919
3029,2020-01-28,78.30441284179688,79.35286042194858,77.74935301426258,79.35286042194858,9174575
3030,2020-01-29,79.1061782836914,79.68179369606275,77.81103663505336,78.30442446088138,17600091
3031,2020-01-30,79.92849731445312,80.27797993546443,78.69503317674925,79.10618788931721,26386034
3032,2020-01-31,76.82427215576172,80.38076470798214,76.10475144372862,80.2985315388071,63986362
3033,2020-02-03,77.02982330322266,77.70822719993436,72.959394346312,74.37787420731998,16329297
3034,2020-02-04,79.90792083740234,80.2985199697443,77.29708780028268,77.44099303728454,14207381
3035,2020-02-05,77.85214233398438,80.46297519213518,77.2970825016781,79.80512670853668,14550344
3036,2020-02-06,79.3117446899414,79.66122722037541,77.56433761441266,78.09883637156496,9175642
3037,2020-02-07,78.28385925292969,79.27062920560596,77.5232221060146,79.27062920560596,18058457
3038,2020-02-10,76.72147369384766,78.57166957444076,75.96083649427548,78.40720883371638,30471811
3039,2020-02-11,77.913818359375,78.61278345425359,77.3382029982852,77.50266373336207,32456571
3040,2020-02-12,77.85214233398438,78.90058992314982,77.52322088050575,78.13995278825911,16386952
3041,2020-02-13,78.34553527832031,78.59222917308419,77.17374346067307,77.62601467163326,18581113
3042,2020-02-14,75.69358825683594,78.69502052191146,75.4057777736637,78.32497687879234,23830630
3043,2020-02-17,75.4880142211914,76.39255671343352,74.23399472555951,76.06362963596274,17670292
3044,2020-02-18,76.06362915039062,76.61868905905756,74.35733841953022,75.07685907756165,30879880
3045,2020-02-19,77.09150695800781,77.27652876521176,75.2413111925338,76.47477503618315,22313738
3046,2020-02-20,77.81102752685547,78.40720394855852,76.43366402954388,77.09150695145452,25907657
3047,2020-02-24,76.51588439941406,77.7904646996853,76.0841743254929,77.70823155387134,14921452
3048,2020-02-25,76.53645324707031,77.1737406736071,76.2075262070502,76.51589217020826,17807428
3049,2020-02-26,76.41309356689453,77.46154105110973,75.63190101059973,76.06361107215614,17113656
3050,2020-02-27,76.6598129272461,77.17375630326286,74.54236733338551,76.10475296581947,28472046
3051,2020-02-28,74.62458801269531,76.18697907699745,73.65837343998669,75.42634183564633,28010970
3052,2020-03-02,75.44689178466797,76.96816615539299,74.72737117787887,75.5496804427807,19540018
3053,2020-03-03,78.81834411621094,80.05180773366999,74.85070392871236,75.57022437223014,16039306
3054,2020-03-04,81.01805114746094,81.4086503307592,77.52323630803865,78.40721776974053,16939245
3055,2020-03-05,80.56576538085938,82.04592310304146,79.99015003796673,80.60688195748914,9715265
3056,2020-03-06,78.36610412597656,79.18841353081098,77.35877845103992,78.32498754040633,14371982
3057,2020-03-09,74.3984375,77.54376880703481,73.16497380495571,76.0225002624646,69609292
3058,2020-03-11,74.58348083496094,75.6113676213496,72.8771898848843,73.8022879926341,42604599
3059,2020-03-12,68.29279327392578,73.14441506529451,67.73773347811169,72.44545562844492,58418097
3060,2020-03-13,69.03288269042969,70.96531181362019,61.46763809881757,66.93599281937323,44617540
3061,2020-03-16,67.33198547363281,69.4421065543865,66.07444341435772,69.22896324448743,39669086
3062,2020-03-17,69.05846405029297,72.61795921891513,66.39417212495954,66.73519917864881,35460792
3063,2020-03-18,61.44923782348633,70.29468596021854,52.070925583381396,69.91102912512238,119909061
3064,2020-03-19,62.72809982299805,64.75296151012137,59.722775323506255,61.98209814879471,44039786
3065,2020-03-20,67.03359985351562,68.99451979867564,63.197019614591674,63.197019614591674,131485883
3066,2020-03-23,65.22187042236328,66.43678844977661,60.340886294392035,60.340886294392035,39665620
3067,2020-03-24,62.79205322265625,67.01229088555031,61.982109555132595,64.81691528240744,42302851
3068,2020-03-25,64.0495834350586,66.90570038389288,63.23963421341365,63.303581833351636,23309603
3069,2020-03-26,67.50250244140625,68.93055794344671,62.770719966891804,64.19878125081439,25329120
3070,2020-03-27,68.20588684082031,70.87017861797543,66.77782529188855,67.60908663911421,28883749
3071,2020-03-30,66.3515396118164,68.16325804770338,65.24319305936771,66.07445441917505,22364337
3072,2020-03-31,67.82221221923828,68.97318249641025,66.67123616018462,67.52380930559276,24838523
3073,2020-04-01,65.90393829345703,69.0371407214242,65.28582030348792,67.77959850242516,14182117
3074,2020-04-03,66.58600616455078,68.39772490478202,64.68903354096861,65.8826341629555,21066826
3075,2020-04-07,67.35330963134766,69.01582644911176,66.67124981891337,68.63216961145586,24741992
3076,2020-04-08,67.50250244140625,69.35684454868438,66.18101280879308,67.31067115629645,21481260
3077,2020-04-09,70.10285186767578,71.06199672915874,67.50250242016779,68.58953095042895,15607786
3078,2020-04-13,68.1845703125,70.29469175221864,67.03359971237617,69.91103488551069,14901247
3079,2020-04-15,68.01405334472656,69.86840151869303,67.54513685056861,68.82399686269956,25249654
3080,2020-04-16,69.65525817871094,71.06200766109134,67.14016797806376,67.43856517841135,31150756
3081,2020-04-17,71.50961303710938,73.85418994502605,70.0176095502533,71.46698320967963,18536308
3082,2020-04-20,70.55046844482422,72.1277315978613,69.12240679792043,72.1277315978613,24177042
3083,2020-04-21,69.33554077148438,70.76360222512754,69.12239744353414,69.91102891332659,13915863
3084,2020-04-22,69.14370727539062,69.3781683978456,66.75650670340175,68.2058801312186,19702407
3085,2020-04-23,67.35330963134766,69.01582644911176,67.1827961237098,68.8453129414739,32128585
3086,2020-04-24,67.8435287475586,68.24850333131597,66.39415546033977,66.92701371166156,33134279
3087,2020-04-27,68.03536224365234,68.84530565562862,67.20410103180059,68.84530565562862,9762001
3088,2020-04-28,67.01226806640625,68.37638751279552,66.84175458107812,68.2271860449276,26134701
3089,2020-04-29,67.37462615966797,68.46166068462372,66.50074076087505,67.99274417083203,14509262
3090,2020-04-30,69.07975769042969,69.67655776651581,67.01226655016528,68.03535900274947,18702868
3091,2020-05-04,67.80091857910156,68.84532336710309,67.18280629757481,68.58955017597172,12598146
3092,2020-05-05,69.76182556152344,70.69965849217418,68.29113432524902,68.82399263087271,18305545
3093,2020-05-06,70.5078353881836,71.04069375576907,69.35685900144564,69.44211865301264,12853774
3094,2020-05-07,68.9518814086914,70.33731298955627,68.63216642849183,69.7618248688205,8561359
3095,2020-05-08,67.77959442138672,69.31422751155357,67.39593759431568,69.31422751155357,30898767
3096,2020-05-11,67.69434356689453,69.22897685628377,67.50251801939804,67.90748691870182,9453421
3097,2020-05-12,69.61261749267578,70.33730703250535,67.22541135298778,67.56644410544727,19986028
3098,2020-05-13,71.04067993164062,73.27868463999613,69.07976036413365,73.08685913412354,27175817
3099,2020-05-14,68.54691314697266,69.91103283513043,68.20588611587479,69.91103283513043,26454121
3100,2020-05-15,68.1206283569336,68.95188971838448,67.45988629764524,67.86485518557306,20009870
3101,2020-05-18,65.8613052368164,68.29113568988517,65.34975894044257,68.14193998683535,32898286
3102,2020-05-19,67.37462615966797,67.90748452036689,65.64816738375677,66.0744540723159,12276533
3103,2020-05-20,67.54513549804688,68.48296846758363,66.39416497930583,66.60730831039301,24677051
3104,2020-05-21,67.7369613647461,68.141935974017,66.92701792808668,67.16147326068621,17176100
3105,2020-05-22,66.43679809570312,67.35331330844042,65.69079639991271,66.92702662513162,25080927
3106,2020-05-26,67.07623291015625,67.65171534820814,66.28760133334713,66.56468654090611,18512685
3107,2020-05-27,66.990966796875,67.31068180136563,66.39416661153578,67.07622644415905,22655078
3108,2020-05-28,67.03359985351562,67.50251637242744,66.52205350890577,67.50251637242744,25797051
3109,2020-05-29,67.16148376464844,67.6304002850678,66.75651487392338,67.03360006902649,63844851
3110,2020-06-01,67.71564483642578,68.65347188624956,67.22541062146743,67.58775538743932,45314328
3111,2020-06-02,70.35862731933594,71.76537674754016,67.60908186845627,68.14194018628753,43626060
3112,2020-06-03,70.1454849243164,71.40303288386197,69.84708773149538,70.5504595640027,13811685
3113,2020-06-04,72.1490249633789,72.44742789847983,70.37993671583455,70.42256653254641,23992166
3114,2020-06-05,73.08686828613281,74.3017864363212,70.14548567560843,71.18989031637525,22851633
3115,2020-06-08,73.47052764892578,74.55755636793693,72.83109763024083,73.93944415233803,11723588
3116,2020-06-09,72.7032241821289,74.19523366980225,72.46876876968727,74.17391586201748,8412588
3117,2020-06-10,72.49005889892578,73.00160518485872,71.87194673379636,72.70320222108406,10101681
3118,2020-06-11,72.89502716064453,76.00692286164217,71.55222550463942,71.63747935693118,22109491
3119,2020-06-12,70.8915023803711,72.21299247707964,70.59310512103959,70.78493069163467,20331770
3120,2020-06-15,69.59132385253906,70.76361232355862,69.31423864303845,70.42258526292457,13833335
3121,2020-06-16,69.35684204101562,70.8701629040229,68.82398380373459,70.63570759237201,13972830
3122,2020-06-17,67.99273681640625,68.97319378128796,67.5025083339654,68.56822494009013,28371013
3123,2020-06-18,70.5291519165039,70.8914909744025,67.99274381991441,68.5042843744153,19720997
3124,2020-06-19,73.06554412841797,73.44920671859853,70.35862288794821,70.69965565901069,21577413
3125,2020-06-22,76.13481903076172,76.62504755304157,72.74583763512241,75.19698602840478,33039735
3126,2020-06-23,79.90745544433594,80.56819746590229,76.32664859536794,77.37104746113033,34298071
3127,2020-06-24,76.0921859741211,80.31242852355946,75.45275598564653,79.60905091073117,32910525
3128,2020-06-25,76.45452117919922,78.13835558325313,74.32308815223584,76.04954659132332,40909792
3129,2020-06-26,76.39057922363281,77.62680922093483,75.942974819551,77.13658078188705,11954078
3130,2020-06-29,75.98561096191406,76.85950204346071,75.51669450131374,75.8790393018632,7547198
3131,2020-06-30,74.53623962402344,76.71030270617747,74.17389481335064,76.3053280739168,11889584
3132,2020-07-01,73.93943786621094,74.77069335070043,73.27869010061491,74.60017984992433,15209917
3133,2020-07-02,74.64280700683594,75.36749658662592,73.57709043766386,73.96074724618933,15481100
3134,2020-07-03,75.70853424072266,76.47584796586156,74.64281752142794,75.0264743839974,22720042
3135,2020-07-06,75.8790283203125,76.17743123802177,74.94120131672095,76.04954179533989,11724475
3136,2020-07-07,73.79023742675781,76.09218417444573,73.1934372746732,76.09218417444573,20855578
3137,2020-07-08,72.36217498779297,74.45097838191136,71.95720036422968,73.74760657740694,16818545
3138,2020-07-09,73.1294937133789,73.53446255117836,72.25560263456045,72.68188927343309,16110083
3139,2020-07-10,73.57708740234375,74.06731584756272,72.2555977547101,73.15080079226078,23809286
3140,2020-07-13,72.08509063720703,74.2591536971284,71.70143381060507,73.57709390434563,10803798
3141,2020-07-14,69.63394165039062,71.95720038608869,69.48474016893343,71.82931670591545,16288923
3142,2020-07-15,69.71920013427734,70.89148848052497,69.52737460129391,70.3586301413215,15061461
3143,2020-07-16,69.14370727539062,70.12417002206278,67.9927368100137,70.12417002206278,15458966
3144,2020-07-17,69.61261749267578,69.84707859409457,68.90924575218361,68.90924575218361,13711930
3145,2020-07-20,69.69789123535156,70.01760625319423,69.20766269770279,69.61263158450687,8390572
3146,2020-07-21,74.02470397949219,74.36573681938061,69.9536681788187,69.9536681788187,33717545
3147,2020-07-22,76.5824203491211,77.32842205955657,74.08864782831485,74.17390169752035,46076322
3148,2020-07-23,77.47760772705078,77.8186404798396,75.64457764013353,75.87903295989663,18738194
3149,2020-07-24,77.58418273925781,78.11704101806008,76.15612139569124,76.51846618165327,14438899
3150,2020-07-27,77.11527252197266,77.39236347482141,76.19875736483178,77.28579181045892,11938756
3151,2020-07-28,77.54156494140625,77.94653960882985,76.17745100533101,76.81688103902094,11893746
3152,2020-07-29,77.47760772705078,78.64989588963049,76.94474947133273,77.28578222412155,13335993
3153,2020-07-30,75.38882446289062,78.11705829746398,74.85596606622069,77.79734325946202,23995122
3154,2020-07-31,76.00691986083984,76.45451846787601,75.11171686488558,75.28223034461926,14354565
3155,2020-08-03,76.11349487304688,76.518463682581,74.21651714971262,76.3053203780213,12500988
3156,2020-08-04,75.98561096191406,76.32664374320639,74.85595252175142,75.81509746220921,9628257
3157,2020-08-05,75.00517272949219,75.85774622276966,74.66413986305076,75.47408930717161,10577794
3158,2020-08-06,74.98383331298828,75.77246472336634,74.77069000109597,75.30354828082676,8564058
3159,2020-08-07,75.00517272949219,75.85774622276966,74.70676969409145,74.94123087387318,8026904
3160,2020-08-10,75.55933380126953,76.22008164561086,75.13304710758479,75.3888202801723,7766140
3161,2020-08-11,75.38882446289062,77.73340140823836,74.83465404310735,75.9429948826739,21833550
3162,2020-08-12,75.9003677368164,76.49716796033779,73.83287608579285,75.11173618557442,19435650
3163,2020-08-13,76.19876098632812,76.85950880590863,75.19698613733279,76.71030731233347,10641012
3164,2020-08-14,74.77069854736328,77.0087035780359,74.21652818585471,77.0087035780359,17130105
3165,2020-08-17,76.15613555908203,77.79734051939806,74.8559634297536,75.02647695430568,17368089
3166,2020-08-18,75.7724609375,76.68897597646809,75.26092048364627,76.66766395909663,13890131
3167,2020-08-19,75.6019515991211,76.47583686939068,75.47406792411465,76.09218006248896,12400644
3168,2020-08-20,77.24315643310547,80.18453300159359,75.2182949558436,75.53800992593759,44062975
3169,2020-08-21,80.6108169555664,81.20761705691054,77.83995397329231,78.01046746197889,49949864
3170,2020-08-24,78.9696273803711,81.27158015263885,78.60728253422647,80.8452934587942,19724617
3171,2020-08-25,78.75646209716797,79.63035304527195,78.01046059072594,79.50246360361,10109220
3172,2020-08-26,79.01224517822266,80.84528115184446,78.47938689203303,79.71561695961648,18000615
3173,2020-08-27,78.94831085205078,79.99271550510872,78.73516751729471,79.67300050297462,10363056
3174,2020-08-28,77.71207427978516,79.60904633407466,77.49893096254706,79.50247467545562,12114955
3175,2020-08-31,76.28401947021484,79.01225300953872,75.8790448198186,78.22362151143619,24259718
3176,2020-09-01,76.9021224975586,77.71207170169943,76.13480889370999,76.3266401856133,16505345
3177,2020-09-02,79.01261901855469,79.84111638937851,76.41810802416039,77.59545043987404,30959608
3178,2020-09-03,77.83528137207031,79.1216368341941,77.46463607668444,78.66377879365896,11884498
3179,2020-09-04,76.33091735839844,77.61726709969884,75.74224602591637,77.26842789528968,17373558
3180,2020-09-07,76.81056213378906,77.15940721777854,75.45880591561945,76.33090975409412,13069001
3181,2020-09-08,76.2655029296875,76.74516125953245,75.76404436798586,76.6797546496293,9597878
3182,2020-09-09,76.4181137084961,77.59545621178597,75.61141650545173,76.30910073279638,20122483
3183,2020-09-10,77.44282531738281,77.81347056237071,75.93844411127434,76.74514119405234,19635358
3184,2020-09-11,76.37450408935547,77.74807225625976,75.91665197660883,77.66085951367364,31182063
3185,2020-09-14,74.78292846679688,77.39924021223584,74.455889498617,77.39924021223584,14143608
3186,2020-09-15,75.56781005859375,75.82943644807565,74.56488721302921,74.93553248390454,7858789
3187,2020-09-16,74.97915649414062,75.633234450396,74.47769791054485,75.43700869778604,13201491
3188,2020-09-17,73.38755798339844,74.7393202006026,73.21313838764084,74.7175199690078,10765947
3189,2020-09-18,74.95733642578125,75.4369946874855,72.95149654959313,73.73639349992706,23788415
3190,2020-09-21,74.34687042236328,74.87013509434409,73.10412126215837,74.56489638329982,13331596
3191,2020-09-22,73.6055908203125,74.3250813306954,72.60267361543572,73.6055908203125,9039386
3192,2020-09-23,71.46892547607422,74.085236967811,70.98926718638928,74.085236967811,8404497
3193,2020-09-24,69.4848861694336,71.97037834275682,69.11424088768398,70.74943544158037,20770480
3194,2020-09-25,70.09536743164062,70.85845833027281,69.63750934386152,70.20438041715951,8761400
3195,2020-09-28,73.32213592529297,73.71458141164247,70.20436634716663,70.20436634716663,16915185
3196,2020-09-29,71.207275390625,73.86719259358627,70.8584363110991,73.69277305382332,13468026
3197,2020-09-30,70.83665466308594,71.18549977755195,69.89914413768741,71.05468064175226,14349950
3198,2020-10-01,71.774169921875,72.3846414692296,70.98927286299072,71.83957653153209,14856837
3199,2020-10-05,71.01106262207031,72.55904432217453,70.70582396166556,71.51252106616522,10360105
3200,2020-10-06,71.16368103027344,71.68694565215245,70.57501572357474,71.12008057372698,8989183
3201,2020-10-07,69.5938949584961,71.1636769044585,69.3322626627251,71.07647008208937,17614061
3202,2020-10-08,69.02703094482422,70.2479798098429,68.89621774094083,69.85552836952795,12953710
3203,2020-10-09,68.8962173461914,69.48488858895858,68.32934633250241,69.20145012494791,11980039
3204,2020-10-12,69.68110656738281,70.98926222176553,69.13604171139002,69.41947425363983,20670634
3205,2020-10-13,69.96455383300781,70.64043794527159,69.41948886231128,69.76833399215712,11179799
3206,2020-10-14,68.48197174072266,70.11716649629709,68.15493278960777,69.96454713624357,13362234
3207,2020-10-15,67.91510009765625,68.4819651929895,67.41364160342572,68.28574538968137,15536883
3208,2020-10-16,69.31046295166016,70.29157971607565,67.74068086006126,68.0677197815331,18673957
3209,2020-10-19,69.6593246459961,70.81486126152018,69.50670526334187,69.74653149727439,18793008
3210,2020-10-20,68.54737091064453,69.94273931640281,68.41655771012505,69.7683197442661,13701957
3211,2020-10-21,71.40353393554688,72.45005757015862,68.5691958882092,68.72181527362493,36573148
3212,2020-10-22,71.9921875,72.34102665370563,70.29158036127102,70.7058320313373,39056262
3213,2020-10-23,74.19424438476562,74.73930923801743,71.81776517318707,71.99218474336121,29149043
3214,2020-10-26,75.02275085449219,75.41519638250398,73.97622156068421,74.15064113820806,36760149
3215,2020-10-27,75.655029296875,76.46172656835641,74.78292541729142,75.02275753277668,23610507
3216,2020-10-28,75.37158203125,76.11287255017427,74.80471698571858,76.11287255017427,14060472
3217,2020-10-29,74.82653045654297,75.56782110667093,74.2378591654805,74.58670425967777,17654072
3218,2020-10-30,74.56488800048828,75.0009398733391,73.82359745090905,74.34686206406286,22904945
3219,2020-11-02,75.45880126953125,76.0474665927907,74.97914300503678,75.24077532333669,13423596
3220,2020-11-03,78.46755981445312,78.79459874070649,75.80764203139265,75.87304863377683,27441682
3221,2020-11-04,77.22480010986328,78.48934926823696,76.15647073170372,78.46754904187927,19461431
3222,2020-11-05,78.07511138916016,78.40215030328008,77.00678190396883,77.61725336079293,10248002
3223,2020-11-06,77.81346893310547,78.24952076176548,77.22479778154816,77.7262562016409,8815864
3224,2020-11-09,80.25537109375,80.53880363743286,78.09691188737239,78.44575103123864,15228920
3225,2020-11-10,81.06208038330078,81.47632618926463,79.16525320848456,79.92834412478612,13815795
3226,2020-11-11,82.697265625,83.28593096078016,80.1899612761008,80.1899612761008,15502357
3227,2020-11-12,82.63184356689453,83.26412111703173,81.60712644777333,83.06789541820798,26079694
3228,2020-11-13,82.34841918945312,82.82807745619542,81.1928828520733,82.23940621584498,11968619
3229,2020-11-14,81.97777557373047,82.80627892157086,81.5417236703755,82.41382747708542,1162700
3230,2020-11-17,81.45452117919922,82.52284485075278,81.04026948320261,81.54172801591818,16872514
3231,2020-11-18,80.84403991699219,82.71906060952733,80.56060146741628,81.4545113577479,16685757
3232,2020-11-19,82.7626724243164,85.98945532144003,77.79167600205486,77.83528237519148,64832376
3233,2020-11-20,83.65658569335938,84.59410211911884,82.45744282856602,84.37607614370188,27479934
3234,2020-11-23,84.9211196899414,85.42257812421248,83.06789345140639,83.72197712722155,20909280
3235,2020-11-24,84.8121337890625,86.20749657681989,84.26706881392286,85.03015977911836,15308572
3236,2020-11-25,85.16095733642578,86.09846773828221,84.39786651165133,84.81211818226186,19854793
3237,2020-11-26,86.18567657470703,86.83975439484549,84.09262400166466,85.09554687447626,24879552
3238,2020-11-27,83.89642333984375,86.18569623248007,82.28302864977618,86.18569623248007,46793847
3239,2020-12-01,83.87460327148438,85.66241727377923,83.56937048505954,84.9647330394285,18193922
3240,2020-12-02,84.65950012207031,85.11735225816572,82.65366016928884,84.09262909501658,15836732
3241,2020-12-03,84.3542709350586,85.07375547906422,83.28594127790895,85.03015501496273,21308517
3242,2020-12-04,84.7467041015625,85.88044020316741,84.04902580611237,84.68129750065559,14838659
3243,2020-12-07,84.37606048583984,86.0112549980203,83.94000861592505,84.15803455088245,22078115
3244,2020-12-08,83.54755401611328,84.85570957598152,83.32952808946857,84.59408319547329,15896364
3245,2020-12-09,84.02722930908203,84.9211393385366,83.32954501920682,84.11444206319129,18701467
3246,2020-12-10,84.04901885986328,85.20455509482686,83.50394812580036,84.1580318238095,13612880
3247,2020-12-11,84.20164489746094,85.1391612593721,83.7873991209802,84.59409635795059,14876364
3248,2020-12-14,84.72490692138672,85.90224943740502,84.0708290601171,85.46619752989194,20316890
3249,2020-12-15,84.07083129882812,84.89932876229841,83.43855365036433,84.76851555229408,16084083
3250,2020-12-16,85.55340576171875,85.83683832337027,83.96181745613774,84.899327889754,35024972
3251,2020-12-17,86.4930648803711,87.43272150217432,85.73238902724557,86.4930648803711,23058726
3252,2020-12-18,86.76152801513672,87.16423621060868,85.933735237836,86.49305386182358,20310375
3253,2020-12-21,83.00289154052734,86.44829625744211,82.53306638321838,86.35880893028526,21609326
3254,2020-12-22,85.15070343017578,85.4862946607924,82.77918842575382,82.98054559172239,23934507
3255,2020-12-23,84.99408721923828,85.77713337097894,84.56900259498062,85.68763995461015,9836093
3256,2020-12-24,85.0164566040039,86.02323628559617,84.7703588151899,85.12832033873683,12945145
3257,2020-12-28,85.71002197265625,86.04561320258682,85.01646312273516,85.10595654498192,6879688
3258,2020-12-29,84.88220977783203,86.2022040766614,84.5689889401113,85.7323728200803,8549660
3259,2020-12-30,85.10594177246094,85.3072989030667,83.58459634131376,85.01644836574827,19132583
3260,2020-12-31,84.9493179321289,85.46388976698974,84.143901674868,85.24016235452899,23272111
3261,2021-01-01,84.792724609375,84.97171143059244,84.34526969432282,84.5689971518489,3074621
3262,2021-01-04,84.32290649414062,85.19544607974457,84.12154933777164,85.01645924341827,7133203
3263,2021-01-05,84.1215591430664,84.79274165053509,83.31614256170275,84.79274165053509,10478882
3264,2021-01-06,87.76830291748047,88.41710889010392,83.6740856703596,84.12154057658086,54265234
3265,2021-01-07,88.1710205078125,90.29643153867916,87.47746775691766,88.59610514158432,40129922
3266,2021-01-08,91.0794677734375,91.28082490831292,88.39473834307483,88.9316866567456,29487917
3267,2021-01-11,91.0794677734375,91.72827981337338,90.13981125901145,91.28082490831292,12726089
3268,2021-01-12,91.1465835571289,91.61641484245683,89.46862768594805,89.96082928862687,31454127
3269,2021-01-13,91.72828674316406,92.44421585914614,90.65439003469294,91.1913383889285,23792586
3270,2021-01-14,91.77303314208984,92.84692991796528,91.10185069166589,92.15337107779602,12024674
3271,2021-01-15,90.8333740234375,92.06387506681435,90.60964656100535,91.2584525606611,13530190
3272,2021-01-18,87.5893325805664,90.38592607688126,87.05238420167544,90.05033485732348,26118654
3273,2021-01-19,89.33441162109375,89.49102208105195,87.36561088318166,87.49984495229057,19382828
3274,2021-01-20,87.76830291748047,89.75947360876766,87.32084801125922,89.49100552023138,21158179
3275,2021-01-21,87.32085418701172,88.46186185097524,86.8733992491443,87.90254317864097,12509109
3276,2021-01-22,86.89575958251953,87.8354160578565,86.35881736018077,87.25372713307402,16720401
3277,2021-01-25,85.10594177246094,88.05914529703807,84.83746762131838,87.00762507864377,9393599
3278,2021-01-27,86.06798553466797,86.96289550205948,84.70325026199455,85.01646510918361,18874916
3279,2021-01-28,83.80831909179688,85.44152815529878,83.13713678605677,85.44152815529878,16072463
3280,2021-01-29,82.53309631347656,84.5690141587915,81.88428412857562,84.43478008487948,13415015
3281,2021-02-01,84.52424621582031,84.77034396151244,81.66053025324852,82.53306965887508,9485240
3282,2021-02-02,86.89575958251953,87.54457159546527,84.65848515028638,85.46390151829219,10803602
3283,2021-02-03,92.39945983886719,93.9655519670517,87.03000111366319,87.03000111366319,73411707
3284,2021-02-04,91.88488006591797,92.91402994293144,91.37030816190888,92.39945803892235,23523019
3285,2021-02-05,92.6679458618164,93.20488816173419,90.05033318410413,92.01913375512838,28755118
3286,2021-02-08,95.1065673828125,95.48690528776325,92.04149989326255,92.39946747927333,28436890
3287,2021-02-09,94.30115509033203,97.29910568616836,93.96556387746959,93.96556387746959,27738169
3288,2021-02-10,94.16690826416016,95.75537686675973,92.62319243622031,94.21165496982415,34189378
3289,2021-02-11,95.64351654052734,96.11334179422848,93.22726110764333,93.45098857492881,20504448
3290,2021-02-12,95.15130615234375,97.99264593949115,94.21164966231923,97.99264593949115,25066544
3291,2021-02-15,95.06180572509766,96.40417637527193,94.65909756454286,95.75536440010394,8599603
3292,2021-02-16,100.9234848022461,102.86992109789574,95.44216172007015,95.48690842841773,80200957
3293,2021-02-17,102.93701934814453,103.45159732711707,99.42450331495515,100.90110202514971,39034960
3294,2021-02-18,105.82311248779297,106.62852891339239,102.2434731402476,103.36211043635554,44291912
3295,2021-02-19,103.8990707397461,105.64414997797957,102.3553486656154,104.48075977315962,36335681
3296,2021-02-22,100.65501403808594,104.65973812224715,100.05094866379962,104.01092604079221,25800846
3297,2021-02-23,101.16959381103516,102.51195264678775,100.52078167947457,101.01298335834849,18293559
3298,2021-02-24,99.67060852050781,102.10924028203502,99.1560365721018,101.19195404714134,11421326
3299,2021-02-25,101.81839752197266,104.16752984200818,98.79807066707916,100.09569482288374,30696079
3300,2021-02-26,95.88961791992188,101.6841619673355,94.5025063569777,99.11129599714731,38070699
3301,2021-03-01,101.68415832519531,102.37771104732751,97.27672599859201,97.3214727059222,31441940
3302,2021-03-02,100.69975280761719,102.62380655919992,99.93908307585009,102.46720219050977,18223787
3303,2021-03-03,101.7960433959961,102.98180407830606,100.09571671301904,102.91468096874343,19350542
3304,2021-03-04,100.74449920654297,102.89228648326323,99.80484265229009,99.80484265229009,22865747
3305,2021-03-05,98.55198669433594,101.12485290957092,98.14927841357677,101.12485290957092,17342685
3306,2021-03-08,100.32933044433594,102.03832386283867,98.89377720904469,99.28115028682299,15749448
3307,2021-03-09,98.43802642822266,101.21798974961031,97.18476483246424,100.4888181303728,12585004
3308,2021-03-10,98.05067443847656,99.78245817794728,97.52658434964202,99.34951069776578,10661165
3309,2021-03-12,100.28373718261719,100.67111018751415,98.16458697862723,98.30131013513707,18173078
3310,2021-03-15,102.1522445678711,103.22321488525468,100.14702709902244,100.71669150388027,30092241
3311,2021-03-16,102.2889633178711,103.54222495445372,101.85601591636818,102.60797166206693,14767699
3312,2021-03-17,100.46605682373047,102.53963309833308,99.9647508354321,102.51684899119671,12571132
3313,2021-03-18,100.7394790649414,101.8560238092842,100.32932191561811,100.71669496046691,14232655
3314,2021-03-19,104.90943908691406,105.77532168934623,99.87360131483436,101.12686318579797,70334403
3315,2021-03-22,101.87881469726562,106.82350964787615,101.26358202294327,106.82350964787615,29180881
3316,2021-03-23,99.80522155761719,102.08387901954873,99.57735581142404,101.87879737547331,38455903
3317,2021-03-24,100.7394790649414,102.03831518884404,98.84819441215564,98.91655290683374,24398959
3318,2021-03-25,98.6203384399414,101.81045953355601,98.14182274840131,100.73948907302007,20272124
3319,2021-03-26,97.8000259399414,101.17243849605823,96.68348106320936,99.96475100936675,25184863
3320,2021-03-30,100.87621307373047,101.94718354293511,98.16460764970756,98.8482050324439,53328751
3321,2021-03-31,98.27853393554688,100.76227339824099,97.82280237771344,100.21539305633894,20694060
3322,2021-04-01,99.66851806640625,99.9647423402823,97.86837595544024,98.7342646718682,11229344
3323,2021-04-05,97.59493255615234,99.8052317563389,97.23034979748954,98.07345438080868,14484908
3324,2021-04-06,95.33905792236328,99.80523066400204,95.02004955733842,98.0734533074256,25301732
3325,2021-04-07,95.95429992675781,98.52918812447811,95.49856837760444,96.11380720521244,22841720
3326,2021-04-08,95.2479248046875,97.29871691166598,95.02005901502322,96.59232925495363,20468881
3327,2021-04-09,94.92889404296875,96.36444703686642,94.79217706498005,95.43019993101746,11773021
3328,2021-04-12,91.67042541503906,94.17694895764156,90.46273803530883,94.17694895764156,18544315
3329,2021-04-13,95.13398742675781,95.43021170311106,92.26287490353327,93.49335258223735,19831072
3330,2021-04-15,94.70103454589844,96.3416692963754,94.35923589710134,94.74660893532229,10159348
3331,2021-04-16,95.63529205322266,97.89115952462306,94.45038878295179,94.56432167083832,22020846
3332,2021-04-19,91.6932144165039,94.33646127496559,91.14634023221382,93.81236501579514,18404990
3333,2021-04-20,92.83253479003906,93.74399786096468,91.89828761484213,93.42498949489344,14467660
3334,2021-04-22,92.71859741210938,93.3794105790027,91.69320150701893,92.96925345321736,11626459
3335,2021-04-23,96.22774505615234,97.0252753083092,92.96926554787677,93.10598254717307,38318040
3336,2021-04-26,98.3469009399414,98.64313142316084,94.88333956455962,94.88333956455962,19139358
3337,2021-04-27,98.7342529296875,100.48882044033273,98.3468799185704,98.46081279353108,15270611
3338,2021-04-28,100.67113494873047,101.0357239411776,98.57476833123982,99.71409734278306,16383579
3339,2021-04-29,100.32933044433594,101.92439096827181,99.82802447199079,101.6737410727268,14761969
3340,2021-04-30,100.28373718261719,101.3091330407982,98.73425134428334,99.23555722231151,16897105
3341,2021-05-03,100.62554931640625,101.55980271030846,98.77983899629606,99.1216376615946,15528063
3342,2021-05-04,99.37228393554688,101.03570899127313,98.75705130535177,100.8989858213651,20857434
3343,2021-05-05,99.4406509399414,100.42047253158324,98.80262182793768,99.37228626275906,23178237
3344,2021-05-06,98.16461181640625,99.9875382477458,97.34429739480566,99.55459692905598,18823613
3345,2021-05-07,97.7772216796875,98.80261761868137,97.29870604732547,98.59754213963527,12509591
3346,2021-05-10,100.19261169433594,100.32932869292749,97.95952823605877,98.1646037339461,17845577
3347,2021-05-11,101.8104476928711,102.63076815886367,99.53179003387146,100.26096172100225,22995780
3348,2021-05-12,102.97256469726562,107.09693250302324,101.65093833712929,101.81044560624102,55645370
3349,2021-05-14,104.29419708251953,104.81829337075256,102.01554524973737,103.79289726443562,18820793
3350,2021-05-17,104.089111328125,105.27400836346759,103.49665662919921,105.25122425942428,10996347
3351,2021-05-18,106.23103332519531,109.30723333862582,104.13467335253307,105.22843390675317,52885042
3352,2021-05-19,106.52727508544922,108.46413418291158,105.45631088244444,106.73235675650596,28081040
3353,2021-05-20,104.33976745605469,107.0741568054812,104.08911757152586,106.64120935265339,10707136
3354,2021-05-21,103.884033203125,104.47648174096436,102.99535421511126,103.92960141276286,21702883
3355,2021-05-24,105.27400207519531,106.82349413271207,104.0891051106295,104.36253906783446,22028927
3356,2021-05-25,106.13990020751953,106.84628158788652,105.34237005105486,106.18546841431406,9165363
3357,2021-05-26,102.81306457519531,106.5500596103883,102.51684030125546,106.2766256229083,18322114
3358,2021-05-27,104.04354095458984,104.63598953032562,101.74209897047575,103.31437537868584,51194207
3359,2021-05-28,102.74471282958984,105.27402064876206,102.44848235493012,105.27402064876206,15307498
3360,2021-05-31,102.83584594726562,103.26879338469358,101.96995725366436,102.99535322322618,13102261
3361,2021-06-01,102.26616668701172,103.90680123660333,102.03830094904771,103.1320552550242,15733731
3362,2021-06-02,103.65617370605469,103.97518828036358,102.1294716968708,102.1750460905228,7995532
3363,2021-06-03,103.13207244873047,105.47909488604758,102.83584817624285,104.38533421647057,10291328
3364,2021-06-04,103.06369018554688,103.97515926042644,102.44845149609851,102.99533170477558,6142487
3365,2021-06-07,107.66659545898438,108.37297683680075,103.40550454500826,103.5877959152911,18058790
3366,2021-06-08,106.66399383544922,108.89708342371894,105.75253071574888,108.89708342371894,22511761
3367,2021-06-09,110.3326416015625,111.88212147096597,106.55005980527635,107.55267169871955,39865778
3368,2021-06-10,110.1275634765625,113.02145399885217,109.48953433404492,113.02145399885217,32690784
3369,2021-06-11,112.2467041015625,113.3860329875658,111.19852399894138,113.3860329875658,29142097
3370,2021-06-14,113.34046173095703,113.84176148232156,110.33263849775133,112.99866307434233,18732629
3371,2021-06-15,112.83914947509766,114.6164948750285,112.58848726468375,114.18354748545927,15026686
3372,2021-06-16,110.35542297363281,112.79358178735018,109.80854264870752,112.49736370145976,30706682
3373,2021-06-17,109.3072280883789,111.22129042256545,107.89445307682736,111.22129042256545,22261167
3374,2021-06-18,106.18548583984375,111.6542649530535,104.86385927581381,111.19853336028602,49278209
3375,2021-06-21,107.02857971191406,107.30201367915942,104.08910893273753,105.68416925418897,11719831
3376,2021-06-22,106.66399383544922,108.00840440950917,105.75253071574888,105.75253071574888,10961545
3377,2021-06-23,105.84368896484375,107.55268246710138,105.72975606469325,107.43874956695088,10721151
3378,2021-06-24,105.34237670898438,106.16269102069245,103.95238560128776,105.84367646544224,12964208
3379,2021-06-25,105.20565032958984,106.09432934344622,104.54484945807769,105.47909668289705,7736431
3380,2021-06-28,105.66139221191406,105.95762269964321,105.13730828459994,105.72975689754725,9989595
3381,2021-06-29,107.55268096923828,108.41857594332735,105.57025347923262,106.00318860376646,61089570
3382,2021-06-30,105.91204833984375,108.28185501666188,105.72975076373841,108.07677333417094,17437744
3383,2021-07-01,105.18286895751953,106.16269678127466,104.90943495961629,105.98039920766578,15924813
3384,2021-07-02,103.884033203125,105.31958015683082,103.72451974437364,105.1828631654078,9549992
3385,2021-07-05,104.95499420166016,105.22844053870307,104.06631524066148,104.49926266909766,6849185
3386,2021-07-06,104.27140045166016,105.04614655588645,104.04353467762357,104.54484679800973,5343938
3387,2021-07-07,105.25123596191406,105.47910175270079,104.27140811652697,104.27140811652697,7228897
3388,2021-07-08,105.34237670898438,106.25383980255098,104.61319881662544,104.86384869485437,8740010
3389,2021-07-09,104.93221282958984,105.47909315540544,104.81827994348282,105.29679559263046,2990856
3390,2021-07-12,104.36256408691406,105.61582602248262,103.99798126906907,105.13731030140414,5578309
3391,2021-07-13,104.20305633544922,105.6841839832193,104.04354286356772,105.00058660732542,8264289
3392,2021-07-14,104.7955093383789,105.47910674308115,104.11191193367665,104.2030607268058,9228746
3393,2021-07-15,105.00057983398438,105.47909549374009,104.49926770649442,105.27401382169919,5376823
3394,2021-07-16,106.57284545898438,107.7805390422148,105.04614967264536,105.57024591348342,15903784
3395,2021-07-19,106.25384521484375,106.93744256983938,105.50188317934456,106.57284742383368,13725925
3396,2021-07-20,105.41072082519531,107.68937838188965,105.25121974123009,107.05136168352031,14178067
3397,2021-07-22,106.2994155883789,106.86908006245906,104.22583937522917,106.86908006245906,10378326
3398,2021-07-23,106.18548583984375,106.618433325475,105.75253835421252,106.52728453441937,6660369
3399,2021-07-26,106.04875183105469,107.2564453032557,105.75252139824804,106.39055047082758,12963701
3400,2021-07-27,105.66139221191406,107.0285993870008,105.11452417689254,106.18548850173916,10832912
3401,2021-07-28,103.95240020751953,105.91205602404426,103.63339178870054,105.72975843471275,13828088
3402,2021-07-29,101.71927642822266,105.45627731666033,101.56736592350981,103.90678522358591,28609665
3403,2021-07-30,103.99794006347656,105.24359885725643,102.20539476708322,102.7218880407241,34142169
3404,2021-08-02,103.90679931640625,104.51444141767178,102.87380650800382,104.21062036703901,9575755
3405,2021-08-03,106.0031509399414,106.4588824785697,103.96755253990345,104.84864093209036,20959435
3406,2021-08-04,106.48928833007812,107.30960277195877,105.63858683525284,106.73234766610126,23323277
3407,2021-08-05,106.45887756347656,106.79308562137763,105.27398056275206,106.48926460965251,6621382
3408,2021-08-06,106.33735656738281,107.24881962367466,106.06392259549881,106.64117758614677,5340311
3409,2021-08-09,107.21842956542969,107.55263762168694,105.76009860632891,107.55263762168694,16415005
3410,2021-08-10,104.8790054321289,107.00575240586129,104.1194529415102,107.00575240586129,11925263
3411,2021-08-11,107.15766906738281,107.55263885772365,104.84863678059791,105.09168370156887,31279965
3412,2021-08-12,113.62907409667969,114.05441862690378,107.12730849176685,107.55265302199093,58107755
3413,2021-08-13,112.26188659667969,113.81137901568432,111.56309565551072,111.92767847100853,26776843
3414,2021-08-16,109.80091857910156,111.98843995049717,109.6186333731584,111.80614238204429,21308655
3415,2021-08-17,111.35041046142578,111.65423149951971,109.98321579000309,110.01360283881635,15962459
3416,2021-08-18,109.74016571044922,113.02143567014924,109.46673169818702,111.62385383244957,25227527
3417,2021-08-20,108.52486419677734,109.40595255868604,107.58302646681685,107.73493697447262,18720467
3418,2021-08-23,106.73233795166016,109.31481689152024,105.85124948408411,109.07175757761959,13112745
3419,2021-08-24,107.3095932006836,108.95023430062238,106.61080230788616,107.73495009141303,11029463
3420,2021-08-25,106.64118957519531,107.82608673658225,106.36775557257073,107.67417621012187,12001351
3421,2021-08-26,105.1828384399414,106.58042012728266,104.27137534711261,106.58042012728266,12115246
3422,2021-08-27,105.9424057006836,106.24622677373547,104.36253859331612,105.60820993783321,8051699
3423,2021-08-30,106.64118957519531,107.15768289265858,105.00056083442719,106.45889199843873,14512401
3424,2021-08-31,106.5500259399414,107.5830247934383,106.30696665897105,106.64117471561886,43248333
3425,2021-09-01,106.73233795166016,108.03877094667966,106.12469584816367,108.03877094667966,11817591
3426,2021-09-02,106.79307556152344,107.00574777719568,105.85122556889394,106.5804033458512,13545023
3427,2021-09-03,106.67155456542969,107.43110704065346,105.97276381572226,106.94498851150715,12286475
3428,2021-09-06,105.79048156738281,107.15767622039682,105.12207776507786,106.76270640369087,13950485
3429,2021-09-07,105.12207794189453,105.82086879377897,104.78786985892515,105.79048174532375,12485031
3430,2021-09-08,106.88442993164062,107.34820386473771,105.24576580889952,105.89504805716813,25370295
3431,2021-09-09,107.2863540649414,107.68829393059849,106.29697233609637,106.6061549126524,5078350
3432,2021-09-13,107.53369140625,107.78103995778392,106.79164575164828,107.75011667109095,7522483
3433,2021-09-14,107.6573715209961,108.27573667916457,107.28635494222928,107.53370352163094,8434427
3434,2021-09-15,110.00716400146484,110.68736315837084,107.44094608249684,107.59553737182418,20064238
3435,2021-09-16,110.96562194824219,112.32603283661221,110.25451208506905,110.65643937097691,16214883
3436,2021-09-17,110.56370544433594,111.55308727193359,109.29605172166013,111.02747935546039,21219226
3437,2021-09-20,109.45063018798828,110.81102846879091,108.27573390147454,109.57429818418088,7833069
3438,2021-09-21,108.77043151855469,110.31634438101092,108.49215965490991,108.86318880643627,9481007
3439,2021-09-22,109.29603576660156,109.72888632152775,108.70859393053449,108.70859393053449,9165634
3440,2021-09-23,110.22358703613281,110.53276960846418,109.45063060530438,109.45063060530438,10295913
3441,2021-09-24,108.9250259399414,110.99654671912222,108.70860064910248,110.25451355605405,7093411
3442,2021-09-27,108.83226776123047,109.54339020875913,108.27573660313536,109.14145034009759,5205649
3443,2021-09-28,113.74824523925781,116.80915976696913,108.89408214173861,109.35785592648253,38873626
3444,2021-09-29,120.61212921142578,121.38508565963879,112.8207181489016,113.47000659766907,53686662
3445,2021-09-30,117.42754364013672,122.43629880227748,116.65458720830415,120.5502800763376,23618199
3446,2021-10-01,118.63335418701172,119.65365922365781,117.27295585859788,117.98407831327071,16994903
3447,2021-10-04,118.50968933105469,119.37540309968522,117.52030755862202,118.72611462804437,10757286
3448,2021-10-05,117.45844268798828,120.64302538711419,117.08742615367657,118.50967087931956,17200858
3449,2021-10-06,116.00529479980469,118.81886114757147,115.47968696029623,118.69518057431199,8929507
3450,2021-10-07,116.43819427490234,118.44788155604178,116.00533100440602,118.10777559927142,6733699
3451,2021-10-08,116.06713104248047,117.58213317470366,115.63428047937151,116.87101075187816,8165175
3452,2021-10-11,119.62272644042969,120.64303139610864,117.05652127823204,117.48937182637682,12982042
3453,2021-10-12,119.5608901977539,120.36476986425036,118.5096745544926,119.90099603681092,8539966
3454,2021-10-13,123.3020248413086,126.45568488213695,120.05560750325861,120.6430494178749,33075614
3455,2021-10-14,126.54843139648438,127.35229854900736,122.59089189117718,123.79669891029731,19185455
3456,2021-10-18,126.02283477783203,129.82577075321174,125.00252966562209,129.73302603628827,38546365
3457,2021-10-19,122.83822631835938,126.64117409693324,121.81792141474153,126.14647699800646,16174177
3458,2021-10-20,120.17928314208984,123.82764061260329,119.56091789558495,123.67304930097707,21909934
3459,2021-10-21,119.9937744140625,122.03437206514329,119.65366851521281,121.35417284811636,16946547
3460,2021-10-22,120.2410888671875,121.8179249071368,118.26232557609093,121.13772581211423,7705870
3461,2021-10-25,119.1280517578125,120.58120738192187,117.79856413464675,120.24110150831964,7862419
3462,2021-10-26,117.73673248291016,119.31355613941928,117.30386930962925,119.0971308431147,8525850
3463,2021-10-27,117.64395141601562,118.63333298537785,116.59273585744376,117.58211742680597,9862679
3464,2021-10-28,114.9540786743164,118.16957227584348,114.55213882895788,117.92222371095586,11095238
3465,2021-10-29,114.42847442626953,116.654586418746,112.10960514646675,115.5724474215047,12988035
3466,2021-11-01,116.09807586669922,116.56184980491507,114.11931209591425,114.15022281005804,5475153
3467,2021-11-02,114.70674133300781,118.26234113173986,114.49031603530631,116.65459417366495,10946890
3468,2021-11-03,113.74824523925781,115.81977820898258,113.16080347751648,114.70671609332955,13957727
3469,2021-11-04,114.42847442626953,114.92315899089152,113.93377728097654,114.36662784760466,830214
3470,2021-11-08,116.96376037597656,117.70579345860047,114.15019415807657,116.00528944530643,11947323
3471,2021-11-09,115.35601806640625,117.705797971929,114.58306166708878,117.705797971929,10381150
3472,2021-11-10,114.02653503417969,115.32509932004056,113.50092717807779,114.98499345867819,13857851
3473,2021-11-11,112.63520812988281,114.55213746882762,111.73857116539524,114.39754619019222,8851354
3474,2021-11-12,112.54244232177734,113.59365790460306,111.49122673895162,113.59365790460306,9590673
3475,2021-11-15,116.43819427490234,116.71645363540566,112.54248774380837,112.66615577499327,24821341
3476,2021-11-16,116.00529479980469,118.3241640158749,115.3250956792249,116.87100848993836,23206330
3477,2021-11-17,118.13866424560547,119.83916836932531,115.63428041294969,115.63428041294969,18359498
3478,2021-11-18,119.03529357910156,120.24110061166026,118.1386691272678,118.63335370802486,10742933
3479,2021-11-22,120.08649444580078,121.8179217156516,118.72609629139647,120.21017501117291,25095721
3480,2021-11-23,124.8169937133789,125.1570995528119,119.43722234140246,119.49905633566203,19671538
3481,2021-11-24,125.7136459350586,128.27985136361798,124.90976617001257,125.03343417355576,18120478
3482,2021-11-25,126.30107879638672,126.76485264753624,124.44598339178863,125.28077380772359,18537454
3483,2021-11-26,124.90978240966797,126.73395489278731,124.16774913059277,126.17743622381762,12814537
3484,2021-11-29,123.8276138305664,126.14648300342346,122.74547488323311,123.05465743961406,16066147
3485,2021-11-30,127.8470230102539,129.5475275484798,123.85857194377554,123.85857194377554,37739647
3486,2021-12-01,128.125244140625,129.08371508128104,126.57933138516056,128.00157615245593,20332817
3487,2021-12-02,132.63929748535156,133.56684502021417,127.6923772994177,129.23828985752203,33758843
3488,2021-12-03,127.44505310058594,133.8451297966451,127.07403653195531,131.80453237884112,47614182
3489,2021-12-06,124.90978240966797,128.61997396639077,124.5078424748883,128.21803403161113,11322446
3490,2021-12-07,127.2595443725586,127.97065418285874,125.00250921020461,125.28076847678551,8049102
3491,2021-12-08,126.64117431640625,128.40351229079863,125.86821796091225,126.8575995798106,8788449
3492,2021-12-09,125.65180206298828,127.66148893828152,124.97160286748498,127.07404703777232,5755422
3493,2021-12-10,125.31172180175781,126.30110369646448,124.8170245640678,126.30110369646448,6164402
3494,2021-12-13,126.39385223388672,129.64026960677418,125.9609890357649,127.07405145302388,21648126
3495,2021-12-14,131.24798583984375,131.80451691784273,125.65177693548839,126.20830801348735,48042035
3496,2021-12-15,129.76390075683594,133.3504230108487,128.49625997686184,131.7735871310897,15207306
3497,2021-12-16,128.74362182617188,130.96974647615755,127.5687380817223,130.72239789497343,13410737
3498,2021-12-17,129.82577514648438,130.16588105562093,126.79579558074927,128.7436359928153,15209414
3499,2021-12-20,129.76390075683594,131.4953278961529,128.31074543312468,130.32043180737844,22539246
3500,2021-12-21,127.75420379638672,130.93878599552843,126.64115436820208,130.75327146716373,17566511
3501,2021-12-22,127.09214782714844,128.0064746573643,124.85360582343908,125.98864373527461,14750231
3502,2021-12-23,131.38002014160156,132.16823722047974,127.40741376148803,127.69116677826257,15932489
3503,2021-12-24,129.5198516845703,131.60073737609446,129.1730309881217,131.28545049897966,8975969
3504,2021-12-27,129.96124267578125,130.68640502823877,129.26761414132181,129.51984619814033,8648187
3505,2021-12-28,129.6459503173828,131.56920523642563,128.19563850299008,130.30805783483817,15736206
3506,2021-12-29,129.015380859375,129.83513182898702,127.81728822265558,128.00646547073688,17172943
3507,2021-12-30,129.48829650878906,133.3032722242982,127.15517913456192,129.01536627111705,87481206
3508,2021-12-31,128.88926696777344,130.0242919314146,128.3532818880772,128.6370349217238,9842223
3509,2022-01-03,129.2676239013672,130.49723763124547,128.73163875831912,129.5198559772299,7410054
3510,2022-01-04,132.79881286621094,134.31219224606193,129.5828897021865,130.08735377182157,14784090
3511,2022-01-05,131.5692138671875,133.27175783939327,131.1908721877035,132.4204858532904,9565107
3512,2022-01-06,129.86666870117188,131.60074664747043,129.04693046035572,131.00170667037182,5615931
3513,2022-01-07,129.39373779296875,131.4746364511565,128.95234126744126,130.49724193584416,11908249
3514,2022-01-10,128.6370391845703,130.68640377942253,128.29021850612708,130.68640377942253,11085710
3515,2022-01-11,128.54244995117188,129.77207639968722,128.32175171550662,128.98385925155756,7208789
3516,2022-01-12,129.23606872558594,130.3395726497143,128.85772708883846,129.89817621168464,11018139
3517,2022-01-13,131.15931701660156,133.3663247548617,130.24499037094378,130.9070849949897,20522807
3518,2022-01-14,131.001708984375,132.199801788792,130.2450255442469,131.1278186147107,14183654
3519,2022-01-17,130.118896484375,132.13674027078676,129.77208860401575,131.88450819385324,7574539
3520,2022-01-18,129.3621826171875,131.0647262846825,129.01536198944987,130.05581104360942,8475422
3521,2022-01-19,129.04690551757812,130.7809831287062,126.77684284700314,129.89817741541196,13724367
3522,2022-01-20,135.3526611328125,135.79405763639573,129.51985381045162,130.59182407861442,30170343
3523,2022-01-21,135.63641357421875,138.2532972510533,134.31221124047596,134.8797301918103,29509593
3524,2022-01-24,134.94277954101562,137.30743105166425,133.3663452005832,136.45615907364186,12850189
3525,2022-01-25,138.00103759765625,138.8523094399821,133.6500769458144,134.62747121270363,27389035
3526,2022-01-27,135.47877502441406,138.28483606267412,133.90234056327577,137.46508501125962,28512473
3527,2022-01-28,132.54660034179688,137.1497939603649,131.94756039635107,137.1497939603649,18932049
3528,2022-01-31,135.82559204101562,136.6768640610518,133.17717452094564,133.6816386664036,19907759
3529,2022-02-01,134.2806854248047,136.86604826509333,133.24024891924003,136.83451444350666,8622355
3530,2022-02-02,134.94277954101562,137.3389648700951,134.4698492388859,135.47876465095155,9921099
3531,2022-02-03,133.240234375,135.57335204603046,133.05105712424384,134.9427783155838,4594389
3532,2022-02-04,132.2313232421875,134.53292022175384,131.85298152080634,133.6816481413819,7329263
3533,2022-02-07,134.7220916748047,135.13196720069485,132.4204947947045,133.0826024003006,7869237
3534,2022-02-08,132.45199584960938,135.82556219758703,131.47460159343257,134.9427565515327,9074237
3535,2022-02-09,132.0106201171875,133.46094496302507,131.60074458866328,132.7988373531739,9833985
3536,2022-02-10,133.71319580078125,136.0147801894677,132.4520480462973,132.4520480462973,19180334
3537,2022-02-11,131.03321838378906,133.68162275967012,130.5602881145921,132.5465849819756,20071130
3538,2022-02-14,127.28130340576172,130.49722682684697,126.90296173782025,130.49722682684697,12109375
3539,2022-02-15,128.29022216796875,128.54245422957655,125.48417415885281,127.37589537732798,19046061
3540,2022-02-16,127.22087097167969,130.266907820646,126.83200398201797,128.71147941852183,20270061
3541,2022-02-17,127.6745376586914,128.87350910620185,127.02644355890111,128.4846552834293,16405551
3542,2022-02-18,126.83201599121094,129.7160427815714,126.54037890685834,127.54493008275524,14600643
3543,2022-02-21,128.4198455810547,128.97072291620827,126.73480359714048,126.83200716148505,10682638
3544,2022-02-22,128.4198455810547,128.61426589525175,124.30445077836771,125.85986603397595,13606058
3545,2022-02-23,128.3550262451172,129.29475730218354,128.06337602410903,128.54944654028267,6493463
3546,2022-02-24,123.85078430175781,127.02644814242005,123.07307662815056,125.73025989606883,13145037
3547,2022-02-25,127.86894989013672,128.25780364821827,124.5312631943834,124.79050342827311,10920938
3548,2022-02-28,135.54888916015625,136.26179006202346,127.05885874226392,127.96617997072651,31938385
3549,2022-03-02,136.68304443359375,138.1412561170556,133.6369943390576,134.64154543964557,20502615
3550,2022-03-03,141.1873016357422,142.15944281733167,136.553426033064,136.553426033064,19805555
3551,2022-03-04,139.3726348876953,140.9604600833972,136.71543865495855,139.9559090017033,12794317
3552,2022-03-07,137.91441345214844,139.46982855988534,135.35443414844366,136.4237919241428,17635653
3553,2022-03-08,137.62278747558594,144.78423296992233,135.97015533609144,138.6921454396759,28410490
3554,2022-03-09,134.86837768554688,139.98832364099985,133.89623654915104,139.4374463008105,22830958
3555,2022-03-10,135.35446166992188,137.0071070398063,134.18790010192347,136.74786674063688,16516553
3556,2022-03-11,137.6876220703125,138.04407919219653,134.64158428252972,135.64613567292173,12992850
3557,2022-03-14,138.3032989501953,138.69215281631668,135.84053582224377,137.6876015754526,12598659
3558,2022-03-15,135.87290954589844,139.37261977807484,134.99798528423088,138.1736353313571,14528285
3559,2022-03-16,135.67849731445312,137.2663357721221,135.41925703712877,136.9098787426126,11933774
3560,2022-03-17,137.1042938232422,137.88200136520055,134.64153129786328,137.39593085509995,28464621
3561,2022-03-21,132.7944793701172,139.98832100698573,132.53523910152123,139.98832100698573,17797415
3562,2022-03-22,135.2572479248047,135.7757285347019,132.24362058449466,132.85930477142668,13285297
3563,2022-03-23,136.16456604003906,136.48861308591518,134.99800458618992,135.77571222208934,9408783
3564,2022-03-24,136.5858154296875,136.87745246601085,134.8035568653618,136.09974491214413,11188958
3565,2022-03-25,135.87290954589844,136.61822028195087,133.96102433728518,136.585810307794,9842670
3566,2022-03-28,137.5903778076172,137.88201486803507,134.4795209641235,135.87292586663645,12823578
3567,2022-03-29,136.94229125976562,138.9837771659472,135.90533013125048,138.59492333550827,10470515
3568,2022-03-30,140.70120239257812,141.73815013800797,137.26631216174766,138.10882643625055,54218485
3569,2022-03-31,140.5067901611328,140.79842719873417,139.1781921331561,139.69667262834378,10326026
3570,2022-04-01,145.85357666015625,146.30723723785349,140.05312678526894,140.05312678526894,39663961
3571,2022-04-04,147.37660217285156,147.83026277232906,145.20548955733773,146.46926778838818,9907530
3572,2022-04-05,151.03834533691406,152.04288334750177,147.05256371939743,149.02924294472047,17167487
3573,2022-04-06,153.3714599609375,154.53802134260974,149.80694267684243,149.93655621297026,17153675
3574,2022-04-07,149.93655395507812,155.47776328747474,149.0616296356226,152.91778391068917,11913911
3575,2022-04-08,150.74668884277344,151.7188300174072,149.45050060992844,151.00592912644416,6746769
3576,2022-04-11,149.64491271972656,152.6585525672402,148.02467766036509,150.68186052061657,12413822
3577,2022-04-12,151.0707244873047,151.42718149860949,148.1543011837447,148.57556496469377,14769907
3578,2022-04-13,148.7375946044922,152.5289424180933,147.47381639512784,152.2697021433368,11015439
3579,2022-04-18,149.7745361328125,150.22820989067236,147.47381010801493,148.7375882635018,19069923
3580,2022-04-19,147.66822814941406,151.23274546047764,146.79330381016356,150.81148168661412,15036942
3581,2022-04-20,147.11737060546875,148.4135588927416,144.8166311213558,147.92748828501428,9814641
3582,2022-04-21,147.2793731689453,148.18670747793465,145.98318506624832,146.5340623727931,11134333
3583,2022-04-22,146.11280822753906,149.191255174238,145.62673765700765,145.8535811383288,12032249
3584,2022-04-25,144.42776489257812,147.05255122352443,143.55284051076535,145.14066575236973,11042683
3585,2022-04-26,150.0985870361328,150.4874408489619,145.39990493280402,147.11735689043266,15389155
3586,2022-04-27,148.60797119140625,150.9086971615065,147.40898664846569,149.93655608485668,12680209
3587,2022-04-28,152.69097900390625,153.112242838235,149.09406438504374,151.26517714903432,18378146
3588,2022-04-29,147.60342407226562,153.1770304231838,147.14976349860657,152.36691283771583,9026331
3589,2022-05-02,150.06619262695312,151.1679473117206,146.40445836150758,146.40445836150758,12634353
3590,2022-05-04,153.98715209960938,155.18612352085339,150.94111517152913,151.00592194298676,23124643
3591,2022-05-05,151.49200439453125,155.96385657311868,150.908717034627,154.50564476611248,16481935
3592,2022-05-06,154.50564575195312,154.99171635738995,150.0013835635998,150.0013835635998,17715186
3593,2022-05-09,158.88026428222656,159.72277866396158,152.72337060232164,154.89448310497608,54118806
3594,2022-05-10,157.9081268310547,160.95416376375312,157.16281599439208,159.3015317542921,30997494
3595,2022-05-11,155.0240936279297,160.7273266209402,154.700046598452,158.13495038511857,15412618
3596,2022-05-12,152.88539123535156,156.77395559139015,150.45503851282746,154.89448018220335,26538994
3597,2022-05-13,153.1446533203125,155.44537964753292,151.07074412357508,155.44537964753292,15074553
3598,2022-05-16,152.43173217773438,154.18159421795212,151.005930383935,152.62616568848367,7960529
3599,2022-05-17,154.66766357421875,155.08892738713914,150.84390564891677,152.23731063680333,15470937
3600,2022-05-18,147.70065307617188,154.4084246033719,147.1821725042446,153.92235401175586,19181550
3601,2022-05-19,147.9598846435547,148.8348090198067,143.6500563480817,144.52498072433372,15085602
3602,2022-05-20,148.4459686279297,151.07074199399855,146.95534682583445,149.5477233960807,15148281
3603,2022-05-23,145.56192016601562,150.35781874587337,145.30267991038684,150.35781874587337,11572501
3604,2022-05-24,147.11737060546875,148.8348227232071,145.56194202363952,145.8211823181959,16336858
3605,2022-05-25,145.72393798828125,148.67277105810538,144.23332965124908,148.02467703708967,11062614
3606,2022-05-26,147.2469940185547,148.47837561100985,145.10829111266833,147.11738045535307,14150454
3607,2022-05-27,145.6267547607422,148.18673464417986,144.78424025084,148.15432466146802,8430491
3608,2022-05-30,147.927490234375,148.99684822256873,145.36752360748,145.49713716371167,9305758
3609,2022-05-31,150.9411163330078,152.3993280368111,147.89506619598055,147.9274761747127,26351545
3610,2022-06-01,148.5431671142578,151.0059300458616,147.86267619917606,150.45505268065008,10282009
3611,2022-06-02,146.17759704589844,148.67275613932733,145.52950308991663,148.67275613932733,10071898
3612,2022-06-03,146.4692840576172,147.83027919273204,145.8211898803711,146.4692840576172,16082518
3613,2022-06-06,145.69155883789062,147.40899765311295,144.88144121353739,146.46926648306646,12693293
3614,2022-06-07,145.8211669921875,146.63128458658855,144.97863941980734,145.14066293868754,9103195
3615,2022-06-08,145.52951049804688,146.79328850234148,144.55736951458766,144.55736951458766,11240130
3616,2022-06-09,145.72393798828125,146.27481526904327,143.2287786444721,145.62672124802756,9468041
3617,2022-06-10,145.4647216796875,147.40900406267556,143.90930632170407,143.90930632170407,9019239
3618,2022-06-13,144.10372924804688,146.14522842411077,143.5528518666986,143.77968217837036,10186775
3619,2022-06-14,145.1407012939453,147.31182756909374,143.87692278691338,144.10375313618692,17023962
3620,2022-06-15,144.03890991210938,146.6636962218313,143.8120796202155,145.33509807779765,5898563
3621,2022-06-16,140.21514892578125,145.36750467588828,139.76148835254256,144.75180740019854,11883333
3622,2022-06-17,136.9746856689453,140.57161320526623,136.26178479463627,138.82175122049867,19675226
3623,2022-06-20,134.96559143066406,136.68304337048474,133.7342100482167,135.51646875858563,7402273
3624,2022-06-21,136.32659912109375,138.14126797943305,134.3499199139656,135.4840846540504,9459619
3625,2022-06-22,136.52101135253906,136.90986513712895,134.93317305266228,136.61822809506327,10257637
3626,2022-06-23,135.16001892089844,137.2015046227305,133.60459056933013,136.16455678352068,13114525
3627,2022-06-24,135.41925048828125,137.39594267359018,134.64154287942623,137.39594267359018,9499105
3628,2022-06-27,137.1042938232422,138.27085513617973,135.87291256055275,138.27085513617973,17545390
3629,2022-06-28,136.294189453125,137.10430704810196,135.03039809365632,135.80811889613884,6770087
3630,2022-06-29,136.8126678466797,139.340237584145,135.0952157695873,135.51647959008298,41502918
3631,2022-06-30,137.33116149902344,139.17822730343383,136.3590202140169,137.07192118591968,22260722
3632,2022-07-01,133.8314208984375,137.9792254423186,132.98889336192002,136.78025409074155,11133663
3633,2022-07-04,136.5534210205078,137.49316537285367,132.89169991934094,132.89169991934094,20178279
3634,2022-07-05,138.78936767578125,139.95592925814643,136.71545844239395,136.74786842475527,20083997
3635,2022-07-06,136.39138793945312,138.78934384263454,134.93317632277112,138.69212709775428,19203527
3636,2022-07-07,137.75241088867188,139.53466972395668,137.46076062250188,138.20607149981365,14069302
3637,2022-07-08,141.80299377441406,142.19184759572252,137.81721243860906,138.69213683293012,17142257
3638,2022-07-11,140.66883850097656,143.39082861747758,140.11794793302195,142.58071094167263,10826079
3639,2022-07-12,138.36807250976562,140.6039915922782,138.14124224111322,139.405020298967,8503695
3640,2022-07-13,138.98379516601562,140.44200710814897,138.33570096951192,139.0162051500449,10210005
3641,2022-07-14,139.24302673339844,142.09464365595622,137.94683842182758,142.09464365595622,10898403
3642,2022-07-15,135.6461181640625,140.63643811323126,135.32207107163572,140.63643811323126,22067479
3643,2022-07-18,136.2617645263672,137.655169273964,135.3868402568782,136.3265712897541,15155654
3644,2022-07-19,136.0997772216797,137.07191848754883,135.8405369136793,136.03497044105706,14922395
3645,2022-07-20,135.61367797851562,137.59037007630013,135.1276074481267,136.94227603578156,14181034
3646,2022-07-21,137.5903778076172,138.17365192845295,135.7432991399447,136.06734617841246,12461554
3647,2022-07-22,136.0997772216797,138.65974394759786,135.77573013305664,138.65974394759786,9272199
3648,2022-07-25,134.73875427246094,136.7478431700859,134.41470725073088,136.0997491266258,6635194
3649,2022-07-26,135.5164794921875,136.7478609721666,134.22029123652715,134.7387718129948,11451315
3650,2022-07-27,136.52101135253906,136.74784162809092,135.71089380734895,136.034940825425,9209354
3651,2022-07-28,138.82174682617188,139.21061382303859,136.13216693939347,136.74785104191935,13192642
3652,2022-07-29,138.65972900390625,141.15490186580078,137.94682812286854,140.2475674783399,15433067
3653,2022-08-01,141.90020751953125,142.67792840344453,138.78936354040545,139.37265090696312,12136557
3654,2022-08-02,144.2657470703125,144.78422763546797,140.86325297343953,142.54829503193207,17748747
3655,2022-08-03,144.91383361816406,145.65914444709728,142.35386727694546,144.75181009820065,12406038
3656,2022-08-04,143.09918212890625,145.30269151395075,141.9974142508758,145.17307796853925,9712267
3657,2022-08-05,144.94625854492188,145.659159469182,141.8354013665933,143.68246704756564,14099223
3658,2022-08-08,143.81210327148438,146.66372034207572,143.29362264573686,145.8211926216135,8392041
3659,2022-08-10,144.84902954101562,145.7563639067858,142.93715724409583,143.06677078827383,8585266
3660,2022-08-11,144.42776489257812,147.05255122352443,143.6824540541791,145.59433952533382,5040626
3661,2022-08-12,147.79786682128906,148.15431066990902,143.87689218791067,144.52498629686522,13279062
3662,2022-08-16,148.31634521484375,149.02924615055002,147.14978364337244,148.54317553272628,11298246
3663,2022-08-17,148.08949279785156,149.67731797159055,147.57101227534102,148.31632308188463,11225465
3664,2022-08-18,149.93655395507812,150.16338423263963,147.6034180413611,147.7330315755371,11360485
3665,2022-08-19,149.31484985351562,150.3292534934643,147.71141703165384,149.51117959914853,9829530
3666,2022-08-22,147.87501525878906,151.04915226545526,147.67868553513142,149.28210486251686,9190493
3667,2022-08-23,148.9221649169922,149.77295370877786,146.72971640680498,147.2205607034134,8903751
3668,2022-08-24,150.16561889648438,150.49284841102454,148.23497008669855,148.79125759841625,13007225
3669,2022-08-25,148.10409545898438,151.18004781581533,147.3187365722374,150.85281827508845,12124365
3670,2022-08-26,150.82008361816406,151.3109279085009,148.30041892410233,148.30041892410233,7966045
3671,2022-08-29,148.59494018554688,149.80568682662073,147.64596652578314,149.38028575948556,7517013
3672,2022-08-30,150.26380920410156,150.68921028920013,149.28212053772242,149.3475637858134,7214498
3673,2022-09-01,147.9731903076172,150.59102653885324,147.25328800702798,147.28601628591989,13109081
3674,2022-09-02,146.72972106933594,149.7729584680117,146.4679480881629,148.88944136904237,6897237
3675,2022-09-05,146.20616149902344,147.61325118752762,145.0935730712509,147.25329336662978,18055474
3676,2022-09-06,147.28602600097656,149.21667502285825,146.59883861894846,146.59883861894846,14103701
3677,2022-09-07,146.86061096191406,148.5294735217634,145.97709392258167,145.97709392258167,7866745
3678,2022-09-08,146.86061096191406,148.4967585588271,146.2388668860852,147.90774276093777,7187735
3679,2022-09-09,145.87892150878906,148.00591337172676,145.61713523188843,147.9404701312524,9162027
3680,2022-09-12,146.56610107421875,147.05694536892813,145.42079771989685,146.30432810237667,8778919
3681,2022-09-13,148.43133544921875,148.88945151248592,146.46795806663653,146.79518763040022,11278383
3682,2022-09-14,152.19447326660156,152.6198610414366,147.05695853662002,147.25330159808607,25072958
3683,2022-09-15,155.49945068359375,155.9248516827696,152.0635410452536,152.7834432588578,23606369
3684,2022-09-16,154.2232666015625,156.05574381955432,152.75073384594288,156.02302885843093,29399642
3685,2022-09-19,152.58712768554688,155.8266946042876,151.60543912653415,154.41960500670203,13920046
3686,2022-09-20,152.29261779785156,154.6159527847455,151.8999450252085,153.14341990108124,20162973
3687,2022-09-21,148.59494018554688,153.37248350451478,146.7951777065169,153.04525396287298,14468837
3688,2022-09-22,144.0464324951172,148.16952978611687,143.42470173115842,146.59882542216445,26264530
3689,2022-09-23,132.56068420410156,143.8173743937918,129.64833347993522,142.86841410945866,87162722
3690,2022-09-26,131.44810485839844,137.01100709355848,121.9584481043019,130.89181729788328,167547134
3691,2022-09-27,134.06591796875,136.06202316258987,131.7098683287272,134.68766198216005,54127095
3692,2022-09-28,135.93113708496094,137.69818447940148,132.56068368584914,134.2949894873326,52877873
3693,2022-09-29,136.1274871826172,138.81076671888914,134.85129731628172,136.7492179759593,36761869
3694,2022-09-30,138.87619018554688,143.13017355418523,135.473008816637,135.473008816637,62897614
3695,2022-10-03,137.9599609375,140.47962539548755,136.78192942506314,139.3997653949208,11740863
3696,2022-10-04,136.42198181152344,138.97437473519258,136.12748056898607,138.81075997489333,19179333
3697,2022-10-06,135.014892578125,138.02540121594754,134.55676330421596,136.6837549841452,20692745
3698,2022-10-07,137.04373168945312,137.27278970056534,133.5096500544235,133.5096500544235,14282850
3699,2022-10-10,136.74920654296875,138.7125835977996,135.83297456938325,136.0947475246918,16834226
3700,2022-10-11,136.35653686523438,138.3853572045737,135.17851859481306,137.43639693270626,17807162
3701,2022-10-12,141.06866455078125,141.3304375391855,137.0110101354569,137.73091248357758,35288330
3702,2022-10-13,140.02149963378906,142.2139479656944,139.56338365354168,140.67595864271541,16436903
3703,2022-10-14,139.1707305908203,142.67208412068953,138.45082824220304,142.67208412068953,23365190
3704,2022-10-17,138.64715576171875,140.67597628076476,138.09086819738417,138.71259900781618,9520537
3705,2022-10-18,138.97438049316406,140.70869968719302,138.45082122751634,139.3670532711508,13256574
3706,2022-10-19,139.98880004882812,141.95217729126608,139.36705593305365,139.3997842130959,11595367
3707,2022-10-20,142.3448486328125,142.67207816989944,138.97438173781637,139.10528154165354,16371066
3708,2022-10-21,142.21395874023438,143.26109057084972,140.05423852114978,140.93775558713762,11634491
3709,2022-10-24,143.2283477783203,144.1445930303902,143.06473303027218,143.8500918099045,1132859
3710,2022-10-25,142.9993133544922,143.58832920751158,140.21786217940482,143.2283713764985,20622687
3711,2022-10-27,146.5333709716797,147.15510168807828,142.24665924808232,143.52286227148264,24298489
3712,2022-10-28,148.43133544921875,149.87114020377703,146.07527193811606,146.46795806663653,11669879
3713,2022-10-31,149.31484985351562,150.68921133296516,148.36587614710646,149.18395004142224,11755682
3714,2022-11-01,153.89605712890625,154.38690144465974,150.39470367286566,150.9509912343854,15220278
3715,2022-11-02,152.685302734375,154.81229466140977,152.39078817086036,153.89604932214792,12884449
3716,2022-11-03,149.24942016601562,152.88166059780602,148.36588962787175,152.48898775585653,9358215
3717,2022-11-04,148.0059051513672,150.16561185708875,147.25327464020566,149.2166516354084,8059667
3718,2022-11-07,149.21664428710938,151.7690369181787,148.16951260423528,148.75852833679,14862038
3719,2022-11-09,143.1629180908203,151.18004150390624,142.7048020789311,151.18004150390624,22831150
3720,2022-11-10,140.64324951171875,144.07915945101968,139.72700419823786,141.36315178838117,16217631
3721,2022-11-11,140.08694458007812,142.57388061894684,139.75971510272686,141.36313421574746,12123886
3722,2022-11-14,141.6282196044922,143.202980646326,140.89109886506662,141.36017198102786,18460862
3723,2022-11-15,144.74423217773438,145.0792882707384,140.48902252327687,140.72355906168622,15258103
3724,2022-11-16,145.48135375976562,145.71589029963255,143.03544153894237,144.71072201437372,9825807
3725,2022-11-17,146.28549194335938,147.72622219990893,144.9117565435482,145.34733218008347,9449665
3726,2022-11-18,146.31898498535156,146.62054363243595,145.31381676200343,146.31898498535156,5828998
3727,2022-11-21,146.78807067871094,147.08961569029304,145.07927925716834,145.74939140154325,4712051
3728,2022-11-22,145.95042419433594,146.88857024916712,145.34732056375455,146.41949722175153,4366445
3729,2022-11-23,144.1746368408203,146.62054900054446,143.57153315803714,146.25198185176944,13510578
3730,2022-11-24,147.92727661132812,148.0948046709106,144.14113973807045,144.34217886295676,7622243
3731,2022-11-25,147.82676696777344,148.0278061061491,145.14631783460086,147.92728653696128,10989671
3732,2022-11-28,148.29583740234375,148.89892748406504,146.8550934253553,146.8550934253553,4526153
3733,2022-11-29,146.98912048339844,148.9324487505949,146.45303885920308,148.29584756140392,6476054
3734,2022-11-30,150.10513305664062,150.741734194342,145.84992330605886,146.98910859461952,17317951
3735,2022-12-01,148.69789123535156,150.6747166566856,147.75973148336698,150.10512404659502,13241961
3736,2022-12-02,147.29066467285156,148.4298499413622,146.45302443616214,146.45302443616214,12880949
3737,2022-12-05,148.69789123535156,148.932427764981,145.54835589893668,147.2236363012424,16477957
3738,2022-12-06,149.7700653076172,150.2056409311783,147.02260822329828,148.46335207040045,11299945
3739,2022-12-07,148.1282958984375,150.17212977154645,147.72621770251234,149.3344895858133,5813973
3740,2022-12-08,145.95042419433594,148.6643700817534,145.34732056375455,148.63087265606137,11176439
3741,2022-12-09,145.54835510253906,146.72105137773644,144.54318686665562,146.35249787132588,6020031
3742,2022-12-12,144.44268798828125,146.08445740017143,143.8060732277872,144.74423302035336,8194429
3743,2022-12-13,144.94528198242188,145.28033810014963,142.76741721719134,144.44269780583022,8235450
3744,2022-12-14,146.88858032226562,147.79324264690922,144.9452659610218,144.9452659610218,10055353
3745,2022-12-15,144.97877502441406,147.69273494922248,144.67722998097665,147.0896312288797,5385778
3746,2022-12-16,142.86793518066406,146.21849664018686,142.46587053221523,144.07414275948005,11166617
3747,2022-12-19,146.68756103515625,146.8885865119627,143.06895248449885,143.43751964217844,7758862
3748,2022-12-20,145.61538696289062,146.68756375950682,143.3370027491639,146.68756375950682,6541929
3749,2022-12-21,144.7777557373047,146.25199722038855,143.30350062075232,145.44786798115527,7005861
3750,2022-12-22,144.07412719726562,145.41435163630996,142.63338319859938,144.8112479120464,6961415
3751,2022-12-23,141.5612030029297,144.27516288075162,141.02510778669128,143.00194696728616,4554651
3752,2022-12-26,141.96327209472656,143.5715441609123,141.36016836572338,141.72873554274426,6864331
3753,2022-12-27,142.49937438964844,144.20815246745823,141.92978169704517,142.7003998869661,13115851
3754,2022-12-28,144.57672119140625,146.35252142056692,142.3988563298903,142.3988563298903,16815549
3755,2022-12-29,144.57672119140625,145.07930539021763,143.06896859497212,143.4375357941547,22536873
3756,2022-12-30,143.20297241210938,145.24682008585097,142.90142737396872,144.7777469968616,4643134
3757,2023-01-02,144.10763549804688,144.40918053766185,142.73390002098364,143.77257939471124,5959394
3758,2023-01-03,144.47618103027344,144.87824560531558,143.63854081832443,144.2416444976211,2873110
3759,2023-01-04,141.42718505859375,144.34217039767918,141.0586178957404,144.34217039767918,9954542
3760,2023-01-05,139.91943359375,141.99677869864232,138.44517856544718,141.99677869864232,21273509
3761,2023-01-06,139.45033264160156,140.92458751947206,139.08177914723365,139.48384370175606,11510471
3762,2023-01-09,140.12046813964844,142.0302853171588,136.87042646795976,140.18747663766362,52485126
3763,2023-01-10,141.92977905273438,142.36534110554206,140.05345931191462,140.65656305956873,17248326
3764,2023-01-11,142.0302734375,142.76740775441775,140.79056861076984,142.19780148525996,9164361
3765,2023-01-12,143.06895446777344,143.3370020740319,141.66172157675115,143.1024655311061,21179555
3766,2023-01-13,143.40402221679688,144.30867103212498,142.9349490928397,143.13597458876333,6560245
3767,2023-01-16,144.5096893310547,144.6772173702436,142.5328502885454,144.07411370247016,8362194
3768,2023-01-17,146.35250854492188,146.55353402667947,144.0071158234759,144.50969997807147,13000571
3769,2023-01-18,146.98912048339844,147.52521574106254,145.01229478351596,146.28551079536663,11171369
3770,2023-01-19,147.92727661132812,148.26233273049309,146.52004363752897,146.62056319997214,11586815
3771,2023-01-20,149.60255432128906,150.03812999449485,148.0948018141316,148.0948018141316,10112645
3772,2023-01-23,150.84225463867188,152.9866218750349,149.80358890086572,150.10513393976834,14393610
3773,2023-01-24,148.061279296875,151.84741580423815,147.75973427215538,151.6128792701821,6150893
3774,2023-01-25,147.02261352539062,148.26231831910556,145.95043677497412,147.8937511704622,5790331
3775,2023-01-27,146.92208862304688,148.39632989700667,145.41433628826076,146.9555996838732,10458603
3776,2023-01-30,141.96327209472656,146.6540576682453,141.09213438258251,146.0844650038688,24288177
3777,2023-01-31,145.17982482910156,147.55871518797034,142.1643196388831,142.46586470451734,20997546
3778,2023-02-01,145.11280822753906,150.77525109297693,143.13596897757247,150.77525109297693,20246369
3779,2023-02-02,142.53286743164062,145.48136400268842,141.62821863790748,144.7442432682936,12820663
3780,2023-02-03,143.97360229492188,144.17464140670535,140.99160848209436,142.86791444704772,10815686
3781,2023-02-06,145.44786071777344,145.6488862008087,142.7674118762275,143.03544585360783,6948201
3782,2023-02-07,145.31382751464844,146.21847625590885,144.14113116730073,146.08445926959902,10035526
3783,2023-02-08,145.4167022705078,146.2741120716311,144.3535085350199,145.9997381442241,12432719
3784,2023-02-09,145.99977111816406,146.75428912251235,145.41673511276952,145.41673511276952,7011082
3785,2023-02-10,146.857177734375,147.09724973633905,145.31383977929698,145.34814176039492,10892159
3786,2023-02-13,148.16041564941406,148.50337957452845,146.78855994895653,146.85714994293184,7710133
3787,2023-02-14,147.47450256347656,148.88066037931705,145.9311647459518,148.88066037931705,6010681
3788,2023-02-15,147.1315460205078,147.61169000584474,146.10265409029446,146.27413607866336,8107497
3789,2023-02-16,147.20013427734375,148.7777741337048,146.7885803011921,148.7777741337048,3963115
3790,2023-02-17,146.65139770507812,148.09184357379758,146.10264977640426,146.78857770962682,6491149
3791,2023-02-20,148.02325439453125,148.84636233687897,146.92575853108147,147.88606043398022,6841917
3792,2023-02-21,148.98353576660156,150.04672960417818,148.1947298380165,149.22362169815943,6701434
3793,2023-02-22,147.23443603515625,149.0521478786006,146.10265213601244,148.16043596891402,9128659
3794,2023-02-23,146.2741241455078,148.0918358649757,145.82826822107398,147.47449796616263,10345874
3795,2023-02-24,147.50880432128906,147.74887630149775,145.6910925478703,145.6910925478703,9808830
3796,2023-02-27,150.3553924560547,150.86983838912317,147.1658388352213,148.46909070147024,17763618
3797,2023-02-28,152.44747924804688,152.96192518476695,150.04673154335322,151.3156953962149,36559278
3798,2023-03-01,150.1496124267578,152.44746798326446,149.12072062934547,151.96732405990062,12896085
3799,2023-03-02,151.1442108154297,151.5900667439597,148.0232472261974,149.53228303250324,79708558
3800,2023-03-03,152.34458923339844,154.64244498931993,151.1785173438978,151.1785173438978,9951869
3801,2023-03-06,155.80853271484375,156.9403165949265,152.96192900289006,153.64785693563843,15659957
3802,2023-03-08,156.42588806152344,156.63165809111428,154.81394607590258,155.67135608730047,11591495
3803,2023-03-09,154.88253784179688,158.0720916687812,154.6767538731734,157.07750171599426,13941653
3804,2023-03-10,155.39697265625,156.4944545145893,152.4474770789266,152.4474770789266,9605434
3805,2023-03-13,155.0883026123047,157.7977263164667,154.60815864206813,156.42587045265998,13209653
3806,2023-03-14,154.47097778320312,156.22009973999528,153.64786977720723,154.4366897568437,9583405
3807,2023-03-15,156.5973358154297,157.79770956886085,154.8139122175701,155.43125008181087,12228069
3808,2023-03-16,159.2381591796875,159.7526050866075,156.63162766919746,157.38614554163246,18437817
3809,2023-03-17,157.55764770507812,160.50714353155752,156.59735971993615,160.47284155127096,33711025
3810,2023-03-20,156.04859924316406,157.35186506085807,154.53956342598514,154.53956342598514,9281411
3811,2023-03-21,153.0648193359375,156.1857830231983,152.58466141503936,155.87712103888043,11272787
3812,2023-03-22,153.71644592285156,154.12799988873513,151.4528921328722,152.96192799285845,7589846
3813,2023-03-23,152.37890625,153.99083424053427,151.76156826600538,153.64787024445292,17091298
3814,2023-03-24,152.5503692626953,153.81933309922192,151.45288740286796,152.9619232157257,10371666
3815,2023-03-27,150.97274780273438,155.19120773213675,150.59549578139183,152.89335175676428,19983733
3816,2023-03-28,152.34458923339844,153.0305171578669,150.01243149915777,151.76155328864812,8689166
3817,2023-03-29,152.58465576171875,153.44206563665588,151.28140391600536,152.34458378778413,19743258
3818,2023-03-31,154.81393432617188,155.53416426318006,152.96193442420795,153.6478623812672,10202058
3819,2023-04-03,154.05941772460938,155.945719623176,153.54497175227303,155.945719623176,7643214
3820,2023-04-05,154.77964782714844,155.4312738106819,153.44207992455435,155.4312738106819,12019382
3821,2023-04-06,154.50526428222656,155.98001210415916,154.09371032046937,155.84281814674722,4282875
3822,2023-04-10,157.11181640625,157.35188841890601,154.33380238129035,154.4709824013106,4145643
3823,2023-04-11,158.68939208984375,159.13524794625775,156.7001986994682,157.0088745794025,5106602
3824,2023-04-12,155.91140747070312,158.82660086281302,155.73992550646136,158.7237088932204,9118795
3825,2023-04-13,158.58653259277344,158.8952085358942,155.70564085508357,155.91142481716406,11428621
3826,2023-04-17,162.3248291015625,164.55409462241258,159.34104573393378,159.54681571656184,21815047
3827,2023-04-18,157.96922302246094,162.907899010363,157.52336703412126,162.49634500391127,13482833
3828,2023-04-19,157.72911071777344,158.72371451876958,156.83741284525516,157.07748481265475,8264190
3829,2023-04-20,158.38076782226562,159.75262373418607,157.52335787731533,158.3464658423716,7308750
3830,2023-04-21,158.82659912109375,159.37533302750708,157.48903144153323,158.99808108345502,5030650
3831,2023-04-24,159.10096740722656,159.34105333126334,157.7291116366784,158.4493414983116,5725067
3832,2023-04-25,159.7526092529297,160.43853714671192,158.20927149191968,158.65512741392587,8338703
3833,2023-04-26,163.45663452148438,164.2797424716053,159.1352828952502,160.54144076154984,13581018
3834,2023-04-27,161.84469604492188,163.45663790978563,160.1641781305729,163.2508539403698,9794457
3835,2023-04-28,162.73638916015625,163.21653309296968,159.8897856735779,162.53060521452855,10585487
3836,2023-05-02,164.69129943847656,165.411529374346,163.42233551097138,163.730997509064,6732907
3837,2023-05-03,164.4169158935547,165.99455568255064,163.7995919333068,164.62269985046345,4789217
3838,2023-05-04,163.83387756347656,165.10284139857853,161.15875593892386,164.38262547039366,9189783
3839,2023-05-05,165.34292602539062,165.65158799857193,163.3880203444462,163.79958824900643,3896441
3840,2023-05-08,167.88084411621094,168.90973590854725,165.37720463047825,165.8916505266464,8758321
3841,2023-05-09,166.95486450195312,169.35561230798504,166.47470656760288,167.40072045697843,9166941
3842,2023-05-10,169.87005615234375,170.0758261600132,167.77797036531373,168.15523631223377,9689409
3843,2023-05-11,170.4873809814453,170.93322294141294,169.1498132358269,169.90433111643193,12616726
3844,2023-05-12,165.82305908203125,171.2075899571427,165.41150515974184,170.69314406547144,13853807
3845,2023-05-15,166.85195922851562,168.49818895542538,166.23462133651964,166.95485120305474,12187763
3846,2023-05-16,165.0342559814453,167.74367965862612,164.62270201744957,167.05775173355343,11418509
3847,2023-05-17,163.79957580566406,165.92594934498945,162.87356204598882,165.24002149648206,11560929
3848,2023-05-18,161.638916015625,165.30862757107192,160.91868612253504,165.30862757107192,14497723
3849,2023-05-19,160.3013458251953,162.90787744643382,159.13527396872695,161.63891361316203,10071694
3850,2023-05-22,160.74720764160156,163.93677530788656,159.58113574242785,160.98727962610914,12566129
3851,2023-05-23,160.5757293701172,162.2562612109879,160.06128341060898,160.54144134596052,12458561
3852,2023-05-24,161.74180603027344,163.1479498662851,161.09016614557038,163.11366184408325,8877971
3853,2023-05-25,163.216552734375,164.8284946068827,162.0847827629412,163.04507074412865,12502747
3854,2023-05-26,162.7707061767578,163.1822601508038,161.05588632219963,163.14795817161678,6811801
3855,2023-05-29,160.85009765625,163.4909173640361,160.5757236964921,163.38802538472197,13638297
3856,2023-05-30,161.2616729736328,161.8104209658175,160.3013709649302,161.8104209658175,9469926
3857,2023-05-31,160.40423583984375,161.33023570926937,157.7634162288007,161.19305571203552,48104157
3858,2023-06-01,159.8212127685547,160.57573072448272,157.79773089285135,159.7869107888689,8804790
3859,2023-06-02,160.91868591308594,161.2616498702559,159.88979404157615,160.50713195552984,6617781
3860,2023-06-05,161.60462951660156,163.2508594618872,161.05589550500002,162.18766550934592,27428302
3861,2023-06-06,161.39883422851562,162.56490603145605,160.8157843718071,162.18764011890798,6898603
3862,2023-06-07,164.07395935058594,164.65700926976433,161.98188748524873,162.3591394829785,11153571
3863,2023-06-08,165.75448608398438,168.3610038292482,164.10825627078444,164.10825627078444,19300834
3864,2023-06-09,167.98374938964844,168.39530334812758,165.85737564147348,167.05774949426052,11037141
3865,2023-06-12,165.75448608398438,169.0469317551449,165.44581014418725,168.05234184469043,8188909
3866,2023-06-13,166.16603088378906,166.98913876737183,165.61728299124147,165.99454891177277,6443218
3867,2023-06-14,169.0812225341797,169.56136646840855,166.0631370690939,166.0631370690939,10297426
3868,2023-06-15,169.04693603515625,169.3899000067879,167.22923814970017,169.3899000067879,9732749
3869,2023-06-16,169.04693603515625,169.6642739751412,167.7093821278886,169.01264801113692,9702361
3870,2023-06-19,166.74908447265625,170.31591824181535,166.2689404822118,169.04694035019486,10431647
3871,2023-06-20,170.6245574951172,171.27618338888266,167.19491814848166,167.26350814436674,13426365
3872,2023-06-21,177.10658264160156,177.68963253542168,170.62456940605998,170.65887138401618,31172093
3873,2023-06-22,173.9170379638672,176.96941177084196,173.3339880399651,176.96941177084196,7430965
3874,2023-06-23,171.5505828857422,174.67156073824773,171.17333087455117,173.95133078605713,5593393
3875,2023-06-26,170.45309448242188,171.65346838722766,169.52709454690537,171.48198640082683,7305362
3876,2023-06-27,171.17332458496094,171.51628855811836,169.8700586959148,170.17872068966057,11142907
3877,2023-06-28,171.58486938476562,173.1967971813462,169.04692774599454,172.03072531707235,17808717
3878,2023-06-30,175.01451110839844,178.13547476286197,172.30508745854107,175.9405110068604,17659979
3879,2023-07-03,171.824951171875,174.8773249618942,171.13902322308508,174.6029649465701,12467239
3880,2023-07-04,171.20761108398438,173.19680490162523,170.93323711685466,173.19680490162523,8637967
3881,2023-07-05,173.7112274169922,174.19137132825105,171.13899798831017,171.27617797574476,5340907
3882,2023-07-06,180.19325256347656,180.8105904604665,174.5000594040418,178.3069508508754,16705046
3883,2023-07-07,175.2202911376953,180.09039079948184,174.70584516963956,180.09039079948184,13149183
3884,2023-07-10,171.4819793701172,175.87192083304004,170.4530874938965,175.22028093829007,15319047
3885,2023-07-11,173.88272094726562,175.18598673555124,171.5162752975344,172.85382910734097,7486045
3886,2023-07-12,172.8881378173828,174.74013761927947,172.27079989833751,174.2256916792816,9390877
3887,2023-07-13,166.74908447265625,172.9910261246346,165.78878253652724,172.68236412438316,30591450
3888,2023-07-14,164.65699768066406,167.6407812492446,162.35912805560983,166.68047939992564,72085831
3889,2023-07-17,165.3086395263672,168.01804940538793,164.07396360755968,166.33753147362674,11474161
3890,2023-07-18,165.41151428222656,167.16062203722973,164.34832046537542,165.3086223071702,14940593
3891,2023-07-19,166.85195922851562,168.87544092175057,164.9999595077663,165.30862147614496,22954874
3892,2023-07-20,167.53790283203125,168.63538476782566,166.2003489032881,167.33211886365234,10249082
3893,2023-07-21,167.43499755859375,168.9440473113733,166.1317317578601,166.85196163478204,18466409
3894,2023-07-24,169.7328643798828,170.21302231444668,166.5775986244563,167.40072053146307,14825562
3895,2023-07-25,172.27078247070312,172.5108544273676,170.2129989188856,170.7617328262276,10500017
3896,2023-07-26,172.16790771484375,175.3574753300909,171.48197979566112,174.15710147152126,12898171
3897,2023-07-27,171.96214294433594,173.81415690591828,171.27621494861822,172.8538549208653,10836773
3898,2023-07-28,177.10658264160156,179.13007837051543,171.55056930324605,172.71665513564704,17518458
3899,2023-07-31,182.4911346435547,183.1427606066886,177.75822905031143,179.71312089495285,24269734
3900,2023-08-01,172.71664428710938,179.71310302110277,171.8249324686498,179.71310302110277,31395702
3901,2023-08-02,170.4873809814453,174.08850236887878,169.1498132358269,173.47116448284248,20825405
3902,2023-08-03,170.5902557373047,171.8935214817374,168.80684606582545,170.79603968046078,10882019
3903,2023-08-04,169.6642608642578,170.83034665083954,169.14981494656436,170.1101167839732,7406390
3904,2023-08-07,170.0758056640625,170.76173351744487,168.73825193206204,170.65885550362782,6345966
3905,2023-08-08,168.88699340820312,171.5094622499454,168.292569982969,171.5094622499454,15171726
3906,2023-08-09,168.082763671875,170.28564030370546,167.66317151052723,169.93597779794837,18442141
3907,2023-08-10,169.0968017578125,169.69122520115437,167.8729829277186,168.22264545060256,9962450
3908,2023-08-11,170.8450927734375,172.2087707491626,169.796105337402,171.68427703114483,23866073
3909,2023-08-14,170.98495483398438,171.54442050002248,168.36248620156132,171.22971572744996,9188486
3910,2023-08-16,173.4675750732422,173.8871672352576,169.97095001010732,171.05489524299685,9191471
3911,2023-08-17,170.4254913330078,173.99206010065473,169.3765038667124,173.467566367507,15301142
3912,2023-08-18,168.53732299804688,170.39053707159437,167.90792765996238,170.39053707159437,12292241
3913,2023-08-21,172.8731231689453,173.2227856464131,169.02683591679983,169.44644227200325,9129526
3914,2023-08-22,173.292724609375,174.93613536130405,172.5234557985211,173.4325839052745,11107830
3915,2023-08-23,174.551513671875,174.83124651185463,172.87313085980054,174.83124651185463,8487619
3916,2023-08-24,172.24374389648438,176.6844545612935,171.8940814153529,174.83124056573615,18982087
3917,2023-08-25,169.2366485595703,173.01300637298917,168.8170564087023,172.1388501304294,12851343
3918,2023-08-28,173.78225708007812,174.13191956917285,169.62127915097216,169.93596970003617,11908665
3919,2023-08-29,175.6354522705078,176.92920049576634,173.8521680763666,174.55149297951192,12363321
3920,2023-08-30,172.80319213867188,175.9501544107441,172.3486280760343,175.7403654626208,6748007
3921,2023-08-31,171.01991271972656,174.55149498449495,170.32058780854845,173.32767638993326,20715819
3922,2023-09-01,176.36976623535156,176.64949909189806,171.47449104310212,172.73328178365932,13120723
3923,2023-09-04,178.6075897216797,179.37684429806026,175.39069789366866,177.34879915829174,10240031
3924,2023-09-05,177.83834838867188,179.72652014656117,176.92922022210107,178.5376733697869,10893186
3925,2023-09-06,177.97821044921875,179.90135417705903,176.33479956371593,179.51671974036964,10018473
3926,2023-09-07,179.72650146484375,180.21602320961952,176.33477850455003,177.6285267395732,13760453
3927,2023-09-08,180.8804168701172,182.7336309941047,179.79645741236874,180.60068402026562,16781751
3928,2023-09-11,184.97146606445312,185.32112857119122,180.14612062590663,182.06926441296616,17683806
3929,2023-09-12,178.37448120117188,190.44948878271637,177.76839106004135,189.28394723569852,29826173
3930,2023-09-13,180.14610290527344,181.45151800536675,178.37448540319264,180.14610290527344,10692151
3931,2023-09-14,181.96434020996094,182.43055682769366,180.61231486409645,181.07853148182917,10941807
3932,2023-09-15,180.9853057861328,182.94340714228744,179.21367401307546,182.89678263261175,20516593
3933,2023-09-18,186.5799102783203,186.95287790971219,180.98531044062318,182.0576030517272,25627043
3934,2023-09-20,190.8224639892578,192.0346300920111,185.04138053128378,185.2744888499747,33369524
3935,2023-09-21,187.9785614013672,191.66167013842298,186.85963004465887,191.1488289712322,20332556
3936,2023-09-22,185.69407653808594,189.1907012348448,183.1298850937961,186.99949162822395,21193988
3937,2023-09-25,185.46096801757812,187.0927262075742,183.40961771000062,186.486650285268,11951847
3938,2023-09-26,184.94813537597656,186.53326900868316,184.24881045909407,185.64746029285905,7440011
3939,2023-09-27,185.8805694580078,186.11367776471323,183.96907849746313,185.83394495110636,6736870
3940,2023-09-28,187.1859893798828,190.635989825508,184.43531392571418,186.57991341174176,50185120
3941,2023-09-29,186.25355529785156,188.25828124072464,185.64747933218388,187.37247243405523,16293959
3942,2023-10-03,186.06707763671875,186.48666979820393,183.59612072521026,185.32112811196518,10830728
3943,2023-10-04,185.55421447753906,185.92718208185048,182.19744912752807,185.46096546256018,14120040
3944,2023-10-05,183.31639099121094,186.02044184825996,182.15084937562034,186.02044184825996,14575590
3945,2023-10-06,183.73599243164062,184.1089600763955,181.6846419298815,183.68936791909536,12857229
3946,2023-10-09,182.9900360107422,183.5961119675546,180.65895274945885,183.22314433687052,7853369
3947,2023-10-10,184.57516479492188,185.1346304536322,182.47718991646224,182.99003106564624,7440527
3948,2023-10-11,185.0880126953125,185.69408865785343,184.01572007610832,184.01572007610832,10031916
3949,2023-10-12,187.1859893798828,188.35153103231048,184.0157217764009,184.0157217764009,21872719
3950,2023-10-13,188.1650390625,188.72449049474878,185.83395585862314,186.90624844128538,13105921
3951,2023-10-16,189.33056640625,190.07651582087487,186.5798912783849,186.7663750750907,18336656
3952,2023-10-17,193.15353393554688,194.8785410667319,188.9109742084407,189.7967829131837,19378328
3953,2023-10-18,192.54747009277344,194.36571212218098,190.21638691973743,194.36571212218098,14923328
3954,2023-10-19,191.894775390625,193.38666012931785,188.53800982991083,190.21639261026792,13192888
3955,2023-10-20,189.1440887451172,191.335298326143,187.32583254179931,191.335298326143,22081120
3956,2023-10-23,186.25355529785156,191.28868952466965,185.55423030924888,188.35153026365964,6988219
3957,2023-10-25,186.02044677734375,186.90625558310379,184.43531298369896,185.5542301187539,16817158
3958,2023-10-26,185.50759887695312,186.48665667003135,183.03665636719631,185.32111506584366,11070090
3959,2023-10-27,187.37246704101562,188.16504102974113,185.69408427111648,185.78733329136756,9995487
3960,2023-10-30,187.27923583984375,188.5380122705543,184.2954378682265,187.3724706340798,7679981
3961,2023-10-31,188.49139404296875,189.2373435607396,186.99950923523073,187.8853180629195,7474770
3962,2023-11-01,187.37246704101562,188.67788218551627,186.95287490549157,188.67788218551627,5598615
3963,2023-11-02,189.377197265625,189.8900241668199,187.32583274963682,188.1184066969779,12924797
3964,2023-11-03,190.58937072753906,192.54748645035914,189.3772187568258,189.65693737911116,8684015
3965,2023-11-06,194.1326141357422,194.83193912486792,191.1022058495307,191.14883036103308,9804415
3966,2023-11-07,193.94613647460938,194.97181884901008,191.8481614406292,194.13262029873573,10730361
3967,2023-11-08,193.01368713378906,195.43801932997218,192.6873297977558,194.8785536761445,7435543
3968,2023-11-09,195.62451171875,196.27721219164138,192.1745113096357,193.29342843856423,13777877
3969,2023-11-10,196.88328552246094,198.6082928178688,195.43802529030103,196.2772095688328,12066023
3970,2023-11-13,197.95559692382812,200.56641306858404,196.46369791888094,197.6758640819251,11352269
3971,2023-11-15,195.9508514404297,200.47315861662355,195.62450832354952,200.47315861662355,19182861
3972,2023-11-16,196.94891357421875,198.51728961333515,195.5231250862241,196.4736507448872,27533260
3973,2023-11-17,199.13511657714844,200.27574441571852,196.66374417368837,197.42416756735838,16705395
3974,2023-11-20,198.94500732421875,200.75100012947723,198.5172737128543,199.7054306910163,11156900
3975,2023-11-21,198.61233520507812,199.75296310462474,197.66180953814415,199.6103900561329,9608081
3976,2023-11-22,201.1312255859375,202.08175119928526,197.89942979823314,197.89942979823314,13079580
3977,2023-11-23,200.46583557128906,202.55700341440445,198.89747419282162,201.55894867180285,11382709
3978,2023-11-24,200.03811645507812,201.6064924509956,199.13512000499418,200.84606904423595,7250200
3979,2023-11-28,199.80047607421875,203.84020983084918,199.13511106213588,203.84020983084918,15629209
3980,2023-11-29,200.60842895507812,200.9886333900701,198.75490695272057,199.895534761566,10062023
3981,2023-11-30,198.61233520507812,202.27186482432214,197.94697013899847,199.99059452135825,60354322
3982,2023-12-01,199.80047607421875,201.9391586512584,199.0875818818722,201.03616224172666,20719909
3983,2023-12-04,202.3668975830078,203.50753992382784,201.22626974605765,201.22626974605765,27914088
3984,2023-12-05,211.30184936523438,212.2048458083256,201.08369889518062,203.12732318764338,40709207
3985,2023-12-06,213.29795837402344,215.05643669662712,211.49196537016368,214.81880527486288,29544730
3986,2023-12-07,218.62088012695312,220.90213568325194,213.1553581237793,213.8682522981063,24534268
3987,2023-12-08,217.2901611328125,221.85267247630486,215.2465223606646,220.3318401964307,22206320
3988,2023-12-11,219.5238800048828,221.37740198683693,215.3415732505315,216.71983244204253,19106395
3989,2023-12-12,219.9040985107422,221.75762048908192,218.14562038798414,218.62088317750045,14355329
3990,2023-12-13,225.22705078125,225.74984279164684,219.19122158156404,219.57142604155968,26878281
3991,2023-12-14,220.6170196533203,225.84491097682204,219.6664939581382,225.51222118195986,29972018
3992,2023-12-15,225.60726928710938,226.3201635260568,215.9118960343281,223.37352820352595,41341690
3993,2023-12-18,220.37937927246094,225.17952223493756,219.999160307519,225.17952223493756,29051897
3994,2023-12-19,221.99526977539062,222.80320788036195,219.42885340593793,220.66452515517295,12612164
3995,2023-12-20,215.91189575195312,223.75373237011902,215.00889928457477,223.32599872808407,20400245
3996,2023-12-21,220.85464477539062,221.6625828909196,211.68206337628502,213.34548329539078,17755207
3997,2023-12-22,220.28433227539062,222.61311735336378,219.09617514337666,221.4724894074046,9735375
3998,2023-12-26,221.80516052246094,224.13394540427203,219.61894868293356,220.52194512642725,6772092
3999,2023-12-27,222.47052001953125,224.18146900367952,220.99720243585165,223.37351644053822,10231881
4000,2023-12-28,227.27069091796875,228.07862902597248,222.5180626219332,223.4685882811403,39164340
4001,2023-12-29,225.4646759033203,226.4627307127971,223.13589101712117,226.03499708126992,12665999
4002,2024-01-01,226.4627227783203,227.65087977086134,224.7042446278118,226.130033018861,5952776
4003,2024-01-02,226.08251953125,228.22120212907143,224.46661440980031,228.12614376762042,9128513
4004,2024-01-03,225.32211303710938,226.89047459149845,222.99332804573407,224.3240581825569,8284439
4005,2024-01-04,229.50440979003906,231.07278577726413,225.3221028318456,226.22509927692488,19663959
4006,2024-01-05,229.31430053710938,232.87877152991416,227.46077852162477,230.02719473567032,16345257
4007,2024-01-08,230.35987854003906,233.11639690165055,228.50634206861253,230.40739321561884,13585746
4008,2024-01-09,230.3123779296875,232.546104602181,229.5519544757844,230.59753853788504,8688409
4009,2024-01-10,227.3181915283203,230.1222536525246,226.225092889436,229.07666969056336,16872195
4010,2024-01-11,229.97967529296875,231.07278847936942,227.36572978756354,228.36378460858322,18812468
4011,2024-01-12,227.65089416503906,230.64504417401227,226.98552910791952,230.50247112744037,11296498
4012,2024-01-15,229.21923828125,229.55192803647378,225.2745629177817,228.5063440948013,12597366
4013,2024-01-16,227.22315979003906,230.40741201881508,225.93994435954087,229.6945177805095,7478450
4014,2024-01-17,227.36572265625,229.26677387328198,225.93993424347602,226.70035763106276,13620300
4015,2024-01-18,221.90020751953125,224.03889020724034,214.8663235926139,216.00695145861803,25522629
4016,2024-01-19,223.7537078857422,225.22702538386218,220.90213124571727,223.37350346861973,20931080
4017,2024-01-23,226.1775665283203,234.58972399806527,224.56167588831065,229.0766725463825,27492163
4018,2024-01-24,234.0194091796875,234.77983259087733,223.3735249346404,224.466623616815,28309825
4019,2024-01-25,233.35403442382812,236.39571343815095,231.07277878905342,232.64114022497733,20651484
4020,2024-01-29,241.38597106933594,242.38402584122076,233.0213429630611,233.30650354129526,26181011
4021,2024-01-30,241.528564453125,244.23756825607788,239.05719205380416,241.43350609012427,16031367
4022,2024-01-31,246.47129821777344,247.13667779956128,239.91267680079497,241.4335236964945,34369455
4023,2024-02-01,252.6497344970703,257.54496534967586,245.52079132268634,246.18617095539312,29929092
4024,2024-02-02,263.3906555175781,267.477904086907,250.89124939647797,251.41402688520378,33900724
4025,2024-02-05,268.9037170410156,275.08213414414985,261.29951137561966,263.7708840184219,27440927
4026,2024-02-06,260.681640625,268.90368110022985,258.8281041387003,268.90368110022985,29668277
4027,2024-02-07,254.693359375,260.8242324093508,253.60023167193228,258.6380350186969,27335466
4028,2024-02-08,262.5351867675781,273.79889211207103,257.402325234492,257.402325234492,69776717
4029,2024-02-09,259.49346923828125,265.6243704992036,255.78642547928177,264.81641799856266,24496638
4030,2024-02-12,256.92706298828125,262.34507061494674,253.07744583778828,259.6836104871664,19140023
4031,2024-02-13,256.8795471191406,257.44986828894565,251.1763934365695,256.92706179673286,22031847
4032,2024-02-14,260.111328125,261.39454350374814,253.7903386018209,256.16665263367315,13546941
4033,2024-02-15,272.19158935546875,273.83451154465087,262.2374970122589,262.86566273421687,25475670
4034,2024-02-16,265.3299865722656,273.3995808386285,264.1219643615146,272.5298107454337,25129188
4035,2024-02-19,267.0695495605469,268.95404646646875,264.1219577445219,265.8615273800602,11429901
4036,2024-02-20,278.2316589355469,279.0531199056764,268.37421577217833,269.0023813989614,43053543
4037,2024-02-21,270.6936340332031,279.72964644035,269.8721729975114,277.89342901019285,24651085
4038,2024-02-22,273.10968017578125,273.97945030996505,264.07366771498397,270.69363564042,26793590
4039,2024-02-23,272.48150634765625,275.62236414971096,269.6305620840837,273.0613334246206,14313526
4040,2024-02-26,278.135009765625,281.71076714917245,272.5781078407271,273.44790738837213,31012494
4041,2024-02-27,282.67718505859375,283.5469551140745,274.5592820528926,274.5592820528926,36510093
4042,2024-02-28,270.16204833984375,283.7885434100249,269.0506739158798,281.7107513143137,18824161
4043,2024-02-29,273.3512878417969,275.42908026807993,265.1850454192121,270.2104299089153,35043015
4044,2024-03-01,278.03839111328125,279.6812835491615,275.0424902690276,275.42905146025066,15149735
4045,2024-03-04,284.7549743652344,287.0260618983291,278.32830244686454,278.32830244686454,23131460
4046,2024-03-05,285.0932312011719,285.52813097806177,280.0195381035239,282.2422870920687,13220556
4047,2024-03-06,283.8369140625,284.99659770400353,276.8786942425583,280.55107001308136,15969436
4048,2024-03-07,282.8221740722656,288.8622855529339,281.2275905399155,284.12684405063635,14908694
4049,2024-03-11,275.9605712890625,282.1456683616253,274.84919679696185,278.71486772094926,19020659
4050,2024-03-12,275.5740051269531,278.9564671244606,273.2546085129222,275.33240069855975,17906155
4051,2024-03-13,255.4241943359375,274.3659877494562,253.0081500100481,273.78613121269706,39389523
4052,2024-03-14,257.4053955078125,259.38654026675135,251.9451406543695,255.18261679808933,26005940
4053,2024-03-15,257.0188293457031,262.8656453213841,248.9975437965075,259.0966217465722,43817794
4054,2024-03-18,256.0040588378906,257.6952899186334,250.7854088301445,257.018815181974,12423655
4055,2024-03-19,250.3022003173828,257.5503335312066,249.62569608700076,253.3464103686429,20031514
4056,2024-03-20,255.76243591308594,256.24564475837525,250.25387277242424,251.22029046300284,11308487
4057,2024-03-21,264.5568542480469,265.28166754735656,258.13018222604643,258.8066569430983,23559105
4058,2024-03-22,266.4897155761719,268.9057601416857,262.2374830394139,264.55687992376085,22097588
4059,2024-03-26,260.9811096191406,264.8951193226874,257.16377708484305,261.0294482037652,28477120
4060,2024-03-27,261.1744079589844,263.6387615283877,260.15968107575486,261.8992213020713,18094214
4061,2024-03-28,267.60107421875,270.11376631558045,262.5273809337525,262.8656330512983,26646830
4062,2024-04-01,270.7419128417969,272.1432303043297,268.3258685910353,271.3217693605252,8945400
4063,2024-04-02,270.16204833984375,272.2398699282817,269.1473215815999,269.8721348354103,13229425
4064,2024-04-03,270.6936340332031,273.5928874584226,269.1956687345345,270.74194312653105,14499308
4065,2024-04-04,268.3258972167969,277.0719960332488,265.8132050293982,273.30294300578544,23722104
4066,2024-04-05,269.0506896972656,270.54865487197424,265.9098320798576,270.54865487197424,9308711
4067,2024-04-08,272.2882385253906,274.6559741357482,269.6788984442918,271.12852526873934,14473340
4068,2024-04-09,271.7566833496094,274.80089336639224,271.56338800233806,273.3512667400452,5780865
4069,2024-04-10,273.06134033203125,275.7673278948139,270.5969867144032,270.5969867144032,8809693
4070,2024-04-12,266.0065002441406,274.89755582777644,265.4266436638634,272.0466115121729,17731780
4071,2024-04-15,264.8467712402344,266.9245929863251,259.38651687911624,261.1743956060476,13378690
4072,2024-04-16,265.0400695800781,266.2964008657725,262.1408163121101,263.83204738509147,9662195
4073,2024-04-18,270.6936340332031,280.1645167584943,268.37423719157374,278.23168114168135,51039603
4074,2024-04-19,272.19158935546875,272.77144598063495,265.4750028010983,268.7608176867294,18755469
4075,2024-04-22,274.1243896484375,275.13914598438646,272.23989272635384,274.46264176042047,14965203
4076,2024-04-23,275.7673034667969,277.50684357306227,271.2734669483376,274.12438153875746,11464036
4077,2024-04-24,280.6477355957031,282.04905326458197,274.84922854003685,275.42908514414984,19324163
4078,2024-04-25,283.4503173828125,284.6100304926076,279.53633724953056,282.19398609114234,22022414
4079,2024-04-26,282.43560791015625,286.20463150981226,281.6624854512073,284.36844355026,15581578
4080,2024-04-29,283.8369140625,284.7066841668102,279.8745952620535,282.483905574984,9804396
4081,2024-04-30,291.7132263183594,294.12927088039197,283.20873176436584,283.8369269446795,33288857
4082,2024-05-02,303.0686340332031,306.59605317512717,291.71322465634654,291.8098723368235,44059506
4083,2024-05-03,300.41094970703125,305.4846426618151,297.8982577737356,301.52232417000977,27074447
4084,2024-05-06,296.5453186035156,300.36265135657993,292.92125172183523,299.7828242496965,16855909
4085,2024-05-07,285.3348388671875,297.9465786271384,284.6100255593115,296.6902473572449,13857464
4086,2024-05-08,291.858154296875,292.67961526546156,282.1939770022765,282.1939770022765,18754452
4087,2024-05-09,286.2046203613281,294.12925797415875,285.33485025570775,292.58298362376127,11196567
4088,2024-05-10,293.54937744140625,294.2258816309549,286.3012446650752,286.3012446650752,11786977
4089,2024-05-13,296.25537109375,297.31843659490573,287.6059492954301,293.9843128096331,11710605
4090,2024-05-14,298.86468505859375,302.48875157102617,297.4150584536208,297.65666288778294,9957875
4091,2024-05-15,304.2766418457031,305.6779299214591,298.47813520545236,299.5895097462878,11397656
4092,2024-05-16,302.0055236816406,305.0014243751079,295.04730461892484,303.93835903320314,19843532
4093,2024-05-17,302.6337585449219,305.38805544989964,300.3143614906846,304.3249898646602,9069551
4094,2024-05-21,314.71392822265625,316.45349783420977,300.5559143611049,300.5559143611049,21976662
4095,2024-05-22,314.8105773925781,316.7434128639063,309.44697075673395,316.7434128639063,10287081
4096,2024-05-23,309.15704345703125,309.93019538050453,298.62309550132346,308.7221731495121,35705284
4097,2024-05-24,308.0939636230469,312.1046208370342,306.74098468599607,307.320841228369,15058182
4098,2024-05-27,307.2725524902344,310.7033238963522,303.93839927030405,310.7033238963522,12857918
4099,2024-05-28,302.29547119140625,308.7704821445819,301.52234876090625,308.28727325233683,10935739
4100,2024-05-29,307.03094482421875,307.99736261782004,298.71974590070164,298.71974590070164,16812268
4101,2024-05-30,296.40032958984375,306.9825860377692,293.59769457864434,304.0350237583432,22768893
4102,2024-05-31,299.5895080566406,301.03913470852757,295.43392345165654,298.188190496058,36929443
4103,2024-06-03,326.31097412109375,336.98990882907395,314.665651076674,323.74997277233655,55218939
4104,2024-06-04,286.0113525390625,323.70164579446663,270.3553727743411,323.70164579446663,73262478
4105,2024-06-05,288.765625,290.9400650361227,269.8238598350713,286.34958051541923,45312613
4106,2024-06-06,290.3602294921875,300.9908249145408,288.08914184432064,293.2111442052717,36508044
4107,2024-06-07,298.9613342285156,300.2176654953612,286.8327738771772,288.04079605403984,38016104
4108,2024-06-10,305.1947021484375,312.4911735815308,301.1357654470787,302.4887443475316,25478964
4109,2024-06-11,305.9195251464844,308.96376463506743,304.5665462030747,305.58130253017873,12238518
4110,2024-06-12,313.7475280761719,316.11526344707596,306.2577902406442,309.15704359633236,20346144
4111,2024-06-13,310.655029296875,316.9367453141361,309.88187732218813,316.0186365606743,11756503
4112,2024-06-14,310.70330810546875,315.0521880011907,308.6255158316141,315.0521880011907,14159988
4113,2024-06-18,320.65740966796875,321.3339139154091,311.1865271601856,311.1865271601856,21653702
4114,2024-06-19,316.3085021972656,323.60497354599545,314.47231446125795,322.7835126004129,14235150
4115,2024-06-20,313.65087890625,317.2749455836111,311.4764388998334,316.5018231561994,11749507
4116,2024-06-21,315.0038757324219,318.53129460259504,312.15293158800944,315.72868904106275,17209541
4117,2024-06-24,321.7688293457031,322.7835562734221,311.7180602867166,312.2496077905903,18044357
4118,2024-06-25,316.4051513671875,323.74993183879224,314.85887713747155,323.74993183879224,13979671
4119,2024-06-26,315.7286682128906,319.1111300967452,314.0374372709633,314.7622505317893,12946277
4120,2024-06-27,320.4158020019531,321.3339106867215,313.4576117067809,317.51654867244883,27061015
4121,2024-06-28,319.8359680175781,326.0210357549625,318.5312981489532,321.8171126194953,21676594
4122,2024-07-01,318.53131103515625,320.60910339523787,314.3273877296191,319.88429004920494,11959181
4123,2024-07-02,319.69097900390625,323.1700887926685,317.0333301988798,318.9661656934445,12684459
4124,2024-07-03,323.8948974609375,325.58612849444216,318.0480819707699,319.9809174376324,9369793
4125,2024-07-04,323.7499694824219,327.3257272111113,322.6869039825901,325.6828051211229,12878827
4126,2024-07-05,328.002197265625,328.48540616834185,321.67217243712713,323.74996482026324,10894118
4127,2024-07-08,328.002197265625,329.548471652865,325.5378436588616,329.548471652865,7828162
4128,2024-07-09,329.69342041015625,330.8531335455759,326.7458579723325,328.5820458594717,9214579
4129,2024-07-10,334.4288635253906,336.1200946533038,324.23316766563494,331.481301070977,10662609
4130,2024-07-11,331.2879943847656,337.03819182007805,330.5148719783991,336.7965873814973,12642065
4131,2024-07-12,331.57794189453125,334.2838998461679,328.6786885923221,331.2879988686725,11380570
4132,2024-07-15,332.302734375,333.80067002341855,328.77531564379694,333.80067002341855,5277531
4133,2024-07-16,330.94976806640625,335.3469570023425,330.03165941296817,331.2396815923714,11363095
4134,2024-07-18,329.7900695800781,333.1242227399578,325.63448489601467,330.51488291981457,13908161
4135,2024-07-19,321.0439758300781,330.36990085542874,319.8842627782019,328.14712242145396,12937990
4136,2024-07-22,327.22906494140625,328.00218736532514,318.4346572788613,318.9178661669931,10678640
4137,2024-07-23,323.0251159667969,329.06522658696883,310.3167291205006,327.71224770659586,15954324
4138,2024-07-24,325.8277587890625,327.42234227724197,319.20779089107947,319.78764747570773,12573882
4139,2024-07-25,328.0505065917969,331.094716508845,319.35274711867163,319.35274711867163,16271884
4140,2024-07-26,332.6409912109375,333.94563153949946,327.1323984067023,328.92027708826834,11468068
4141,2024-07-29,330.8531188964844,334.28389007337466,326.40759139784944,328.388735966015,31849674
4142,2024-07-30,338.05291748046875,344.9628279938475,331.771202099382,333.4141240730656,25813219
4143,2024-07-31,336.5066833496094,338.8743892188871,331.09473787411304,336.5549924415972,17976593
4144,2024-08-01,348.97344970703125,350.32642863632236,338.3911637207874,339.3575814549566,26792459
4145,2024-08-02,346.2191467285156,348.92510453600175,342.1118714358535,345.9775422995355,13771470
4146,2024-08-05,331.2879943847656,342.8850074366393,330.0316631012377,340.9038628373693,13566586
4147,2024-08-06,329.3068542480469,339.0193410135166,327.8572275969183,331.2879988741641,12273667
4148,2024-08-07,340.22735595703125,340.71056483042156,331.8678483459246,334.2355836226288,12441847
4149,2024-08-08,331.1430358886719,343.0783009906969,329.7900569382403,343.0783009906969,15489731
4150,2024-08-09,334.38055419921875,337.2314984670845,332.7376321647316,336.2167420954083,8720610
4151,2024-08-12,329.69342041015625,332.2544216337502,328.0988369685019,331.48129920529055,12521136
4152,2024-08-13,325.6344909667969,330.9497888906235,323.8949212233606,325.68280005992114,10435954
4153,2024-08-14,322.3003234863281,326.9874555285283,321.3339057247499,325.6827856518518,12385993
4154,2024-08-16,329.9497985839844,330.8755111103973,322.1541744224629,324.49285572333014,13013828
4155,2024-08-19,331.6063537597656,334.5297128457628,330.6319007310999,333.89632432471933,5891370
4156,2024-08-20,331.8012390136719,333.8963069688124,330.1446570558706,331.75252825994914,6393840
4157,2024-08-21,328.0495910644531,332.23975673776164,327.5623645725297,331.31401450792913,10118601
4158,2024-08-22,325.46728515625,329.07277296483517,322.05669983275635,327.4161910553892,18370039
4159,2024-08-23,327.6598205566406,328.3419495503754,324.83391281020965,326.10068981235077,7494822
4160,2024-08-26,329.60870361328125,332.7756756361731,327.27002252858057,327.8547002342416,7993675
4161,2024-08-27,326.7828063964844,332.7269754057648,326.44174191256894,330.3395537563011,9589690
4162,2024-08-28,325.9057922363281,330.2420899041561,325.2236632945406,326.78279392009557,8790600
4163,2024-08-29,324.7851867675781,327.3187706225277,320.4001480817623,324.00563622972294,17653536
4164,2024-08-30,328.78045654296875,332.14233149562375,325.516032843917,326.44177514622703,22713812
4165,2024-09-02,326.9776916503906,331.21656814014403,325.6622038931788,329.75488864284597,9789776
4166,2024-09-03,326.1007080078125,329.31642092320243,325.4673194714007,327.4162255760199,8434423
4167,2024-09-04,324.3953857421875,326.1494189200145,322.5439310583238,322.73883354628606,9025610
4168,2024-09-05,322.78753662109375,325.7596061951822,321.1796952164567,323.8594408034997,13912371
4169,2024-09-06,321.3746032714844,324.59031617201487,316.69724053719085,324.54157567685627,23755639
4170,2024-09-09,320.1565246582031,320.789942905293,315.28425960640914,319.32826338975485,18597200
4171,2024-09-10,325.61346435546875,326.7340793590947,318.64613134550325,318.64613134550325,15472387
4172,2024-09-11,324.687744140625,328.63426680605346,323.518388671934,328.2932023161899,10134008
4173,2024-09-12,329.5600280761719,330.3395786083876,324.7364736614902,326.2956044638684,18410837
4174,2024-09-13,328.63427734375,332.53208938044384,327.51366233078966,331.119120621964,10417461
4175,2024-09-16,329.60870361328125,332.7756756361731,328.4393482019592,328.6342506831607,7748570
4176,2024-09-17,328.2931823730469,331.3139923687031,325.9545013156799,328.09830963206645,11451846
4177,2024-09-18,325.7596130371094,330.24210260626126,324.59028732642474,329.8523273693664,6583254
4178,2024-09-19,326.34429931640625,329.7061740158864,324.5902958354267,327.61110604195386,10589610
4179,2024-09-20,332.1423034667969,334.18866066798813,326.19813435398225,329.5112685312731,31236123
4180,2024-09-23,332.43463134765625,333.7501488307827,331.55762960488704,333.26292233613924,6542941
4181,2024-09-24,341.1072692871094,342.03301155544364,333.6039988421936,335.7477776530497,26145769
4182,2024-09-25,354.457275390625,356.8934078675365,343.34851724349755,344.8101967296445,40770462
4183,2024-09-26,356.1138610839844,356.74724958699784,348.0746238263358,354.74960309232995,18733959
4184,2024-09-27,345.1999816894531,354.018769608783,344.3229799206824,352.9468950791444,33148043
4185,2024-09-30,343.8357238769531,348.318213323125,340.7662030809468,345.19995203762886,16356171
4186,2024-10-01,341.8381042480469,346.905271798712,341.00984297933365,342.13045799401556,9856291
4187,2024-10-03,335.3580017089844,340.9611065877445,333.8476114194536,334.2373866808216,19350466
4188,2024-10-04,330.1933898925781,338.57369125680236,329.1214856940243,334.2373637099936,20121706
4189,2024-10-07,320.54632568359375,331.31401941955096,316.697224445159,331.31401941955096,13851446
4190,2024-10-08,318.7922668457031,322.54391653547174,314.114904724656,318.93842883612155,21148292
4191,2024-10-09,321.32586669921875,323.32348339155686,317.18444157875876,318.64612103303875,9228363
4192,2024-10-10,325.8083801269531,329.4625790298172,321.6669547037071,321.76440595537287,20773976
4193,2024-10-11,321.6181945800781,326.78281322369,321.08225733554576,325.9058114881167,6098468
4194,2024-10-14,322.2516174316406,323.0311679326801,319.42567995499536,321.6181991943575,5944216
4195,2024-10-15,321.4233093261719,324.93134586997985,319.1333389616067,324.93134586997985,12415489
4196,2024-10-16,318.8410339355469,324.1517849501145,316.6485146825187,323.22607244160326,22085298
4197,2024-10-17,322.69012451171875,323.4209643059041,316.3074688710122,320.1078298531866,17039729
4198,2024-10-18,323.5671081542969,325.3211414046507,319.86419863345947,323.0311708971571,10569021
4199,2024-10-21,322.69012451171875,325.2237084124841,321.0335721543337,324.49286861829876,8745904
4200,2024-10-22,314.50469970703125,327.0751372179107,312.84811774368296,324.3953915194,11219831
4201,2024-10-23,308.80413818359375,313.6764030010627,305.8320685401155,311.04539784239614,12541589
4202,2024-10-24,310.9966735839844,312.6045151100818,307.19631277558693,307.19631277558693,8327779
4203,2024-10-25,307.73223876953125,313.2866326431413,305.24739556909486,313.2866326431413,12979410
4204,2024-10-28,310.1683654785156,312.2634631342605,302.81125752081437,306.46545612323774,9610615
4205,2024-10-29,312.36090087890625,312.99431912661174,306.1244075541381,308.02460282136286,15856332
4206,2024-10-30,310.3145751953125,317.0870058214911,308.6579931710393,310.4119967066671,14498110
4207,2024-10-31,312.6045227050781,314.45600726769385,309.7299040856555,312.2147474374552,9900390
