Price,Close,High,Low,Open,Volume
Ticker,POWERGRID.NS,POWERGRID.NS,POWERGRID.NS,POWERGRID.NS,POWERGRID.NS
Date,,,,,
2007-10-05,32.54542922973633,35.424697482052096,26.900123201294626,29.0514868911543,855215656
2007-10-08,30.879337310791016,33.64537507515086,30.68522855070953,33.64537507515086,126671715
2007-10-09,32.982173919677734,33.273334876563496,29.229420508905978,30.89551235079529,116725709
2007-10-10,33.289512634277344,33.968891159536575,32.998351662859996,33.839484576934595,67931378
2007-10-11,37.00990676879883,38.82158101766896,32.99834518139679,38.82158101766896,106320954
2007-10-12,36.76727294921875,38.14220367043771,35.90996408298535,36.233477193860395,99410791
2007-10-15,37.252540588378906,37.753988515704634,36.9290274951083,37.52752759524435,41814972
2007-10-16,41.05381774902344,41.70084829693079,37.0422564347305,37.30106514355186,138614496
2007-10-17,44.25661087036133,45.29185033027703,34.32475309464953,36.880508327313116,204876259
2007-10-18,42.7037353515625,48.349040354809915,40.87588732647553,44.96832691239553,146617799
2007-10-19,42.558162689208984,44.28895877280891,40.439149103294625,41.73320159377269,110266491
2007-10-22,41.992008209228516,43.30223439737445,40.600899365049735,41.7008473216324,72253405
2007-10-23,44.98450469970703,45.38889604536594,43.027247953961755,43.027247953961755,74594921
2007-10-24,44.288963317871094,46.42415102386459,43.78751529359426,45.93887690220752,63055170
2007-10-25,44.19190216064453,45.22714590719954,39.03186610466896,42.78461920102142,34522489
2007-10-26,45.51829147338867,46.246195752850824,43.755143796854384,44.96831759595796,62370025
2007-10-29,46.44031524658203,47.556437156688446,46.03592388609813,46.26238480313995,43657697
2007-10-30,47.475563049316406,48.75343722778894,45.680062618503946,47.07117165335785,79921711
2007-10-31,48.46228790283203,49.52988407651651,47.556452714186285,47.71820931129649,44655368
2007-11-01,47.37849426269531,50.03130289119949,46.99028125545107,49.659263780451376,50632492
2007-11-02,48.235809326171875,48.526974605161705,45.29183945447605,45.663883002534845,32001693
2007-11-05,49.2225341796875,50.306304024365964,47.91230339268425,48.20346871508114,38833135
2007-11-06,49.86956024169922,53.023813193798766,49.190181805199956,50.07984289425368,81880281
2007-11-07,49.14165115356445,51.50329497924803,48.041707514039594,50.79156880681531,33593141
2007-11-08,48.3005256652832,49.61075658162685,47.23293400419847,47.87996031708086,27990521
2007-11-12,49.465171813964844,50.338659054583786,45.566835810968826,46.84471448003583,35153735
2007-11-13,50.645992279052734,51.66505776839079,48.70491348491256,50.30630524524928,43830531
2007-11-14,49.9827766418457,52.24736786738918,49.723963583313505,51.535637441333556,36738579
2007-11-15,50.82392883300781,51.71358997671887,49.8695633054921,50.92098102078698,29242252
2007-11-16,50.46804428100586,51.616513746772306,49.88571821228216,50.597448611413526,18895294
2007-11-19,52.295902252197266,54.188454668917274,51.22831083144599,51.616523899025076,40716718
2007-11-20,51.48713302612305,53.54144252261235,50.85628059270577,52.08563326512156,26342171
2007-11-21,47.475563049316406,52.10179886391124,46.32708885203763,51.79446403573923,26814499
2007-11-22,45.84182357788086,48.88285067778158,43.85221859634046,46.97411959526963,34096185
2007-11-23,48.882850646972656,49.1740116022464,46.13298450426231,48.85049845462493,27664090
2007-11-26,49.271080017089844,50.694537457805254,48.882866744856194,50.694537457805254,20159123
2007-11-27,48.05788803100586,50.11219733371561,47.55644442256397,50.11219733371561,20573198
2007-11-28,47.34614181518555,49.33575046932399,47.022628783673774,49.10928959209522,16435311
2007-11-29,46.06828689575195,48.78579659906694,45.469786664039404,48.52698782272384,25530967
2007-11-30,47.847599029541016,48.13875993741204,46.262385741863504,46.90941193176675,18437721
2007-12-03,48.527000427246094,49.1255008144146,48.05790446186096,48.42994381996162,16851227
2007-12-04,47.89612579345703,49.254882566637754,47.540260506392826,48.850491192230066,14008727
2007-12-05,49.80484390258789,49.98277871042896,47.87994391396798,47.97699607248019,27725290
2007-12-06,48.882850646972656,51.648886303965035,48.25199825393965,50.88862952946901,24104710
2007-12-07,48.67256164550781,49.88573590060455,47.799078814594786,49.190183538601296,11742386
2007-12-10,48.721092224121094,49.319588014164644,48.0902398550299,49.14165754489673,8330010
2007-12-11,48.49462127685547,49.432808298355596,48.251986475367836,49.15782131241758,11685950
2007-12-12,48.46228790283203,48.899031592615295,47.556452714186285,47.879965908406696,16342131
2007-12-13,47.65349197387695,49.17400532889004,47.475561520555715,48.52697911619125,14620172
2007-12-14,47.18440628051758,47.92848921661546,46.94177139899337,47.491745552286226,10991851
2007-12-17,44.337486267089844,47.718200260649056,43.67428171197001,47.45938712160436,19355678
2007-12-18,44.143367767333984,45.6153504418094,42.7684372561261,43.83602860377565,21607783
2007-12-19,43.33458709716797,45.95504389252686,42.96254793704477,45.56682644583409,19526912
2007-12-20,42.89784622192383,44.25660298152633,42.703737486562446,43.90073769801832,17105204
2007-12-24,44.208072662353516,44.903624875209005,43.18900299624993,43.54486824568874,16711519
2007-12-26,45.5506477355957,46.100621662327924,44.450704270057734,44.450704270057734,20930094
2007-12-27,45.874168395996094,47.13586859211166,45.48595092584029,46.48884240047012,44565277
2007-12-28,46.23003387451172,46.42414261041059,45.291842382321704,45.77711202810528,18354518
2007-12-31,46.56972122192383,46.84470823418982,46.00357329758154,46.58589950966138,11982308
2008-01-01,47.42702865600586,47.863772205170164,46.375611113315955,46.81235466248026,16687746
2008-01-02,47.168216705322266,47.782890656706414,46.472664486968455,47.4270254044545,13437280
2008-01-03,49.10929489135742,49.30340360879554,46.310907744398854,46.87705561063606,31815218
2008-01-04,48.850494384765625,50.46805998810944,48.52698126409687,49.82103374677192,28011310
2008-01-07,48.44609832763672,49.56221585391419,47.92847650673131,48.543150499338374,15858063
2008-01-08,46.796165466308594,49.17398677855572,46.23001774377002,48.4946086339243,13282666
2008-01-09,46.052101135253906,47.054992659791424,45.93887066849642,46.8447100146289,13113527
2008-01-10,44.952152252197266,47.5564351358022,44.64481307611888,46.26238283724379,18023003
2008-01-11,45.631526947021484,46.068270440536295,43.83602689322203,45.566822582083525,11629440
2008-01-14,46.327091217041016,46.81236091696435,44.98451259150532,45.712417141390326,10264240
2008-01-15,44.9198112487793,47.26528162376092,44.54777199791953,47.07117724100139,11558334
2008-01-16,43.99778366088867,44.968322812764455,42.881666268987466,44.59628368213072,14834065
2008-01-17,45.178627014160156,46.18151873067656,43.221369679619,44.159557006194376,16169395
2008-01-18,43.075782775878906,44.85510487646661,42.703739189959585,44.806574399745045,13254156
2008-01-21,35.74820327758789,42.70373433448639,31.138139801726613,42.70373433448639,33202389
2008-01-22,32.157203674316406,33.968877553369225,25.54136033342955,32.22190584271904,58755707
2008-01-23,35.74820327758789,37.1231338353469,32.674829089656,32.674829089656,28425991
2008-01-24,35.82908248901367,38.36866105191106,34.13063881412348,37.67310880549381,29911930
2008-01-25,37.673118591308594,37.8510490768686,36.15260496079753,37.52753591190268,12550722
2008-01-28,38.07750701904297,38.368667966769344,34.13064496519897,37.155493694636284,13601109
2008-01-29,37.4466438293457,38.724522115499425,36.88049599916331,38.174548182437356,7679877
2008-01-30,35.37615966796875,37.6892769669166,34.907064016857944,37.52752045107512,9016102
2008-01-31,33.06304168701172,35.84525476429939,32.67482647003195,35.74820041156363,41538563
2008-02-01,34.211524963378906,34.45415982995708,33.32186378592559,33.62920084479848,9089201
2008-02-04,35.97467041015625,36.39523794153017,34.858550487868364,34.858550487868364,12009385
2008-02-05,37.090789794921875,37.57605951009831,35.26294141200956,36.03937207870628,14593303
2008-02-06,36.76727294921875,37.204016526485546,34.7129660115404,36.07172063842287,12429218
2008-02-07,35.036476135253906,37.51135253882172,34.81001741574167,36.26582629055914,11300078
2008-02-08,34.130638122558594,35.55409477222915,33.499785872353954,35.262933882875814,13514197
2008-02-11,31.720470428466797,34.61591478944772,31.380781192344376,34.61591478944772,15133331
2008-02-12,31.15430450439453,32.88509968663037,30.895493702289738,32.6748171440242,10237627
2008-02-13,30.701393127441406,32.10867343115745,30.070543184812625,31.70428216101553,10395753
2008-02-14,33.386566162109375,33.726255415982585,31.380782832177644,31.380782832177644,12514003
2008-02-15,34.340919494628906,34.61590647543523,32.36748893510479,33.2571498572903,12080990
2008-02-18,34.14680862426758,35.11734994481305,33.855647763878196,35.11734994481305,6977153
2008-02-19,33.7747688293457,34.84236228607472,33.51595796196243,34.76148402714014,7226542
2008-02-20,32.933650970458984,33.467449069913464,32.561611665900905,33.45127297102739,5604999
2008-02-21,33.16009521484375,33.726243032094814,32.75570391680727,33.46743216255883,3874365
2008-02-22,32.73952865600586,32.94981125872999,31.72046124274373,32.060150380497774,2691220
2008-02-25,33.014522552490234,33.41891397252705,32.22191580801084,33.12775302768609,6270186
2008-02-26,33.143924713134766,33.6130182591669,32.98216816664344,33.32185735306794,7139423
2008-02-27,35.08500671386719,36.81580061478634,33.629197652588985,33.629197652588985,43223132
2008-02-28,36.07171630859375,36.34670329741525,34.93942055644496,35.424690164508725,35763847
2008-02-29,35.554100036621094,36.55699159326838,34.971778171691724,35.84526316304955,16477462
2008-03-03,34.065940856933594,35.19823904735402,33.67772552551271,34.00123866735743,10049153
2008-03-04,33.19245529174805,34.421805650254555,32.35132245253276,34.2924012731334,11485198
2008-03-05,33.807132720947266,33.96888929484722,32.383673554249256,33.35421299764901,8581053
2008-03-07,32.076332092285156,33.321858417646325,30.733751397135748,33.321858417646325,14251925
2008-03-10,31.962528228759766,32.19013475438337,30.125415737196253,32.12510463350286,11713659
2008-03-11,34.59626007080078,34.92141281640699,30.954549761027803,31.70239931185555,19665129
2008-03-12,33.718353271484375,35.76681632407921,33.39320047599578,35.539209808253894,12262350
2008-03-13,29.084918975830078,33.165588538196445,28.288295198133316,32.84043579586445,47000084
2008-03-14,31.084617614746094,31.214677862911188,29.29627707451557,29.897808478633785,35798540
2008-03-17,29.86528778076172,30.499335206405757,29.231240355117684,30.499335206405757,19211273
2008-03-18,30.12540626525879,30.71068157933019,29.328780368423402,29.816509429302414,12632937
2008-03-19,30.304248809814453,33.75086710654191,30.109156251189866,31.53982766415847,16449023
2008-03-24,30.59688377380371,31.44228187495452,29.930320140790577,31.44228187495452,11636914
2008-03-25,31.751176834106445,31.946267178618957,30.824490531150936,31.39350789487506,13232423
2008-03-26,31.556081771850586,32.32019162432822,31.214670939784344,31.539823693164912,11448313
2008-03-27,32.12510299682617,32.43399991416758,31.08461450049683,31.08461450049683,17425122
2008-03-28,32.19012451171875,32.433991246320375,31.34472879910363,32.27141268822499,11599511
2008-03-31,31.962528228759766,32.33645528271905,31.539829135410997,32.19013475438337,9914705
2008-04-01,32.027557373046875,32.482772615497154,31.621116373582456,32.190133772832645,6034588
2008-04-02,32.54780197143555,33.49074639113939,32.190133018257626,32.190133018257626,6087024
2008-04-03,32.28768539428711,32.7754146743176,32.0275626705874,32.629096331325236,3883474
2008-04-04,32.12510299682617,32.499030031735,31.50731357231036,32.499030031735,5906537
2008-04-07,31.99504852294922,32.32020137441921,31.62112142070839,32.173883032274496,4088729
2008-04-08,31.18215560913086,32.011295534616934,30.954549132842143,31.9462632227489,5753811
2008-04-09,31.263458251953125,31.53983688487354,30.905789191604175,31.279716337438835,3776374
2008-04-10,31.881242752075195,32.108849297158024,31.100876824624404,31.214678994623917,7075297
2008-04-11,32.027557373046875,32.35271017261841,31.70240457347534,32.190133772832645,4012660
2008-04-15,32.515289306640625,32.67786570907215,31.279708207144267,31.832467534394755,6362785
2008-04-16,32.07632827758789,33.06804465408178,31.946265848245805,32.84043815908728,4725794
2008-04-17,33.311912536621094,34.07602028892152,32.20639170029784,32.564060660154915,14831167
2008-04-21,33.848419189453125,34.43369476059384,33.49075237742771,33.81590522749657,7639361
2008-04-22,34.40117645263672,34.79136161250374,33.490750293170336,33.815903123003686,8814769
2008-04-23,34.433677673339844,34.840118534235046,33.97846479117033,34.46619382424458,5265604
2008-04-24,33.2143669128418,34.85638901632969,32.92173027087046,34.791358896456465,8801780
2008-04-25,33.49073791503906,33.96220890302563,33.035522798469,33.815890624696415,4095990
2008-04-28,33.62080383300781,34.27110936288611,33.490743609065476,33.52325756250941,4708244
2008-04-29,34.0922737121582,34.417426465757394,33.65331881784924,33.81589519464883,6497143
2008-04-30,34.319881439208984,34.75883855446801,34.141049182331834,34.433685789115636,6331377
2008-05-02,34.6287727355957,35.60423087405384,34.56374042896546,34.84012111689511,5658418
2008-05-05,34.46621322631836,35.27909540570473,34.23860445202295,35.084002800618386,7642293
2008-05-06,34.17356872558594,34.85639052654836,33.97847835751359,34.189826807529556,5061166
2008-05-07,33.68584060668945,34.36866243012981,33.16559740295353,34.141055890677606,4303106
2008-05-08,33.279396057128906,33.62080693280938,33.08430570322829,33.425714373825244,3642073
2008-05-09,33.08430099487305,33.94595489674671,32.580313793458004,32.840436433389954,8621761
2008-05-12,33.08430099487305,33.32816555635615,32.352705105340554,33.08430099487305,4890395
2008-05-13,33.181854248046875,33.425718877089835,32.90547565818181,33.23062849690576,5056766
2008-05-14,33.230621337890625,33.40945580167848,32.515285687822534,32.515285687822534,2982486
2008-05-15,33.24689483642578,33.620819811785694,32.515300767612096,32.515300767612096,2646760
2008-05-16,33.506996154785156,33.60454241559368,33.10055523898555,33.49074028221965,4422288
2008-05-20,33.44197463989258,33.57203708940892,33.100563741902214,33.16559606920221,3464912
2008-05-21,33.65333557128906,34.141064944491255,32.67787682488466,32.67787682488466,3419088
2008-05-22,33.198097229003906,33.36067357440901,32.84043059216236,32.84043059216236,3558000
2008-05-23,32.64535903930664,33.4582412878376,32.51529876157537,33.003028110693954,4417028
2008-05-26,32.401485443115234,32.59657801107832,30.88952355411036,30.88952355411036,2605807
2008-05-27,31.426027297973633,32.807926752485876,31.279708973218476,32.45025777634337,3316550
2008-05-28,32.580326080322266,32.77541648003234,30.987075688061125,31.53983512819906,4505700
2008-05-29,33.11681365966797,33.490740629126705,32.15761352946185,32.921723341113214,11026212
2008-05-30,32.06007766723633,33.32817507205955,31.930017412677767,33.198112612417155,4023430
2008-06-02,30.694427490234375,32.515283769416335,30.23921231789728,31.864976065351456,4431595
2008-06-03,29.556396484375,30.564368808110736,29.280015731448724,30.239216018824987,6240766
2008-06-04,28.645967483520508,29.735227976065165,28.46713301307783,29.426333275346035,5762089
2008-06-05,28.59719467163086,28.808545312740193,27.63799436145574,28.613452752498272,9721099
2008-06-06,28.28829574584961,29.47510460139022,27.881854810065125,28.450872120163403,6317089
2008-06-09,27.898099899291992,28.580921235524873,26.662519588770774,27.963129977723177,6500809
2008-06-10,27.703035354614258,27.9306441659384,27.068987592559104,27.63800521070067,6717902
2008-06-11,27.83308982849121,28.288302909818558,27.637997247874484,27.96315007884652,2586175
2008-06-12,28.028175354003906,28.190751741357563,26.662534141249864,27.47541607801815,3244212
2008-06-13,27.849348068237305,28.255789109246294,27.556709195660574,27.979408319326673,4248430
2008-06-16,28.824804306030273,29.263759272844013,27.995664206381747,28.093210489590444,4354615
2008-06-17,29.686464309692383,29.9140708793809,28.320822686477225,29.231251170315343,4736084
2008-06-18,29.653934478759766,30.304242129117515,29.5889043752489,29.5889043752489,5055019
2008-06-19,29.0198917388916,29.58890909425712,28.548420656891132,29.068665978115813,4221271
2008-06-20,28.35332489013672,29.377557336524866,27.979400123967107,29.26375299634292,3837789
2008-06-23,27.36161994934082,28.223276384366578,27.085241330814252,28.125730081616712,4516050
2008-06-24,26.516216278076172,27.768055363714268,26.239835532909296,27.361612183434513,5238203
2008-06-25,25.784622192382812,26.321123390735224,25.19934675458166,26.012228694560097,3933879
2008-06-26,27.247812271118164,28.418363257846856,25.930942962319282,25.930942962319282,18253250
2008-06-27,26.044748306274414,26.92266275620914,25.89842996631325,26.337387191280612,6821283
2008-06-30,25.524497985839844,26.27234976637697,24.792904284135034,26.028485199142033,4596315
2008-07-01,23.719900131225586,25.524498398990808,22.80947195779524,25.524498398990808,6202295
2008-07-02,24.760400772094727,25.020523551011806,22.97205969903085,23.73616994864644,5245963
2008-07-03,24.11009407043457,24.760399892072208,23.411016194207832,24.549051382073696,4726793
2008-07-04,24.43523597717285,24.90670704452261,23.57358203357099,23.736158415766308,4862814
2008-07-07,24.971738815307617,25.979713333913715,24.760390386446723,24.760390386446723,5528014
2008-07-08,25.703336715698242,26.337384254895177,23.085853946151765,23.085853946151765,8354280
2008-07-09,27.491674423217773,27.60547657241413,26.044742797732585,26.044742797732585,6860769
2008-07-10,28.69474220275879,29.0361530955249,26.72756725404322,27.491677242372916,7216175
2008-07-11,27.3291015625,29.328790522385955,27.117750906563995,28.971123743629438,6040791
2008-07-14,27.345352172851562,28.320812649539523,26.66253270577823,26.66253270577823,5942149
2008-07-15,26.207317352294922,26.955169130014035,26.012227022292052,26.66253253246811,3693378
2008-07-16,25.49198341369629,26.662534291261867,25.05302628333835,26.207319081060415,6973872
2008-07-17,26.7925968170166,26.987689381699056,26.012230968453938,26.012230968453938,5038238
2008-07-18,28.28829574584961,28.515902228872278,26.483697549949866,27.28032134307081,5983177
2008-07-21,29.881542205810547,30.06037663863488,28.304550668745453,28.776021660676548,8754188
2008-07-22,31.100872039794922,31.377250585916514,29.621426416741638,29.881549087566963,12631056
2008-07-23,33.295650482177734,33.945956000612846,31.89749317652558,32.48276858413384,12798869
2008-07-24,32.12510299682617,33.913443357889676,30.125414202397653,30.125414202397653,10764301
2008-07-25,32.19012451171875,33.23061493506492,30.970801864125193,31.783683629187564,10710381
2008-07-28,31.93001365661621,32.824183865501865,31.572344691028523,32.19013413513427,5533881
2008-07-29,30.64566421508789,31.702411028875336,30.401799565752327,31.21468173020421,5145929
2008-07-30,31.93001365661621,32.19013413513427,30.92203908456623,30.92203908456623,7354746
2008-07-31,30.808237075805664,32.48277546346652,30.401796040706,32.48277546346652,6006517
2008-08-01,31.702402114868164,31.832464547660212,29.263756307205238,30.320502823859172,4699412
2008-08-04,31.897485733032227,32.48276100406256,31.06834594949616,31.06834594949616,4301346
2008-08-05,33.32816696166992,33.5720315334358,31.7024009448141,32.02755370716861,9161115
2008-08-06,32.48276901245117,34.51497378435754,32.25516251901432,34.51497378435754,8616591
2008-08-07,32.401485443115234,33.133079265351384,31.39351085044532,31.39351085044532,4809365
2008-08-08,31.848730087280273,32.64535413002567,31.734925707566404,32.02756239099651,4883824
2008-08-11,32.141361236572266,32.61283234762403,31.89749664067478,32.255165596691164,2714705
2008-08-12,31.588607788085938,32.515294306474466,31.344743146939898,32.35271567395985,5801276
2008-08-13,31.718652725219727,32.02754734709917,30.970801079296997,31.21466560263596,2754609
2008-08-14,30.954553604125977,31.86497964078889,30.889521282864237,31.539826854814002,2566362
2008-08-18,30.59688377380371,31.5398259438629,30.304247156911796,30.889520390695626,2963058
2008-08-19,30.02785873413086,30.726936142939373,29.410067293593197,30.548103925627537,2941144
2008-08-20,30.36927604675293,30.613140619358283,30.15792542744498,30.23921361831343,3319410
2008-08-21,30.044130325317383,30.548117667847936,29.686461319628904,30.23922070607888,4138486
2008-08-22,29.735225677490234,31.084610936445234,28.97111802478672,31.084610936445234,4139879
2008-08-25,30.06037712097168,30.46681801796541,29.849026531485144,30.46681801796541,2034227
2008-08-26,30.109163284301758,30.206709586399608,29.556403845859304,29.751494244970978,1489491
2008-08-27,29.507617950439453,30.483076176396146,29.345041579446672,30.271727776138793,4297168
2008-08-28,29.068666458129883,29.914062362725883,28.694739438236386,29.58890958286202,7382078
2008-08-29,30.271739959716797,30.385544347248278,29.458857777589216,29.588918044696012,2219080
2008-09-01,30.255340576171875,30.386386067628226,29.649250179163584,30.20619685053485,3417069
2008-09-02,31.84427833557129,31.97532382501574,30.206196386788733,30.468289587465456,5030404
2008-09-04,31.172677993774414,31.746006133467912,30.910584685556785,31.483912825250282,2813325
2008-09-05,30.484683990478516,30.82868132602157,30.140686654935458,30.795918828621744,3330688
2008-09-08,32.090003967285156,33.384087058626505,31.778766909116385,32.1063829941035,8377948
2008-09-09,32.20466613769531,32.46675943273846,31.46752999514255,32.09000184859361,3737279
2008-09-10,31.92618751525879,32.4667530243841,31.614950539071536,32.04085178172782,3847698
2008-09-11,31.074390411376953,31.778764041830588,30.828678369806347,31.778764041830588,2567354
2008-09-12,31.3856201171875,32.23742261153337,30.87781486947317,31.28733487218018,6093354
2008-09-15,29.403545379638672,30.714009500609073,28.518982542341327,30.238966701114983,6770268
2008-09-16,29.976879119873047,30.238972438149997,27.847374519279686,28.25689463477841,4654621
2008-09-17,29.206989288330078,30.40278740923962,28.830229363182767,30.40278740923962,4674190
2008-09-18,29.14145851135254,29.714786690195726,27.044716346013015,28.830223658624018,6603710
2008-09-19,30.910585403442383,31.074393447159185,29.48545453439069,29.829451870553733,9821730
2008-09-22,30.238969802856445,33.089231335761404,29.99325775497075,31.778764858582406,4162514
2008-09-23,29.87858772277832,30.550201018875363,29.321640924230177,29.87858772277832,6569683
2008-09-24,30.566585540771484,30.894201601125697,29.583737359708852,29.976876187776185,5730103
2008-09-25,29.61650276184082,30.779540334628607,28.912126829859208,30.648492564549116,10926783
2008-09-26,29.14145851135254,29.78031168806606,28.633655330379685,29.78031168806606,4967945
2008-09-29,28.060327529907227,29.976880420524278,27.519759620921203,29.976880420524278,7859964
2008-09-30,28.109447479248047,29.157817771283295,26.53689093030157,26.53689093030157,6616439
2008-10-01,29.043176651000977,29.321649016231895,27.896518024429568,28.469848448609763,3743739
2008-10-03,29.452693939208984,29.813070298403208,28.666414004824865,29.19060062774761,4681406
2008-10-06,28.846603393554688,29.485454314937645,28.256893996205505,29.125077954516147,5560277
2008-10-07,29.796682357788086,30.43553535530361,28.83021557176087,28.83021557176087,9928258
2008-10-08,29.567354202270508,29.813066231663072,27.552514228178413,28.79745784324689,9985473
2008-10-10,29.387170791625977,30.05878425013944,27.20852458564139,29.452695789950333,9025179
2008-10-13,29.976879119873047,30.20620994019457,29.338028184052803,29.53459872820772,6805621
2008-10-14,29.256122589111328,31.09077349669097,29.026791781111047,30.140685546705953,5099383
2008-10-15,29.010414123535156,29.632883853975294,28.699179258315088,29.092318152371437,5495022
2008-10-16,27.89651107788086,28.60088688420872,27.355945510377428,28.60088688420872,6651066
2008-10-17,25.79977035522461,28.666410765208955,25.42301056826785,28.46984247016885,5586092
2008-10-20,26.094627380371094,27.126619398337265,25.275587154265626,25.898059059179065,7922965
2008-10-21,26.307580947875977,27.68356817624839,25.554063444642118,26.356722476043615,8047276
2008-10-22,24.866064071655273,26.242051042831445,24.620352033167084,26.045482745114015,5408099
2008-10-23,23.653888702392578,24.472928954518054,23.293510102741816,24.243598128280695,6641370
2008-10-24,20.59067153930664,23.260741129305273,20.31219704238191,22.933125119647123,9905588
2008-10-27,19.001737594604492,20.31220194984773,17.036041061739642,20.213916678846726,12878172
2008-10-29,21.50800323486328,22.867609192325624,19.656970894342884,21.62266753941939,13094201
2008-10-31,22.883989334106445,23.588365264229108,21.753714262268705,22.63827726536829,8097887
2008-11-03,23.588363647460938,24.210833290217423,22.769321252682868,24.178070794582382,4951148
2008-11-04,24.620351791381836,24.816922308957377,23.146079574930837,23.260743858692802,4515828
2008-11-05,23.71941375732422,25.816158337307957,23.260749838989142,25.816158337307957,6145587
2008-11-06,22.933124542236328,24.489302770719313,22.4580817845503,23.260740543645756,4896229
2008-11-07,24.7186336517334,25.455769658613907,22.6055086545787,22.7693166561077,8250147
2008-11-10,25.27557945251465,25.848907436089046,24.718632712828576,25.48852895769846,3775177
2008-11-11,24.980737686157227,26.029108904311222,24.40740943322107,25.390257866825912,8900004
2008-11-12,23.932357788085938,25.521296549022214,23.63750422628616,25.521296549022214,5705390
2008-11-14,23.85045623779297,24.898829503129843,23.555602645534975,23.719410690520263,4038880
2008-11-17,24.833303451538086,25.652345863419242,22.605513690128895,25.652345863419242,5361538
2008-11-18,23.490074157714844,24.767775709071504,23.031410410257077,24.767775709071504,6392448
2008-11-19,22.916751861572266,24.325501501847448,22.62189604563254,23.588365294681356,5606729
2008-11-20,22.671039581298828,23.096938719595784,21.70457034125426,22.933130675085017,5080395
2008-11-21,24.112548828125,24.866066256727496,21.950281810707175,22.5236099508934,8350092
2008-11-24,24.7186336517334,25.111772411045358,23.490073640265884,24.833297919730768,5420119
2008-11-25,24.112548828125,25.275586356860515,23.915980513134393,24.980732773480238,5453771
2008-11-26,24.65312385559082,25.02988156845322,23.670275329734768,24.374649217882517,5246053
2008-11-27,24.65312385559082,24.65312385559082,24.65312385559082,24.65312385559082,0
2008-11-28,24.25996971130371,24.73501468919188,23.29350295473035,23.915974688402894,8464961
2008-12-01,24.06340217590332,25.68510098242022,23.965116928462358,24.73501544133023,5733003
2008-12-02,23.85045623779297,24.112549554127188,23.096938786502893,23.883218735505547,5879324
2008-12-03,24.57122230529785,24.882457259045697,23.342661523301402,24.079797992499273,6430656
2008-12-04,25.750627517700195,25.881675274108755,21.78647232308868,21.78647232308868,4648185
2008-12-05,25.43938446044922,26.667944280980485,24.587582096165725,24.587582096165725,5338962
2008-12-08,25.504915237426758,26.340336622800425,24.407402785243644,26.12738707557061,11709287
2008-12-10,25.095396041870117,26.700716101796164,24.735019701568174,26.700716101796164,11172070
2008-12-11,24.816932678222656,25.537687840838753,24.423791478805285,25.537687840838753,9867592
2008-12-12,24.047027587890625,24.32550216243116,23.52284093762217,24.21083563837591,9847702
2008-12-15,24.440166473388672,24.980734373255668,24.24359814580976,24.86606784915964,5741641
2008-12-16,25.373865127563477,25.685099879606472,23.26074017457077,24.571206381203698,9183505
2008-12-17,25.341108322143555,26.045484205031613,24.6694949349391,26.045484205031613,8720755
2008-12-18,26.094627380371094,26.373101945962475,24.767781769722475,24.767781769722475,12640018
2008-12-19,27.355958938598633,27.68357513348762,26.061875413145053,26.86453464626516,10050607
2008-12-22,27.37232780456543,27.60165859283956,26.422239936303306,26.422239936303306,6524631
2008-12-23,26.81537437438965,27.634414357349275,26.618806111552228,27.192134099623967,5151765
2008-12-24,26.35671615600586,27.175756240996485,22.11408673832369,22.11408673832369,13318746
2008-12-26,26.40585708618164,27.79822519975522,25.717864763135957,27.79822519975522,5480531
2008-12-29,26.96280860900879,27.175758157408005,25.881675176222863,26.700715318971508,3418418
2008-12-30,26.91366958618164,27.35595222952737,25.914439992474275,26.897288336096807,4868199
2008-12-31,27.241287231445312,27.65080739763283,26.635198718561245,27.65080739763283,4396180
2009-01-02,27.634422302246094,28.09308615764224,27.1102378955218,28.09308615764224,3976548
2009-01-05,27.011953353881836,28.093086915746955,26.667956008498997,28.093086915746955,4505326
2009-01-06,26.81537437438965,28.043936570617234,26.37309411666434,28.043936570617234,3969700
2009-01-07,25.406633377075195,27.749089819076286,23.801315379952126,27.749089819076286,12109220
2009-01-09,25.27557945251465,27.519749876935393,24.014256999935725,27.519749876935393,5272587
2009-01-12,24.603967666625977,25.881671437833464,23.621119637291724,25.881671437833464,6595708
2009-01-13,24.243593215942383,24.88244403879585,23.88321468931303,24.57120925040964,4104761
2009-01-14,24.29274559020996,24.70226581633197,23.621131975011984,24.70226581633197,2777281
2009-01-15,23.932357788085938,24.29273633854218,23.424554678518383,24.079786790774403,3693599
2009-01-16,24.685882568359375,25.046261226944633,23.75217786131632,24.76778660696609,2131503
2009-01-19,25.635963439941406,25.848912990886976,24.587590267256314,25.357488899361567,2587926
2009-01-20,28.502599716186523,29.15783174034334,24.571207571245598,25.668719878635308,19101726
2009-01-21,26.602426528930664,29.125071611423003,26.242048025206536,29.125071611423003,11311625
2009-01-22,27.863752365112305,28.24050993664024,26.274813622327088,27.454232299630398,10535551
2009-01-23,28.25689697265625,28.600894342494094,26.99557402384716,28.32241975219941,7005930
2009-01-27,29.174224853515625,29.567363783582813,27.192146729764968,28.174995165827525,8487928
2009-01-28,29.829450607299805,29.97687739604376,28.830221138586147,29.780309084981386,6636133
2009-01-29,29.632883071899414,30.435544310742173,28.518989197839662,30.435544310742173,13844487
2009-01-30,28.912126541137695,29.141457359250644,28.174990340338997,29.12507833221949,4578388
2009-02-02,27.38871192932129,29.157840243542378,26.995573044535135,28.83022413592243,6678800
2009-02-03,27.83098602294922,28.502599281832843,25.095391475067157,25.095391475067157,6591337
2009-02-04,28.259422302246094,29.528213284270795,27.056542046637695,28.836145069540276,7225484
2009-02-05,28.094633102416992,28.836133505872407,27.814509833801136,28.012244168699727,3622655
2009-02-06,28.473628997802734,28.819660797806517,28.177027438586688,28.325327100723065,2228530
2009-02-09,28.4901065826416,29.594119461443494,27.74860599581916,29.594119461443494,3190528
2009-02-10,28.440671920776367,29.050351028224956,27.913381761094172,28.902049134290856,3258153
2009-02-11,28.50657844543457,28.67135631676755,27.51791121743668,28.341800574101587,1899711
2009-02-12,29.890710830688477,30.220266559165307,28.177021489597518,28.49009898466194,8517373
2009-02-13,30.912338256835938,31.22541579012202,30.319137426168933,30.48391531052404,9331167
2009-02-16,29.4787654876709,31.439623814669222,29.050344838523042,31.439623814669222,3238379
2009-02-17,28.177024841308594,29.445815440846594,28.028725192842057,29.445815440846594,2684742
2009-02-18,28.951478958129883,29.297512927341455,27.369610980979033,28.177022085844122,4576718
2009-02-19,29.050355911254883,29.660032886239897,28.62193286386803,29.000921193319698,5072418
2009-02-20,28.440671920776367,28.902049134290856,28.09463789316888,28.67136052753361,3336292
2009-02-24,30.253231048583984,30.549832623832042,27.023583606080077,28.539541253054384,9913081
2009-02-25,30.17083740234375,31.620884107616682,29.85775987294788,30.582782108112813,7821109
2009-02-26,30.615741729736328,30.780519629004036,29.511728910665354,30.302661933173045,9451371
2009-02-27,31.93396759033203,33.120369458100214,30.022543352235946,30.154364788679754,35406885
2009-03-02,30.450965881347656,31.159510001942085,30.022542867408568,30.319142212089158,9682882
2009-03-03,29.363426208496094,30.813470677960332,29.16569185586776,30.615738560275062,6218930
2009-03-04,30.17083740234375,30.467438931463313,29.495247637893883,29.923670578882316,6597422
2009-03-05,30.220272064208984,30.599262561961435,29.758894854272263,30.599262561961435,6109769
2009-03-06,30.500381469726562,30.615726837082907,29.6600141452592,29.758881283715752,3962742
2009-03-09,29.973100662231445,30.648690372870405,29.692979625586045,30.648690372870405,2964226
2009-03-12,30.8464298248291,31.1265531428675,30.02254034229646,30.961775246360972,6091612
2009-03-13,31.274845123291016,31.47257720958038,30.516866538491687,31.307799353534556,6329765
2009-03-16,31.604400634765625,31.83508918477688,30.56629880730093,31.472577009800126,8232474
2009-03-17,31.73621940612793,32.23055293033839,31.340753033748058,31.818608326829672,4981205
2009-03-18,31.50554656982422,32.41182514901139,28.341809544866095,28.341809544866095,4007849
2009-03-19,31.703266143798828,31.884519986905673,30.3191304459251,30.3191304459251,3286397
2009-03-20,31.835086822509766,32.08225358666896,31.324275062925572,31.620876520882135,3154546
2009-03-23,32.36238479614258,32.62602762165743,31.571449614768774,31.62088432076012,7034396
2009-03-24,32.42829895019531,33.00502160347477,31.96691948660575,32.790808991290696,7551877
2009-03-25,31.9833927154541,32.62602598149066,31.522015559054253,32.148170590588755,5666796
2009-03-26,31.71976089477539,32.9391194671751,31.077127360773105,32.9391194671751,9588411
2009-03-27,31.159515380859375,32.131704772851734,30.879394225848063,32.131704772851734,6291705
2009-03-30,31.159515380859375,31.868061858710224,28.836145996644532,31.868061858710224,4842258
2009-03-31,31.50554656982422,32.23056898618523,29.676511172112292,32.23056898618523,7683950
2009-04-01,30.302661895751953,32.92263227882774,30.15436223358281,32.92263227882774,7321541
2009-04-02,30.8464298248291,31.307807041070074,30.53335226845535,30.945297009721667,9185217
2009-04-06,30.483917236328125,31.423152130465102,30.269706867111108,30.978250920622695,6958026
2009-04-08,32.09873962402344,32.52716256640935,29.49524773410478,30.15435926548524,16888845
2009-04-09,31.620891571044922,33.25219254393513,31.3902006934102,32.79081302360928,7959989
2009-04-13,31.192455291748047,32.13168770303783,30.73107596721842,31.802132000492083,6786405
2009-04-15,31.9998779296875,32.21408832010839,30.97825398704145,30.97825398704145,9517190
2009-04-16,31.17597770690918,32.560111239350206,30.89585445995231,32.42828984957209,16019178
2009-04-17,32.13169860839844,33.48287834139764,31.011209733430853,31.901009985310218,24728264
2009-04-20,33.58174514770508,34.2408567689398,31.489064856307497,33.25218933708772,20235831
2009-04-21,32.95558547973633,33.69708595188552,32.658983949910805,33.41696265731859,8757532
2009-04-22,31.85157585144043,33.746521685713134,31.390196394303715,33.746521685713134,10270548
2009-04-23,32.97206497192383,33.23571005915321,31.324285970419318,32.115221232107466,7645123
2009-04-24,32.97206497192383,33.48287690937889,32.329431608325734,33.41696619630737,4953362
2009-04-27,31.884536743164062,32.95559554270297,31.653848083932317,32.95559554270297,6298942
2009-04-28,30.319137573242188,32.59307372933902,30.15435968808777,32.247039723526115,8020828
2009-04-29,30.51688003540039,31.143035271331385,30.05550049344898,30.945303097589665,10317407
2009-04-30,30.51688003540039,30.51688003540039,30.51688003540039,30.51688003540039,0
2009-05-04,30.99472999572754,31.60440911683119,30.829952096504204,31.25837508147353,6346688
2009-05-05,31.620891571044922,31.96692341760982,30.813477969210577,31.307811732810254,10754066
2009-05-06,31.752700805664062,32.494201165969535,31.390188624426518,31.95043512905595,8162872
2009-05-07,31.9998779296875,32.26352303439714,31.472587720268226,31.966921453494997,6552316
2009-05-08,32.0822639465332,33.28514392816891,31.505541310595653,31.966918525368396,16052278
2009-05-11,32.0822639465332,32.939109899617726,31.8680535757337,31.999874998542126,8177989
2009-05-12,33.35105514526367,33.49935480690758,31.686797923620666,32.39534199311006,9045014
2009-05-13,32.69194793701172,33.76300442081953,32.3788680999438,33.61470473928101,8210662
2009-05-14,32.74137496948242,33.44992125103166,31.884529031078802,32.922631098945864,7465672
2009-05-15,33.26866912841797,33.58174671613805,32.724900674536634,32.79081139274978,5990389
2009-05-18,38.574520111083984,39.54671167460347,35.62499788071043,37.569376537862034,170650
2009-05-19,38.90407943725586,40.83198226151548,35.262488690233745,37.569379888861846,19037417
2009-05-20,39.151222229003906,42.842247660598524,36.910245376176114,40.535357883323144,10704619
2009-05-21,38.70634841918945,40.8649376221161,38.40974455445589,39.51375763460956,11495294
2009-05-22,39.118289947509766,40.46946982043498,38.393265292802404,39.18419843528218,8524108
2009-05-25,38.42621612548828,39.54670495185322,37.96483889932467,39.53022894980283,5914983
2009-05-26,35.5096435546875,38.77224482022448,34.73518659254273,38.72281234814849,11328948
2009-05-27,36.152278900146484,37.569369253713596,35.50964555229142,36.2511460848034,9833643
2009-05-28,36.910255432128906,37.536410505432706,35.31190904272373,36.910255432128906,18047010
2009-05-29,37.882450103759766,38.228481907321715,37.09151483932726,37.56937030443295,12795881
2009-06-01,39.57966232299805,39.810348706365545,37.66823595715566,38.8546377583877,13519274
2009-06-02,39.23363494873047,40.7660733776909,38.29440425986792,39.876270707319534,10664555
2009-06-03,41.3922119140625,41.68881119422769,38.887587327327495,39.87625457446874,19445390
2009-06-04,41.35927200317383,41.82064934257284,40.10696144339254,41.68882788415708,11373782
2009-06-05,41.210960388183594,42.34792510524713,40.48593591101477,41.82063498275036,13240784
2009-06-08,39.85978698730469,41.935986856525055,39.10180592259435,41.194486264676804,8283946
2009-06-09,39.892738342285156,40.35411553512172,38.34382440574139,39.77739292660445,6301719
2009-06-10,40.304683685302734,41.42517244804038,39.744437068990734,41.42517244804038,5514227
2009-06-11,40.40354919433594,41.35926007968735,39.94217198794764,41.17800618535544,8425194
2009-06-12,39.958641052246094,40.93083224005025,38.920541400620785,40.53536357758078,8819990
2009-06-15,40.1893310546875,40.76605356860455,39.05236202501111,40.76605356860455,6088490
2009-06-16,40.485931396484375,40.782530660476,38.96997413955579,40.46945539788482,5235173
2009-06-17,39.23363494873047,41.45814162465888,38.59100366002913,41.45814162465888,8548532
2009-06-18,36.069889068603516,39.381925146354924,35.493166446331394,39.21714725427717,15756310
2009-06-19,35.608497619628906,37.22331942200616,34.33970746423084,37.22331942200616,11260656
2009-06-22,35.04826736450195,36.05341301398585,34.60336836993727,35.59203578222767,11032509
2009-06-23,35.3778190612793,35.88862867810066,34.02663961273412,34.273806421496566,9061729
2009-06-24,35.4437370300293,36.514793420923,35.015314026683136,36.514793420923,12156270
2009-06-25,35.278953552246094,36.399442244094665,34.78461767649757,35.92158683830463,22858397
2009-06-26,36.5312614440918,36.74547176839817,34.94939130406711,36.218181721723276,16833106
2009-06-29,36.7289924621582,37.585835969289285,36.41591498388064,37.585835969289285,16727201
2009-06-30,36.053409576416016,37.388110902737495,35.526121681102246,36.91025547934769,10678356
2009-07-01,35.262481689453125,36.35001634274034,34.6033700492722,36.10284947767249,9694486
2009-07-02,36.28409957885742,36.531266402734175,35.180086871564015,36.531266402734175,11593296
2009-07-03,37.22333526611328,37.48698034717598,35.34486769532438,36.06988999203935,14320723
2009-07-06,34.15846633911133,38.72281501275502,33.779478067267966,37.833012574612724,16536927
2009-07-07,34.4550666809082,35.88863533147607,33.9442569693881,35.88863533147607,6256398
2009-07-08,33.58174514770508,34.2408567689398,32.5271670007182,34.2408567689398,9995092
2009-07-09,33.91129684448242,34.33971979330091,33.02149671074747,33.77947543020432,5766023
2009-07-10,33.82889938354492,35.06473321224993,33.31808762069168,34.109022612028404,4813799
2009-07-13,33.97722244262695,34.70224500879427,32.70843127562608,34.10904614962179,6649724
2009-07-14,35.592044830322266,35.888644235432594,34.15847582408658,34.52098819472712,6681312
2009-07-15,36.5971794128418,36.81138977971055,35.65794452900113,36.08636749768184,5318107
2009-07-16,36.5312614440918,37.701182463685804,35.59202674687175,37.701182463685804,6733724
2009-07-17,36.8114013671875,37.17391373978494,36.28411328470675,37.17391373978494,4714999
2009-07-20,36.89378356933594,37.56937346614088,36.51479525975788,36.9267400462312,3204852
2009-07-21,36.317054748535156,37.1409441826493,35.756810380326165,37.1409441826493,3387311
2009-07-22,35.87216567993164,37.140954417126075,35.46022084935999,36.41593196230872,4155805
2009-07-23,37.437557220458984,37.80006957680778,35.95455578348558,37.04208838264436,7225701
2009-07-24,37.256290435791016,38.37678143236683,36.95968889186954,38.37678143236683,3938895
2009-07-27,37.78357696533203,38.19552167662223,37.07503295589013,38.19552167662223,5271010
2009-07-28,38.327354431152344,38.55804532568974,37.60233420668303,38.459180353680864,5714377
2009-07-29,38.689857482910156,38.88759184930881,37.173902201978926,38.854635376594636,8829709
2009-07-30,39.23363494873047,39.76092525451025,38.78873808343251,38.92055954240553,17110331
2009-07-31,38.689857482910156,39.9586481582579,38.4921231165115,39.51374695133253,5752956
2009-08-03,38.656898498535156,39.29953403010512,38.49212061555682,39.085323676210514,3665243
2009-08-04,38.195526123046875,39.49727335021761,38.06370469406563,39.49727335021761,3621563
2009-08-05,37.849483489990234,38.3932495227245,37.239804526670106,38.3932495227245,4774621
2009-08-06,37.091514587402344,38.16256869987869,36.81139126409988,37.701191474967544,7103528
2009-08-07,37.17389678955078,37.73414109951916,36.63012847859741,36.910251751053046,3574790
2009-08-10,36.465354919433594,37.83301050557923,36.16875561290228,37.53641119904791,2330557
2009-08-11,36.696048736572266,37.10799349300268,36.00398065179183,37.10799349300268,2647345
2009-08-12,36.21819305419922,36.696050786304895,34.60337041277011,34.60337041277011,3169220
2009-08-13,36.82787322998047,37.206861543463795,36.44888491649714,37.206861543463795,3372052
2009-08-14,36.87730026245117,37.569368302585524,36.58070095093256,36.58070095093256,5692114
2009-08-17,35.08123016357422,36.712531240966875,34.8999739916542,36.251153926028415,7525848
2009-08-18,35.839195251464844,35.92158418551471,34.603361240716794,35.16360554526734,3831268
2009-08-19,34.96586990356445,36.234660334519155,34.85052674116853,36.16874963672966,2016070
2009-08-20,35.31190872192383,35.575553784319844,35.09769836588255,35.39429766423864,1291386
2009-08-21,35.7265625,35.85925300094956,34.847495523743284,35.49435693538794,2476248
2009-08-24,36.04169845581055,36.27390626794732,35.72656217459029,36.12462917453376,3720905
2009-08-25,36.47294616699219,36.788082513220964,36.074879084932675,36.456359569898005,5644025
2009-08-26,36.30707550048828,36.953934626221596,35.99193923406842,36.489523523038606,4450635
2009-08-27,35.842674255371094,36.63880843683399,35.627052987729726,36.307085486284414,7528977
2009-08-28,35.693397521972656,36.2739126552554,35.29532820229525,36.09146459200995,4498782
2009-08-31,35.693397521972656,35.89242993217124,35.22898406556239,35.46118966894747,5347897
2009-09-01,35.34507751464844,35.991938883724856,35.06311443676038,35.79290427021832,4467549
2009-09-02,35.792903900146484,35.89242120587082,34.996769953630995,35.16263137995835,3513954
2009-09-03,35.27873611450195,36.15780310071436,34.99677301486534,36.15780310071436,5440841
2009-09-04,35.54411315917969,35.62704387560637,34.74797918133938,35.36166513311305,3523284
2009-09-07,35.49435806274414,36.207561373056414,35.36166755758012,36.124630650943836,4931172
2009-09-08,35.842674255371094,36.25732794355807,35.676812780096306,35.709983725367124,4162308
2009-09-09,34.98018264770508,35.82607635465187,34.830907816982595,35.82607635465187,8053306
2009-09-10,35.62704086303711,36.04169441010804,35.21238731596617,35.42800851022674,7355612
2009-09-11,35.892425537109375,36.09146017257609,35.37825460352021,35.892425537109375,4466196
2009-09-14,35.82608413696289,35.95877240428615,35.49436121901471,35.6602226779888,2292939
2009-09-15,35.5938720703125,36.07486976392277,35.428010641506226,36.02511223513673,6351632
2009-09-16,35.759735107421875,36.10804457350828,35.39483904778094,35.859252419109374,7262510
2009-09-17,35.842674255371094,36.0417066759167,35.51095130482152,35.97536253573483,4533815
2009-09-18,35.77632522583008,35.90901348806002,35.52753304691899,35.52753304691899,3807983
2009-09-22,35.82608413696289,36.09146292124943,35.726566811650436,35.82608413696289,3732519
2009-09-23,36.52269744873047,37.086625871059915,35.925595839941785,36.02511314967985,10885467
2009-09-24,36.953941345214844,37.60080283820062,36.4563569657735,36.82125307721983,10152395
2009-09-25,36.92076110839844,37.38517217910759,36.65538238957629,36.8212438076352,5754133
2009-09-29,36.80466842651367,37.584218228695285,36.65539355471979,37.48470089761931,3351144
2009-09-30,36.47294616699219,37.2856669282054,36.35684448661326,36.88759984614589,5591598
2009-10-01,36.3900146484375,36.8212549154097,36.27391297055584,36.52270517269671,4613924
2009-10-05,36.124629974365234,36.340251197603465,35.875837812687124,36.124629974365234,3847231
2009-10-06,36.32365798950195,36.456346218380254,35.57728164037295,36.373415512921476,2883224
2009-10-07,36.09145736694336,36.62221260419568,35.90900934022175,36.48952435729252,3492297
2009-10-08,35.792903900146484,36.290488179128566,35.69338884406173,36.157799937922505,6173266
2009-10-09,35.77632522583008,36.09146153585614,35.51094645173027,35.99194421436372,4193022
2009-10-12,35.92559814453125,36.07487299389433,35.70997691799364,35.82608082840926,1800379
2009-10-13,35.92559814453125,35.92559814453125,35.92559814453125,35.92559814453125,0
2009-10-14,36.87100601196289,37.152971358298956,35.94218375268119,36.257320037054605,6809859
2009-10-15,37.302249908447266,37.816420870671514,36.87100967401274,36.87100967401274,7572106
2009-10-16,37.15298080444336,37.65056524827214,37.003705921222796,37.48470376699588,3312168
2009-10-20,37.103214263916016,37.71690024606042,36.854422102323475,36.98711035531692,3209019
2009-10-21,36.953941345214844,37.38518159065869,36.72173575140356,37.086631862849885,1976113
2009-10-22,36.19097900390625,36.95393988927797,33.50402256092953,36.65539017323164,2682882
2009-10-23,36.58905029296875,36.655394432060625,36.157810014411304,36.489532959510846,1979627
2009-10-26,36.47294616699219,36.821255707409335,36.058292487838486,36.3236712924249,1820035
2009-10-27,36.19097900390625,36.57245944659211,36.0085309553713,36.12463262288268,4096925
2009-10-28,35.693397521972656,36.15780872874281,35.22898406556239,36.15780872874281,1873167
2009-10-29,35.096282958984375,36.141211233573664,34.830906492078626,35.19580025889375,4457277
2009-10-30,34.615291595458984,35.79290831765074,34.20063797846469,35.79290831765074,2912146
2009-11-03,33.96843719482422,35.04653675109754,33.73623158647799,34.333333329111255,3200653
2009-11-04,34.64845275878906,34.79772755916831,33.27180187839608,34.383074086093146,2690289
2009-11-05,35.34507751464844,35.494354599598125,33.98501515448581,34.582116745365795,2975233
2009-11-06,35.39484405517578,35.9421882220713,35.228982595445025,35.7929111086016,2665782
2009-11-09,35.61045837402344,35.743146616135405,34.84749310814106,35.70997343078762,1222652
2009-11-10,34.89726257324219,35.8260872747758,34.665056960268835,35.8260872747758,2700520
2009-11-11,36.00852966308594,36.14121792109125,34.83091293713931,35.112876047810566,3211200
2009-11-12,35.27873611450195,36.52269917040853,35.01335735923708,36.52269917040853,7034805
2009-11-13,34.74798583984375,35.57729316302474,34.53236458603264,35.32850096607044,5050823
2009-11-16,34.8143310546875,35.444605989621714,34.53236565621165,35.16264059114586,6037955
2009-11-17,34.7977294921875,34.96359089063119,34.41624917562269,34.96359089063119,4578478
2009-11-18,34.64845275878906,35.0962771599268,34.51576229762157,34.83090073686995,3519599
2009-11-19,34.698219299316406,34.99677122735534,34.53235786695244,34.764563422334064,3934390
2009-11-20,35.42800521850586,35.560693441384316,34.731386424295806,34.86407464717426,4677765
2009-11-23,35.22897720336914,35.56070007205783,34.96359845849025,35.49435594824802,2821321
2009-11-24,34.449424743652344,35.328491623541254,34.3499074412597,35.328491623541254,5439086
2009-11-25,34.731388092041016,34.781145615599904,34.43283620176962,34.49918256603395,1865683
2009-11-26,34.200645446777344,34.73140309228625,34.03478396376085,34.46602426953179,5780245
2009-11-27,33.885498046875,34.333324805076735,33.30498304531551,34.13429019040049,7226035
2009-11-30,33.10595703125,34.41626446060128,31.530273046240914,34.167472252441954,34539390
2009-12-01,34.00160217285156,34.30015184720902,33.17229502225905,33.83574074273306,9492411
2009-12-02,34.18404006958008,34.399661228834454,33.76938658982832,34.034765266797265,4964876
2009-12-03,34.200645446777344,34.432851073072364,34.1177147052691,34.23381864323678,3578736
2009-12-04,34.416259765625,34.631878750092824,33.9186754171855,34.001606141925414,3567645
2009-12-07,34.33333969116211,34.5655453425366,34.30016649111979,34.482614592071386,4545289
2009-12-08,34.731388092041016,34.9138360944892,34.23380385789472,34.43283620176962,4206166
2009-12-09,34.49919128417969,34.963602453553214,34.43284490314924,34.698223678351226,3096689
2009-12-10,34.99676513671875,35.228970651688655,34.49918092622356,34.49918092622356,3347394
2009-12-11,34.880680084228516,35.4114377618007,34.74799178965571,35.16264552224633,2530102
2009-12-14,34.8143310546875,35.079709856257686,34.68164052908233,34.83091765159317,1458861
2009-12-15,34.8143310546875,34.996779121369514,34.56553885002298,34.88067519267001,2359025
2009-12-16,34.681636810302734,34.89725804767584,34.34991390631943,34.6650524648155,3602393
2009-12-17,34.71480178833008,35.12945532021766,34.61528449074918,35.12945532021766,1264927
2009-12-18,34.681636810302734,34.913844642802985,34.36650050144657,34.681636810302734,1671508
2009-12-21,34.681636810302734,34.79774072655286,34.43284463231525,34.51577535831108,1309866
2009-12-22,35.32850646972656,35.6270562527253,34.51578336668695,34.714818055113064,3246132
2009-12-23,36.34025192260742,36.63880162272145,35.428013978254796,35.494358106097934,9531688
2009-12-24,36.09145736694336,36.904177940914494,35.84266521677017,36.32366292384373,3529789
2009-12-29,36.3900146484375,36.9373588429315,36.224153180343585,36.40660124517492,3582130
2009-12-30,36.10803985595703,36.65538162426798,36.00852255727156,36.32365879507603,1887030
2009-12-31,36.53929138183594,37.45152950284012,36.24074162390885,36.39001650287239,8785123
2010-01-04,37.2856559753418,37.53444810974998,36.522695229534996,36.55586616433904,4353415
2010-01-05,37.401763916015625,37.949105771049325,37.23590247513998,37.48469463645344,4374738
2010-01-06,37.66716003417969,37.94912326385655,37.48471191518831,37.68374663584087,5549959
2010-01-07,37.998863220214844,38.231071036643876,37.3851772401032,37.78324424740476,4535147
2010-01-08,38.098384857177734,38.4135189117311,37.83300383834988,38.18131558194648,3809958
2010-01-11,38.28162384033203,38.73140874067079,38.181673648680096,38.64811540797666,3041300
2010-01-12,37.73188781738281,38.48152779313403,37.58196027412781,38.04840428139207,2569224
2010-01-13,38.29829788208008,38.48154146701805,37.24880018741815,37.731901224892525,3322262
2010-01-14,39.09790802001953,39.48105652219451,38.33160649671616,38.48153633271887,6747297
2010-01-15,39.53102493286133,40.463912996415715,39.09790139835751,39.431074738422794,11273753
2010-01-18,39.18118667602539,39.9808016239561,39.014600040250166,39.56433503451805,4085821
2010-01-19,38.731407165527344,39.614315552388064,38.53150227140076,39.14787381206092,4992784
2010-01-20,38.94797897338867,39.29781375816741,38.614805570144256,38.7314171650705,3697700
2010-01-21,37.86515426635742,39.131215537363786,37.6652516389428,38.81469908987415,3555527
2010-01-22,38.08172607421875,38.29829239496789,36.56578894269498,36.649082290997455,4943166
2010-01-25,38.41490173339844,38.98129834284652,37.332090401071376,38.0817283205357,2912852
2010-01-27,37.74855422973633,39.114563760491045,37.38206260031524,38.4148987441332,8252922
2010-01-28,37.94845962524414,39.297814650392134,36.08268988040068,38.614806446861834,11600411
2010-01-29,37.548648834228516,37.88182221708759,36.998913656301696,37.61528305890501,3996285
2010-02-01,37.63194274902344,37.865163668656294,37.31542848241623,37.39872182939058,2078776
2010-02-02,37.88182830810547,38.48154094557489,37.48202063628484,37.78187582528106,3466800
2010-02-03,37.63194274902344,38.065068605185395,37.48201517636493,37.981775258211044,2006355
2010-02-04,37.3154296875,38.06506983447843,37.21547721600753,37.48201638682854,2254939
2010-02-05,35.78282165527344,36.98224647597426,35.64955323496273,36.84897805566355,4391981
2010-02-08,36.149322509765625,36.29925008609458,35.582928188369166,36.149322509765625,1831316
2010-02-09,36.01605224609375,36.31590738369032,35.83280643557292,36.01605224609375,1113258
2010-02-10,35.74951934814453,36.199302133266926,35.66622598873553,36.14932702141232,1023345
2010-02-11,35.666221618652344,36.06602924293281,35.63290337518034,35.81614919532293,640478
2010-02-15,34.949893951416016,36.14931896333132,34.91657571128863,35.749511379185044,1575236
2010-02-16,35.5662727355957,35.816152808413186,34.91658273868871,34.98321923235492,1192982
2010-02-17,35.682884216308594,35.89944604154207,35.54961348891521,35.81615268422505,989784
2010-02-18,36.03271484375,36.46584075771218,35.38302710254521,35.732859658417624,1713670
2010-02-19,35.69953155517578,36.03270489554966,35.482969787723285,36.03270489554966,1267093
2010-02-22,35.64955520629883,36.0993401038027,35.56626187412969,35.782823633978964,835164
2010-02-23,35.51628875732422,35.716193682175444,35.33304295279001,35.64955946038387,801182
2010-02-24,35.39968490600586,35.61624672517289,35.19977995025409,35.38302578311374,906081
2010-02-25,35.46631622314453,35.64956204094333,35.016531239409005,35.64956204094333,1650113
2010-02-26,35.83280563354492,36.28258832987252,35.316386455263725,35.649559827125586,1548385
2010-03-02,35.83280563354492,36.482493256780245,35.649559827125586,35.84946475403332,780476
2010-03-03,36.21595764160156,36.31591011480948,35.49963346650871,35.49963346650871,1578097
2010-03-04,36.24927520751953,36.48249613432274,36.08268850844914,36.315909435252344,1157814
2010-03-05,36.0660285949707,36.53247043833837,35.98273524726386,36.31590863809124,766252
2010-03-08,36.66574478149414,36.882306603188155,36.149325522673536,36.3159122345849,1998979
2010-03-09,36.24927520751953,36.782351288858756,36.14932273618195,36.64908283339313,1368556
2010-03-10,36.34922409057617,36.549126754040856,36.03270758600657,36.28258760994479,1572349
2010-03-11,35.58293151855469,36.71572026736463,35.34970831190831,36.31591260657741,4256779
2010-03-12,35.41633224487305,35.78282381203142,35.16645224712224,35.333038912289446,7813231
2010-03-15,34.86660385131836,35.482975534629574,34.71667627576276,35.482975534629574,2420100
2010-03-16,34.966548919677734,35.06650136871543,34.50010491066056,34.66669157256465,1690093
2010-03-17,35.4329948425293,35.5995837835305,35.01652813871748,35.01652813871748,2067076
2010-03-18,35.349700927734375,35.61624006574099,34.033666616954996,35.16645512913755,2257266
2010-03-19,36.04937744140625,36.39921003099265,35.18312552999966,35.31639627147299,3363560
2010-03-22,35.83280563354492,36.34922481182611,35.53294824318332,35.649559827125586,2178427
2010-03-23,35.96607208251953,36.28258631632767,35.582923629932274,35.89943786374041,1381649
2010-03-25,35.46631622314453,36.132663008248024,35.31638864839158,36.132663008248024,3128139
2010-03-26,35.5662727355957,35.816152808413186,35.26641529252857,35.499636241929494,2059990
2010-03-29,35.5662727355957,35.86612791918591,35.349708650134396,35.799493684996634,1977720
2010-03-30,35.54960632324219,35.81614546482619,35.4829721027153,35.566265443243026,1369034
2010-03-31,35.69953155517578,35.84946136592508,35.083159971693576,35.64955645791023,1719363
2010-04-01,35.53295135498047,35.849467893549395,35.48297624861524,35.81614964965475,928358
2010-04-05,35.83280563354492,36.066026541952915,35.56626648416012,35.982733198987454,1444077
2010-04-06,35.71619415283203,35.9827333029872,35.61624168908928,35.9827333029872,2818200
2010-04-07,36.832332611083984,36.98226020445839,35.68288471591091,35.68288471591091,3932498
2010-04-08,37.032230377197266,37.61528380882473,36.03271020869305,37.31542866206413,4525961
2010-04-09,36.53246307373047,37.13217550821859,36.41585376613424,37.04888217730291,2218499
2010-04-12,36.13265609741211,36.81566187340487,36.01604678800803,36.349220116836086,854787
2010-04-13,35.899444580078125,36.382545580954435,35.782832980790786,35.81615122615197,1196945
2010-04-15,35.86612319946289,36.282589932688005,35.749513869845835,36.14932148184662,1834504
2010-04-16,35.94941711425781,36.049369583706834,35.68288020836266,35.74951443483645,3410045
2010-04-19,35.83280563354492,35.94941495801065,35.482973141194655,35.78282827207972,1997149
2010-04-20,35.96607208251953,36.265929456240194,35.49962803211287,35.816144525397405,2663183
2010-04-21,36.66574478149414,37.04889331509952,35.94942056458914,35.98273881076217,4408329
2010-04-22,36.19929122924805,37.198811241078694,35.84946103268836,36.54912368528403,3257926
2010-04-23,36.53246307373047,36.6490746408029,36.11599641915208,36.31590131714019,1225052
2010-04-26,36.78235626220703,37.0988728408184,36.54913530386998,36.64908778872215,1204934
2010-04-27,37.71522521972656,38.19832604096644,36.682389370778544,36.73236446076074,11718037
2010-04-28,38.28162384033203,40.14739539647082,36.01604699863298,37.482008750258984,8993805
2010-04-29,36.79901123046875,37.94845902776649,36.51581519142608,37.94845902776649,5294606
2010-04-30,36.66574478149414,37.14884579414172,36.58245142553846,37.14884579414172,1318467
2010-05-03,36.43251419067383,36.63241683635419,36.349220856771275,36.63241683635419,1557313
2010-05-04,35.81614303588867,36.63241726580791,35.6995314632675,36.44917147717878,1045708
2010-05-05,35.732852935791016,35.882780500250476,35.3830204457346,35.649559593371706,1404451
2010-05-06,35.5662727355957,35.816152808413186,35.116487700733465,35.48297937798988,1322298
2010-05-07,35.31638717651367,35.56626721051325,34.9998706591996,35.14980048718061,5243780
2010-05-10,36.01605224609375,36.199295797138,35.383021469701475,35.416337451947435,1121466
2010-05-11,35.5662727355957,36.28259470721504,35.466320254573326,36.28259470721504,838559
2010-05-12,35.59958267211914,35.86611954665629,35.34970039815685,35.84946268660503,1266616
2010-05-13,36.09934997558594,36.18264333053261,35.48297824518982,35.81615166497651,1612426
2010-05-14,35.39968490600586,36.11600685507546,35.149804841054575,35.7328583259409,1711958
2010-05-17,34.53342056274414,35.28306048521802,34.333515679627354,34.983205420018884,1851642
2010-05-18,34.65003967285156,34.96655392387162,34.35018228282477,34.96655392387162,1361316
2010-05-19,34.21691131591797,34.650037118824734,34.017006403968274,34.650037118824734,2450689
2010-05-20,34.68335723876953,34.84994393212471,33.733814442330974,34.06698782904134,2116627
2010-05-21,34.4334716796875,34.71666991679052,33.433951679760995,33.70049079830332,1432024
2010-05-24,34.233577728271484,34.66670136397442,34.01701365094317,34.5167737778098,3809046
2010-05-25,33.6171989440918,34.06698386763922,33.3340006945284,33.98369053064721,2621138
2010-05-26,34.38349914550781,34.65003828391084,34.116960007104794,34.28354668617213,1674436
2010-05-27,33.76713180541992,34.8166293721378,33.38398329883391,34.8166293721378,4522469
2010-05-28,34.33351135253906,34.61670952468341,33.76711726772612,33.76711726772612,1223573
2010-05-31,34.41681671142578,34.53342829593649,34.03366823570753,34.40015985033272,3962642
2010-06-01,34.666709899902344,34.98322653243473,34.26690215186039,34.98322653243473,2173677
2010-06-02,34.78329849243164,34.8665918122552,34.31685680521007,34.78329849243164,1067731
2010-06-03,35.18312072753906,35.299732327976216,34.78331307664673,34.94989978614161,855327
2010-06-04,35.233089447021484,35.36635787811178,34.916572969098496,35.31638278132199,730766
2010-06-07,34.79996109008789,34.96654774640229,33.983686926042544,34.78330197256122,1110289
2010-06-08,34.33351135253906,34.98320101104953,34.20024295357452,34.799955267866466,1369731
2010-06-09,34.13361740112305,34.600059175137865,34.03366494684092,34.33352005021097,2036943
2010-06-10,33.9670295715332,34.55008289889628,33.81710202496366,34.250225546280944,2079894
2010-06-11,33.783790588378906,34.31686892734533,33.71715636087728,34.150282228852916,1791437
2010-06-14,34.33351135253906,34.43346378150034,33.88372881142691,34.300195382535804,1700881
2010-06-15,34.41681671142578,34.48345319370421,34.15027982021824,34.350182488623894,1047592
2010-06-16,34.20024871826172,34.71666780537788,34.11695539000028,34.41681046795101,1289944
2010-06-17,34.26689147949219,34.43347817758296,34.066988797469286,34.20025725215122,662067
2010-06-18,34.26689147949219,34.616723997378145,33.950377205015066,34.1835981304468,1111519
2010-06-21,34.450130462646484,34.566742031959095,34.26688467921649,34.3834962485291,1131800
2010-06-22,34.183597564697266,34.566748319650785,34.01701086936355,34.48345497198393,1139377
2010-06-23,34.0836296081543,34.266875341650675,33.950361216234555,33.983679443952305,1355354
2010-06-24,33.80044174194336,34.250224366154264,33.650514200539725,34.017003495140145,2329371
2010-06-25,33.76713180541992,34.050330099489045,33.61720422716786,33.68383845533803,1672844
2010-06-28,34.4001579284668,34.566744605902926,33.78378631816254,33.78378631816254,2401306
2010-06-29,34.166934967041016,34.89991815951515,34.01700740839001,34.56674480274561,1542276
2010-06-30,34.68335723876953,34.81662794913966,33.85042377199362,33.983694482363745,2708253
2010-07-01,34.4001579284668,34.66669480478347,34.150277912312596,34.55008548626403,1450319
2010-07-02,34.500099182128906,34.733322277650316,34.35017166320502,34.51675829744841,1534161
2010-07-05,34.01701354980469,34.616726152156964,33.31735072995774,34.316870980719244,1409644
2010-07-06,34.00035095214844,34.13362166098217,33.91705760643109,34.01701007318723,765539
2010-07-07,34.21691131591797,34.916573988789175,34.16693395819237,34.31686377189282,4099698
2010-07-08,33.983680725097656,34.65002722876814,33.93370338163694,34.65002722876814,2147848
2010-07-09,33.9670295715332,34.21690956897452,33.86707712066142,34.150275354885416,2076435
2010-07-12,33.63386154174805,34.15028073640109,33.55056819614196,34.03366914876193,4188571
2010-07-13,33.65052795410156,33.80045555678324,33.40064786313973,33.58389145559673,3777184
2010-07-14,33.550567626953125,33.98369346865206,33.46727428276012,33.95037522718423,2928502
2010-07-15,33.567222595214844,33.86707769342511,33.50058612052253,33.81710259688216,3552196
2010-07-16,33.43395233154297,33.80044390911781,33.317343018297386,33.80044390911781,1309829
2010-07-19,33.33399963378906,33.78378454302364,33.017485415186655,33.017485415186655,3056097
2010-07-20,33.267364501953125,33.53390361640007,33.217389406515174,33.483928520962124,2241425
2010-07-21,33.284019470214844,33.433946997311104,33.18406703232536,33.433946997311104,1373142
2010-07-22,33.80044174194336,34.21690838999577,33.31734088209779,33.55056175311191,5819774
2010-07-23,33.65052795410156,34.11696988677281,33.51725721656899,34.11696988677281,1826820
2010-07-26,33.65052795410156,33.80045555678324,33.31735449948579,33.65052795410156,1879489
2010-07-27,33.70050048828125,33.91706231340997,33.367327059174336,33.367327059174336,2785906
2010-07-28,33.73380661010742,34.18358922205113,33.56721995542988,33.817099937446194,3199899
2010-07-29,33.43395233154297,33.96703057901977,33.234049683346406,33.38397723436291,2312762
2010-07-30,33.45060729980469,33.71714639047034,33.36731397518893,33.48392553344141,1285466
2010-08-02,33.500587463378906,33.78378571374426,33.41729412615102,33.650517277970195,778568
2010-08-03,33.284019470214844,33.583874524407356,33.2173852647805,33.583874524407356,1708893
2010-08-04,33.36732864379883,33.48394025331494,32.8675684764047,33.48394025331494,1886451
2010-08-05,32.91753387451172,33.58388056771389,32.81758141863612,33.16741388446253,1508701
2010-08-06,33.16741180419922,33.73380826547771,32.984166023166544,33.06745935459265,3922176
2010-08-09,34.033668518066406,34.11696186212894,33.51724933298339,33.56722669510685,3155186
2010-08-10,33.81711196899414,34.30021298754285,33.66718211886099,34.30021298754285,2033594
2010-08-11,33.36732864379883,33.85042968705108,33.31735353085023,33.65052697577965,1383082
2010-08-12,33.234046936035156,33.38397447465781,33.150751348493536,33.18406958351018,746648
2010-08-13,33.950382232666016,34.0503347182176,33.20074198024468,33.43396294021369,2838836
2010-08-16,35.08315658569336,35.816139671354144,34.116954895651205,34.116954895651205,10437835
2010-08-17,34.983211517333984,35.749510690207224,34.84994081886935,35.46631243301175,4272775
2010-08-18,34.63338088989258,35.399680103682336,34.20025505083954,35.19977517504969,2042150
2010-08-19,34.76665115356445,35.31638860630573,34.36684353487414,35.31638860630573,2150678
2010-08-20,34.38349914550781,35.0165276221731,34.31686492577617,34.81662496297817,1350531
2010-08-23,34.76665115356445,34.94989697114488,34.08364524775197,34.55008935245456,1558660
2010-08-24,34.33351135253906,34.96654189631002,34.1669247240955,34.96654189631002,1419761
2010-08-25,34.33351135253906,34.650027754162416,34.100290524613236,34.150267868831754,1708531
2010-08-26,35.13313674926758,35.38301675042873,34.316862530703084,34.61671762830595,6819779
2010-08-27,34.76665115356445,35.48297530238308,34.55008935245456,35.283070363299586,3318728
2010-08-30,36.232608795166016,36.48248879349195,34.98320880353633,35.11647723218633,12599675
2010-08-31,36.24927520751953,36.89896288199872,35.81614933804117,36.28259119164758,7251681
2010-09-01,36.04937744140625,36.54913763810763,35.749522227176286,36.249282423877666,4105554
2010-09-02,35.849464416503906,36.34922446959137,35.66621861180987,36.34922446959137,2077611
2010-09-03,35.98273468017578,36.349226308100654,35.91610045495579,36.11600313061576,2025354
2010-09-06,35.9993896484375,36.24926965879361,35.64955718204367,35.64955718204367,1657041
2010-09-07,35.881690979003906,36.48700566345249,35.730362878037575,36.48700566345249,2364772
2010-09-08,35.81443786621094,36.01621020798729,35.562223579282225,35.88169455327523,2119627
2010-09-09,35.14186477661133,35.982579026713665,35.024163869363655,35.94894954447623,4325702
2010-09-13,35.49496078491211,35.81443400504608,35.25956126527383,35.579032204824586,2223035
2010-09-14,35.32681655883789,35.76398838134446,35.15867372561099,35.34363129827721,2096762
2010-09-15,35.9321403503418,36.08346847299998,35.3268232985419,35.3268232985419,3700295
2010-09-16,35.52859115600586,36.28523395419127,35.4108902529437,35.948948266108864,1645185
2010-09-17,35.39407730102539,35.797619664998344,35.310005880173385,35.73036298443339,3999245
2010-09-20,35.52859115600586,35.73036348108861,35.44451973398525,35.57903309698491,1658444
2010-09-21,35.52859115600586,35.982577747150415,35.4108902529437,35.83124736304671,4168036
2010-09-22,35.595848083496094,35.915321313848764,35.410890497655934,35.562220882805434,2530696
2010-09-23,35.32681655883789,35.730361183048956,35.20911794392894,35.51177413150411,1296047
2010-09-24,35.49496078491211,35.579032204824586,35.125047905647165,35.326817945087164,2212027
2010-09-27,35.595848083496094,36.016207477087335,35.410890497655934,36.016207477087335,1731020
2010-09-28,35.948951721191406,36.03302315129218,35.51177982855069,35.64629548506202,3076594
2010-09-29,36.53744125366211,37.14275583291181,36.01620036098596,36.01620036098596,11684464
2010-09-30,35.81443786621094,36.92418118481396,35.69673695341082,36.58789546890902,5236368
2010-10-01,36.48701095581055,36.73922525419863,35.948952873682536,35.948952873682536,3875195
2010-10-04,36.89054489135742,37.15957387053797,36.26841780012191,36.73921680325057,4550532
2010-10-05,37.63037109375,37.865772864762874,36.85691595099206,36.89054314643465,10282420
2010-10-06,37.579933166503906,38.21887503443998,37.31090417136859,37.83214742183391,5975746
2010-10-07,36.73921585083008,37.798514720700034,36.45337214025159,37.579929963610354,5825104
2010-10-08,36.82328796386719,37.226830289575624,36.537444247841236,36.82328796386719,2872678
2010-10-11,36.95780563354492,37.57993507383441,36.82329226944177,37.52949313244156,2923343
2010-10-12,36.80647277832031,37.04187227541041,36.38611571902263,36.99143034052789,1328063
2010-10-13,36.94099426269531,37.32772190633222,36.75603667116243,36.9241795215408,2785869
2010-10-14,35.96577072143555,37.26047181050483,35.646299705346074,37.125956138067735,6206210
2010-10-15,35.89850997924805,36.470195251063465,35.54540951470268,35.9825814098263,3825540
2010-10-18,35.89850997924805,36.55426668164172,35.57903671858388,36.45338050883112,2661071
2010-10-19,35.427711486816406,36.15072721706115,35.242753868354555,36.0498410360289,2506333
2010-10-20,35.057796478271484,35.73036793833743,34.889653613255,35.57903753535574,1611212
2010-10-21,35.511783599853516,35.982585026766415,35.37727020964054,35.7471831730181,5077785
2010-10-22,35.948951721191406,36.587895958307385,35.54540931282439,35.96576646332826,7613777
2010-10-25,34.8896598815918,36.28524499972844,34.75514419706115,36.016218191835094,4373958
2010-10-26,34.368408203125,35.10823630846817,34.23389255087315,34.97372293679975,3559839
2010-10-27,34.250701904296875,34.72150319223867,34.166630490084025,34.58698756114827,4326267
2010-10-28,33.61177062988281,34.53655647680705,33.35955630799439,34.53655647680705,12789477
2010-10-29,33.763099670410156,34.301157817070916,33.628586274036884,33.66221348283828,2557085
2010-11-01,33.8471565246582,34.20025688867629,33.72945564312455,33.89759845641099,3644082
2010-11-02,33.66220474243164,33.77990564413504,32.97281863370441,33.62857754236156,8722079
2010-11-03,33.77989959716797,33.83034152853506,33.30909835521613,33.62857152248385,5792586
2010-11-04,34.13301086425781,35.0914238305331,33.62858226708653,33.89760902777768,7578044
2010-11-08,33.073707580566406,33.426808034831666,32.3843214137787,32.70379238455834,23828591
2010-11-09,34.906463623046875,35.310008295203545,33.0905217206755,33.191407888714664,37552410
2010-11-10,34.301151275634766,35.394079824637004,34.18345036581654,34.973722690405374,23142609
2010-11-11,34.04893112182617,34.872830506684984,33.897600755139784,34.301145358859465,9305659
2010-11-12,33.47724533081055,34.28433229714201,33.292287758489806,33.91441715250053,8655373
2010-11-15,34.0321159362793,34.57017159986727,33.628573618442566,33.628573618442566,6781511
2010-11-16,33.67901611328125,34.217074066404045,33.59494470064225,34.217074066404045,5839719
2010-11-18,34.09938049316406,34.38522426970323,33.443623789991086,33.99849432023356,11698558
2010-11-19,34.26750946044922,34.7214959142718,33.72945161003597,33.796710551774574,13151040
2010-11-22,34.116188049316406,34.26751613654525,33.1914025066498,33.96485996208757,16159489
2010-11-23,33.10733413696289,33.76309076228815,32.61971807244975,33.325918918543564,29650997
2010-11-24,32.65334701538086,33.04007463199009,32.28343185816779,32.451574696794964,29495589
2010-11-25,32.46839141845703,32.703790950785866,31.375462900674346,31.947148130782466,297127250
2010-11-26,32.43476486206055,32.53564874893394,31.4259077486595,32.19936304446692,108003635
2010-11-29,31.5604190826416,32.28343238837971,31.27457534004752,32.19936096768536,47311917
2010-11-30,31.930335998535156,31.980777941487148,30.87103467129306,31.308206539015988,56380039
2010-12-01,32.569271087646484,32.703784427694856,31.745371748538712,31.8126284185629,49377032
2010-12-02,33.29228591918945,33.325915396147344,32.46838653955121,32.75423025194426,69791050
2010-12-03,33.56133270263672,33.74629036288805,32.70380339098725,33.29230358596062,70133580
2010-12-06,33.5276985168457,33.72946860195962,33.22503996829922,33.62858469969453,35990183
2010-12-07,33.27546691894531,33.460422164100315,32.989623262752495,33.27546691894531,22324627
2010-12-08,32.90555953979492,33.20821572114607,32.7206019709323,33.02326043286653,8690959
2010-12-09,32.148921966552734,33.04007819514893,31.947149626206993,32.88875008018135,19659317
2010-12-10,32.31705856323242,32.43475945239838,31.81263009066348,32.081659065483514,12656908
2010-12-13,32.92237854003906,33.04007716776134,32.26662187518147,32.31706381840768,10228525
2010-12-14,32.636539459228516,33.12415334246234,32.5356532777289,32.95601046682422,12502825
2010-12-15,32.50202941894531,32.72061426755755,32.36751373622829,32.61972807566577,7532899
2010-12-16,32.31705856323242,32.53564332244576,32.06484432694795,32.518830864493204,10117565
2010-12-20,32.23299789428711,32.653355094864864,32.11529696589183,32.19936840600738,12117884
2010-12-21,32.670166015625,32.989636994559746,32.249808864241515,32.28343606800209,13693395
2010-12-22,32.93920135498047,33.05690001155166,32.670172270471554,32.754243716844094,11598882
2010-12-23,32.70378875732422,32.98963249349825,32.65334681827383,32.80467491600818,4611659
2010-12-24,32.871944427490234,32.95601587911616,32.45158716936059,32.45158716936059,4676656
2010-12-27,32.51883316040039,32.88874603138454,32.40113226292447,32.78785987363135,5508784
2010-12-28,32.33387756347656,32.60290657375548,32.249806140300855,32.45157618757256,6071879
2010-12-29,32.182552337646484,32.45157909141523,32.11529336862078,32.30025097227443,10314957
2010-12-30,32.48520278930664,32.804673712936996,31.829446202784734,32.182546604937485,31947999
2010-12-31,33.056888580322266,33.124145258045836,32.53564533694412,32.58608955567416,12208677
2011-01-03,33.056888580322266,33.20821667534608,32.90556048529846,33.10733279905231,5686478
2011-01-04,33.090511322021484,33.25865412238695,32.871924313196764,33.107326058174564,9878712
2011-01-05,32.98963165283203,33.241845902823236,32.85511829840331,33.090517808945144,6557909
2011-01-06,33.29228591918945,33.54450243520761,32.88874359860981,33.023259225858354,16916733
2011-01-07,32.90555953979492,33.594945597964845,32.670160034234804,33.292287136030616,15775814
2011-01-10,32.33387756347656,33.15777705448182,32.26662088105266,32.8887480442029,11747099
2011-01-11,32.300254821777344,32.95601160326208,32.01441329168594,32.552469143931766,8402847
2011-01-12,32.70378875732422,32.77104771683565,32.11528882568149,32.51883346041734,5356220
2011-01-13,32.53565216064453,32.771054002922554,32.43476826319238,32.68698256799001,5840003
2011-01-14,32.82148742675781,33.34273064407116,32.36750088380486,32.451572296901105,13619178
2011-01-17,32.871944427490234,32.95601587911616,32.16574560218289,32.45158716936059,10222664
2011-01-18,33.174591064453125,33.258662485776874,32.686977276892,32.686977276892,8525103
2011-01-19,32.92237854003906,33.292291445059135,32.7542356885072,32.9055637987692,8181638
2011-01-20,33.25867462158203,33.29230183403186,32.61973021802621,32.61973021802621,8113388
2011-01-21,33.24184799194336,33.292289932878425,32.922377044660294,33.04007566703654,7263505
2011-01-24,33.14095687866211,33.376356368832255,32.922372126486174,33.00644353587429,10580288
2011-01-25,33.090511322021484,33.4436116589055,32.97281044953258,33.29228131411043,5774233
2011-01-27,33.22503662109375,33.46043617030355,31.325023204620376,33.05689376014625,21308494
2011-01-28,32.46839141845703,33.22503423846043,32.014407094805,33.12414807300998,12161301
2011-01-31,32.46839141845703,33.09052087158206,32.014407094805,32.232991886128204,10372393
2011-02-01,32.16573715209961,32.821493846394816,32.11529292602553,32.61972150326545,5685819
2011-02-02,32.13210678100586,32.451577748321746,31.72856438647088,32.300249635444054,9759510
2011-02-03,33.174591064453125,33.27547722615828,31.96396168515776,32.11528978742386,8272335
2011-02-04,32.72060012817383,33.69582985426147,32.670158194317125,33.10732998321276,13585721
2011-02-07,32.88874435424805,33.1241438566127,32.451572546666235,32.737416265626706,10075695
2011-02-08,32.182552337646484,33.29229339840137,32.09848090694787,33.29229339840137,6969251
2011-02-09,32.24980545043945,32.686977297718165,31.86307554375383,32.6197183361497,15914271
2011-02-10,32.081661224365234,32.70378834738213,31.963960327278794,32.165732642117504,15041071
2011-02-11,32.588748931884766,32.960610779835555,32.36901019697845,32.62255330391721,16032113
2011-02-14,33.3155632019043,33.552202916960596,32.47041972484724,32.63944842025865,9448315
2011-02-15,33.383182525634766,33.55221126309217,33.06202838298549,33.29866815690606,6653191
2011-02-16,33.33247375488281,33.40008478918259,33.19725168628324,33.281766052307695,3070813
2011-02-17,33.33247375488281,33.45079478435662,33.21415272540901,33.33247375488281,2410838
2011-02-18,33.163455963134766,33.46770686415266,32.85920506211687,33.33248475094463,7982842
2011-02-21,33.45079803466797,33.46769907543596,32.80848741491139,32.80848741491139,9078739
2011-02-22,33.28176498413086,33.433890379572645,33.062026263960426,33.29866602271419,6311548
2011-02-23,33.67053985595703,33.89027863954612,33.29867563302135,33.29867563302135,28541975
2011-02-24,33.21415710449219,33.80576003726153,32.75778084334904,33.636728990327995,14267832
2011-02-25,33.535308837890625,33.7550452704671,32.60565082028437,33.31557011271527,31955636
2011-02-28,33.45079803466797,35.293210934502994,33.02822616348566,33.907174279985384,128195783
2011-03-01,33.63671875,33.83955411048988,33.1296326413738,33.63671875,22095525
2011-03-03,33.569122314453125,34.11001531573276,33.3155791499657,33.3155791499657,12055696
2011-03-04,33.467689514160156,33.78884587858789,33.34937079959068,33.56910719279005,5797710
2011-03-07,33.14655303955078,33.43390289945396,32.48734121738431,33.43390289945396,6845096
2011-03-08,33.11273956298828,33.43389371711325,32.35211021725064,33.12964060325876,8299919
2011-03-09,33.14655303955078,33.298678491958476,32.994427587143086,33.12964970203888,4984092
2011-03-10,33.26485824584961,33.43388695516107,32.89299416832497,33.12963390284129,4963678
2011-03-11,33.14655303955078,33.332485166982266,32.960620912119296,32.960620912119296,6148250
2011-03-14,33.40008544921875,33.50150314897205,33.01132027486321,33.01132027486321,4743614
2011-03-15,33.045127868652344,33.214156620523724,32.808488074552244,33.078934536066285,7316083
2011-03-16,33.33247375488281,33.46769582348238,33.12963835938454,33.14654169110922,3548194
2011-03-17,33.24795913696289,33.31557017075043,33.06202707459797,33.06202707459797,4312518
2011-03-18,33.11273956298828,33.467698090253265,32.99441852550058,33.298669346756014,7614611
2011-03-21,32.92681121826172,33.16345102745677,32.876101213906075,33.0620333113448,3473055
2011-03-22,32.90990447998047,33.09583655819036,32.723972401770574,33.09583655819036,3536038
2011-03-23,32.943721771240234,33.24797269364027,32.82540069441809,32.90991509426253,5655111
2011-03-24,33.11273956298828,33.197253934736906,32.84229311487287,33.12964060325876,7807585
2011-03-25,33.18034744262695,33.26486180632861,32.97751205270344,33.197250773887056,8602591
2011-03-28,33.501502990722656,33.60292068999689,33.095834486224646,33.1465421895623,11509824
2011-03-29,33.7381477355957,33.924079829582524,33.38318688209347,33.50150793079397,8985339
2011-03-30,34.143821716308594,34.26214048323473,33.755054158295465,33.805764166349086,4832583
2011-03-31,34.448062896728516,34.76921702026178,33.90717005202071,34.14381210445465,15647437
2011-04-01,35.445343017578125,35.66508180748961,34.262141555684096,34.262141555684096,22114974
2011-04-04,35.800296783447266,36.25667531630959,35.2255995035237,35.2255995035237,10060811
2011-04-05,35.563655853271484,35.918616668240574,35.20869503830239,35.66507355649108,7752278
2011-04-06,35.512943267822266,36.13835048160894,35.37772120178135,35.4960422290163,5371783
2011-04-07,35.47914505004883,36.070745703615295,35.29321295755094,35.512949426121644,5888794
2011-04-08,35.46222686767578,35.64815888232391,35.02275182194336,35.51293455685332,3282029
2011-04-11,35.24250030517578,35.47914007489912,35.02276157481923,35.17488697731288,2761151
2011-04-13,35.5805549621582,35.76648472129031,34.83682675523474,34.85373008586459,5725109
2011-04-15,35.512943267822266,35.73268199088733,35.37772120178135,35.512943267822266,2726721
2011-04-18,35.225589752197266,35.88480122293506,35.10726874529115,35.49603613041234,3846832
2011-04-19,34.97205352783203,35.41152869162724,34.819928126833396,35.41152869162724,2130742
2011-04-20,35.24250030517578,35.41152903963516,34.853732840359854,35.41152903963516,3816903
2011-04-21,35.360816955566406,35.49604131070783,35.09037053788236,35.24249822399131,3804886
2011-04-25,35.34392547607422,35.631275321079535,35.157995650882086,35.157995650882086,1583736
2011-04-26,35.259403228759766,35.54675300973588,34.85373470289864,35.49604530372789,4390914
2011-04-27,35.276309967041016,35.49604873035269,35.07347683082941,35.327019970543375,2846797
2011-04-28,35.17488479614258,35.32701248180184,35.039662733999684,35.20869145797771,5158203
2011-04-29,35.34392547607422,35.6650819943506,35.039674587032934,35.17489669491805,3615042
2011-05-02,35.969322204589844,36.104546564928256,35.157985212954955,35.157985212954955,5731198
2011-05-03,35.157981872558594,36.00312544712984,35.022757525067995,35.83409673221559,3804669
2011-05-04,35.259403228759766,35.36082093337481,34.66780262653757,35.03966677925972,4044546
2011-05-05,34.43116760253906,35.259408101592754,34.076206733630514,35.15799267556121,5204752
2011-05-06,34.85374069213867,35.03967280045018,34.44807209656777,34.515683147063015,2973311
2011-05-09,34.718509674072266,35.09037150258711,34.650898640942195,34.87063507176465,3424009
2011-05-10,34.60020065307617,35.0565792971177,34.48188187719109,34.667811709667596,1276536
2011-05-11,35.20869445800781,35.32701549191374,34.532579504485945,34.532579504485945,5173641
2011-05-12,34.27903747558594,35.20869556593239,34.211426436626006,35.20869556593239,2199955
2011-05-13,34.26212692260742,34.71850535146227,34.160709239239836,34.24522359327973,3389298
2011-05-16,34.41426086425781,34.54948523992709,34.24523211412058,34.34664982272275,2643860
2011-05-17,34.31283187866211,34.65088924524604,34.26212189811557,34.414247254558695,2042475
2011-05-18,34.26212692260742,34.78611637617447,34.17761256856753,34.41425230135951,3314783
2011-05-19,33.4169921875,34.46497137077391,33.24796343488158,34.27903928437381,2532955
2011-05-20,34.143821716308594,34.34665487072461,33.2479678333562,33.34938555686395,1959647
2011-05-23,33.67053985595703,33.90717968300724,33.46770440842857,33.90717968300724,1694918
2011-05-24,33.40008544921875,34.279035790282066,33.26486337794698,33.788852916173234,9876185
2011-05-25,32.80847930908203,33.619818476857965,32.60564623658697,33.46769080673847,5753045
2011-05-26,32.30140686035156,33.09584303517764,32.115474745754014,32.960618637016005,4935316
2011-05-27,33.01132583618164,33.11274355302047,32.35211411562822,32.35211411562822,4500032
2011-05-30,33.467689514160156,33.552203864251986,32.842284699039695,33.12963211379284,8167114
2011-05-31,34.16071701049805,34.27903805011031,33.467698691195736,33.53531202388794,7467651
2011-06-01,34.02549362182617,34.22832902690435,33.755047179254944,33.99168695678014,1794961
2011-06-02,33.552215576171875,34.21142957107577,33.46770119657899,33.80576100754979,4461069
2011-06-03,34.143821716308594,34.44807259423236,33.55221871127996,33.55221871127996,5649415
2011-06-06,34.31283187866211,34.397346220308094,33.70432816029138,34.07618988797476,4910297
2011-06-07,34.29595184326172,34.38046624230406,34.09311636852018,34.194534105890945,6516069
2011-06-08,34.26212692260742,34.312836910590505,33.92406950644786,33.99168053116005,14162904
2011-06-09,34.31283187866211,34.43115058140754,34.10999654167245,34.14380319537015,6989160
2011-06-10,34.21141815185547,34.41425121961641,33.974778426501786,34.31283583203519,7661567
2011-06-13,34.66780090332031,34.81992859898067,33.991685962959444,34.1438136586198,2849421
2011-06-14,35.056575775146484,35.15799349614449,34.532586127156335,34.532586127156335,4458752
2011-06-15,34.41426086425781,35.1072791983403,34.26213544765413,35.07347482387234,2533103
2011-06-16,34.48187255859375,34.65090130069276,34.093105076206605,34.34664818935512,2472762
2011-06-17,34.718509674072266,34.819927370066814,34.329742221526324,34.34664555295856,2524363
2011-06-20,34.46497344970703,35.05657411955698,33.484605249824675,34.498777826710295,6194464
2011-06-21,34.26212692260742,34.63399099742238,33.94097283577555,34.41425230135951,5126564
2011-06-22,34.583290100097656,34.61709676763956,34.16071821881979,34.26213592884631,2408781
2011-06-23,34.56638717651367,34.75231696007124,34.41425947345884,34.49877384511194,3746535
2011-06-24,35.03966522216797,35.20869395814873,34.41425798199957,34.48187131047104,5675164
2011-06-27,36.62854766845703,36.96660523727123,34.56639558165055,34.56639558165055,29869389
2011-06-28,36.882080078125,37.152524220146226,36.54402260799952,36.98349548508349,13872282
2011-06-29,37.22013854980469,37.355360624453986,36.81446774065879,36.94969210790709,13356359
2011-06-30,37.01729965209961,37.69341454674261,36.527116812003186,37.18632837576036,30432762
2011-07-01,37.27084732055664,37.43987606500181,36.98349753796022,37.186332948334055,23953730
2011-07-04,37.33845520019531,37.659609328944924,37.08491210498264,37.304650829726285,5307022
2011-07-05,37.051109313964844,37.3046524199858,36.510216437413874,37.1863313868031,10665833
2011-07-06,36.86518478393555,37.0849212703874,36.69615601201892,36.932795834182315,3270036
2011-07-07,37.169429779052734,37.28775081772503,36.66234354348416,37.017304366901975,5856910
2011-07-08,36.915897369384766,37.439887089984694,36.797578588991065,36.93280070732665,12625687
2011-07-11,36.510215759277344,36.78066219252959,35.93551622889173,36.6961478254257,2848918
2011-07-12,36.577842712402344,36.84828926334764,36.02004627121519,36.40881390463653,2954427
2011-07-13,37.25395202636719,37.625816261428234,36.577836902692255,36.61164357591583,3819442
2011-07-14,36.882080078125,37.287748583755786,36.61163364350483,37.01730214913562,10479376
2011-07-15,37.27084732055664,37.930058965373,36.62853900870462,36.62853900870462,8242815
2011-07-18,36.96658706665039,37.49057420667116,36.86516938733723,37.338448834000665,2085379
2011-07-19,37.135623931884766,37.30465267036656,36.71305208568029,36.74685645781725,2972184
2011-07-20,36.89897918701172,37.338454333701456,36.797563785359245,37.068007913230936,4177419
2011-07-21,36.510215759277344,37.0173019619007,36.222865994084536,36.848273227692914,3008285
2011-07-22,37.034202575683594,37.23703566628647,36.290476658275544,36.51021307957834,3369044
2011-07-25,36.67924499511719,37.017302468156096,36.27357648599029,36.983495803812616,7429567
2011-07-26,36.8482780456543,37.13562784841847,36.256677398574475,36.510220533037256,5770592
2011-07-27,36.22286605834961,36.89898099638029,36.003129620529215,36.72995226187262,7214188
2011-07-28,35.68198013305664,36.17216539257689,35.039671734001615,35.86791223570921,13905358
2011-07-29,35.529850006103516,36.39189706442095,34.60019190828255,35.15798814253458,9768024
2011-08-01,36.32428741455078,36.74685929336272,35.529851365344676,35.529851365344676,4672455
2011-08-02,36.49331283569336,36.611633868002386,36.08764432757507,36.30738076746445,3239197
2011-08-03,35.377723693847656,36.39189613839112,34.85373413898039,36.02003199168557,12800281
2011-08-04,35.32701873779297,36.13835583952602,35.09037664823823,35.69888062083761,6939466
2011-08-05,34.583290100097656,35.05657198268837,33.85646738133941,33.97478842513688,12075758
2011-08-08,34.633995056152344,35.107274577199554,33.26486190173877,33.31556960306566,13716718
2011-08-09,34.448062896728516,35.05656677387508,33.46769490227048,33.46769490227048,7228990
2011-08-10,35.005863189697266,35.29321299592454,34.49877691466038,34.667805673006015,5126905
2011-08-11,34.81993103027344,35.242502897504956,34.5832889505445,34.600192283753586,6299073
2011-08-12,35.022769927978516,35.3608274775262,34.819936773809594,35.073479935970354,6421148
2011-08-16,35.022769927978516,35.4622452009104,34.85374115320467,35.174895366755074,4242848
2011-08-17,34.870635986328125,35.394625518877056,34.7185105846459,34.7185105846459,7430913
2011-08-18,34.701602935791016,35.1072713873436,34.36354551073075,34.988952664131695,5110388
2011-08-19,34.16071701049805,34.66780325009499,33.6536307709011,33.80575847685947,5245806
2011-08-22,34.887542724609375,35.02276480761907,33.721244807703556,34.143816682857775,3059716
2011-08-23,34.21141815185547,35.29320139104268,34.14380712926849,34.9382406567129,2837432
2011-08-24,34.498779296875,34.73542140897894,33.90717860181401,34.61710035292697,6888368
2011-08-25,33.704341888427734,34.65090335892693,33.467699801353554,34.498775647922336,13758009
2011-08-26,32.943721771240234,33.805769108173436,32.656371894729226,33.704351369840154,9286925
2011-08-29,33.78886413574219,33.856475193828274,32.79159243172348,32.859205782409276,6345123
2011-08-30,33.87337112426758,34.177621965423015,33.5522146565378,34.143817590071976,3821904
2011-09-02,33.586021423339844,35.496047730968215,33.24796391323917,34.88754375426715,8166250
2011-09-05,32.84229278564453,33.63672649655836,32.690167376541794,33.51840775285581,7422597
2011-09-06,32.65393829345703,33.18475776283414,32.277227102936045,33.18475776283414,14848826
2011-09-07,33.150508880615234,33.4758490811627,32.739552715582555,32.77380003036931,11526455
2011-09-08,32.94503402709961,33.49297484070688,32.653938800586936,33.424482529316194,7049237
2011-09-09,32.91078567504883,33.20188089240593,32.68818508940992,32.91078567504883,6782680
2011-09-12,32.31147766113281,32.773804866567986,32.02038240993556,32.55120193256949,5271294
2011-09-13,32.397090911865234,32.65393882160699,32.27722762499302,32.48270688177915,4033213
2011-09-14,32.516944885253906,32.65392946888841,32.03749419757084,32.55118986992195,4248247
2011-09-15,32.87653732299805,33.01352425963519,32.157364614959334,32.602568094687115,8283475
2011-09-16,34.12653350830078,34.33201276231527,32.790923002170175,33.01352591443284,6853575
2011-09-19,33.54434585571289,34.33201324384017,33.40735891028798,33.69845413714432,3721222
2011-09-20,33.83543014526367,34.21214124616564,33.475842698490204,33.475842698490204,4399666
2011-09-21,33.98955154418945,34.14366216851808,33.61284261995161,33.664211279739725,2182138
2011-09-22,32.96215057373047,33.71557285700219,32.77379732539402,33.698449201022115,3792171
2011-09-23,32.89366149902344,33.28749633527295,32.43133667709799,32.70530590972861,3612112
2011-09-26,32.61968994140625,33.03064843528404,32.37996570163202,32.89366149649754,1880644
2011-09-27,33.099143981933594,33.321744585829066,32.72243276651455,33.03065166707975,1273121
2011-09-28,33.33885955810547,33.42447550998443,32.84228750170374,33.150503999475475,4398260
2011-09-29,33.37312316894531,33.8868191311338,32.9279195372188,33.15052019184082,9460952
2011-09-30,33.715579986572266,33.93818059394049,33.219005470550584,33.219005470550584,6946805
2011-10-03,33.33885955810547,33.61283106861442,32.94502710845476,33.544338771607514,7517061
2011-10-04,32.825172424316406,33.57859253322984,32.739556450065294,33.15051266197426,2740436
2011-10-05,32.8422966003418,33.236129159099974,32.70530964589575,32.89366525670783,3503641
2011-10-07,33.30461502075195,33.852558087382526,33.047767143734156,33.18475407163256,4435678
2011-10-10,33.57859420776367,33.698457506685486,33.082021996839984,33.082021996839984,8326437
2011-10-11,33.801185607910156,33.92104654343729,33.39022719329923,33.7326909904875,5044978
2011-10-12,33.93817138671875,34.17789558865232,33.595707577533254,34.14365060122258,4905765
2011-10-13,34.0237922668457,34.212147853674445,33.66420475062387,33.93817630214915,3531871
2011-10-14,33.869686126708984,34.26351866010898,33.749822839596725,33.81831515116866,5039179
2011-10-17,33.510093688964844,33.972420788830334,33.32173811781663,33.83543386323095,1605713
2011-10-18,33.61283874511719,33.80119434676384,33.21900388304111,33.21900388304111,2025955
2011-10-19,34.22927474975586,34.4176303544061,33.715578912972596,33.90393219514094,5145909
2011-10-20,33.90392303466797,34.212141846949685,33.80118575305534,33.938170343526366,2881549
2011-10-21,33.90392303466797,34.28063414218519,33.64707518567385,33.81830708500326,2127672
2011-10-24,34.503231048583984,34.67446291835402,34.28062822439443,34.33199917881396,3334756
2011-10-25,35.582000732421875,35.873095920469005,34.45186961512565,34.520361917465706,7605862
2011-10-28,35.958709716796875,36.986101157564626,35.35939804301569,36.1299416235915,8504582
2011-10-31,35.9073486328125,36.16419656368785,35.4107764309499,35.95871961247678,4561310
2011-11-01,35.49638748168945,36.01008327214901,35.273786901482985,35.70186672686595,2155435
2011-11-02,35.30804443359375,35.59913974722866,35.0683201107381,35.273799428890094,2429706
2011-11-03,35.65049362182617,35.804601885249404,35.29090612551758,35.44501671142237,2676760
2011-11-04,35.564876556396484,35.958711353438126,35.41076829776345,35.958711353438126,2070811
2011-11-08,35.564876556396484,35.61624752426182,35.41076829776345,35.564876556396484,923114
2011-11-09,35.4621467590332,35.83885800439302,35.41077809943056,35.61625738280539,3342820
2011-11-11,36.11281967163086,36.215559285049494,35.27378375326141,35.44501566813197,7747315
2011-11-14,36.07857894897461,36.64364576473888,35.804607370647865,36.232687236007806,8136060
2011-11-15,35.47926712036133,36.18131856370947,35.35940615160749,35.63337540732021,2602442
2011-11-16,35.68473434448242,36.07856675855055,35.1710386796208,35.1710386796208,5559879
2011-11-17,35.32514953613281,36.0785694360131,35.20528627644403,35.445012795821604,4564324
2011-11-18,34.571739196777344,35.44502259784562,33.68133213637793,35.27379064949819,6971425
2011-11-21,33.92104721069336,34.5888534863318,33.69844666713475,34.07515545796326,5725408
2011-11-22,33.527225494384766,34.07516636252494,33.25325389907365,34.07516636252494,5742603
2011-11-23,32.55119323730469,33.458723745829985,32.242976731001846,33.33886048088921,4916261
2011-11-24,32.636810302734375,33.04776643262373,32.41420974310141,32.84228952891979,10127464
2011-11-25,33.013526916503906,33.287498489345246,32.46558377082121,32.756679002430495,7728058
2011-11-28,33.25325012207031,33.4758507115808,32.94503356390475,33.25325012207031,5436096
2011-11-29,32.60257339477539,33.49297817649933,32.534078754081044,33.355993540074735,5379923
2011-11-30,33.93817138671875,34.21214289856341,32.63680844731761,32.68817941218424,13613461
2011-12-01,34.246395111083984,34.93132282750713,34.07516085949652,34.246395111083984,4222484
2011-12-02,35.4107780456543,35.616257328717076,34.21215431357968,34.263522973104315,5707744
2011-12-05,35.15392303466797,35.42789458283685,34.87995148649909,34.99981476459849,2957969
2011-12-07,35.32514953613281,35.80459792992537,34.87994612905042,34.94843842495202,5975381
2011-12-08,34.040916442871094,35.41077189888465,33.9039295037807,35.25666362457947,5809203
2011-12-09,33.749813079833984,33.81830537159934,33.253241061433755,33.40734929852608,4296964
2011-12-12,33.0820198059082,34.04091916633124,32.773803232638826,33.90393221628115,8160604
2011-12-13,33.93817138671875,34.21214289856341,32.739548054569525,33.01351956641419,3981949
2011-12-14,32.99639892578125,34.07515909427107,32.876535652623915,33.88680583999748,5776327
2011-12-15,34.0237922668457,34.36625612563189,32.49982855974349,32.51695221717914,12973287
2011-12-16,33.59571075439453,34.69159458292027,33.08201499204044,33.989543243206704,12589918
2011-12-19,33.9553108215332,34.1950351348725,32.962163919866946,33.08202723777781,4820722
2011-12-20,33.40735626220703,34.05803897581395,33.13338471555578,34.05803897581395,6670657
2011-12-21,33.527225494384766,33.852565747730814,33.219006578728994,33.73270244900656,10259801
2011-12-22,34.468994140625,34.588857414604135,33.39023164225749,33.47584760296214,3456402
2011-12-23,34.674476623535156,34.91420087146869,34.092286178220014,34.41762871736029,3249611
2011-12-26,34.5374870300293,34.623102992184954,34.31488645741724,34.45187106787364,1273482
2011-12-27,33.88681411743164,34.52037098357046,33.27037858951329,34.50324964534999,4187065
2011-12-28,34.31489181518555,34.57173974175556,33.69845632692111,33.97242791309219,3375709
2011-12-29,34.246395111083984,34.41762704018977,33.97242356001839,34.246395111083984,2924882
2011-12-30,34.28063201904297,34.52035619876078,34.0237841859565,34.246387034786785,2087779
2012-01-02,34.246395111083984,34.33201107563688,33.74982065869186,34.12653183171726,1861469
2012-01-03,34.55461120605469,34.70871947575364,34.24639466665678,34.36625562198634,3372939
2012-01-04,34.76008605957031,35.034055250015925,34.023787473423994,34.52035953420837,3739279
2012-01-05,34.69159698486328,35.0169395148652,34.4689964014236,34.7429679581444,5389056
2012-01-06,34.16078567504883,34.69160289873668,33.85256675026524,34.65735789985992,7340405
2012-01-09,34.72584915161133,34.86283378786772,33.938181686931934,33.938181686931934,2368495
2012-01-10,35.13679885864258,35.376523088820164,34.605979427368304,34.605979427368304,3215986
2012-01-11,34.31489181518555,35.17105157041893,34.212152180061146,35.17105157041893,4377469
2012-01-12,34.43474578857422,34.72584097518132,34.0580369663267,34.72584097518132,4082544
2012-01-13,34.91419982910156,34.99981579527044,34.417627689818374,34.451872682796896,5766505
2012-01-16,34.29776382446289,34.91419923488386,34.16077920991676,34.520364403720784,4899595
2012-01-17,34.41762161254883,34.674469465702735,34.280634697377955,34.41762161254883,10428799
2012-01-18,33.93817138671875,34.67446996995636,33.664199874874086,34.537483052793355,6295415
2012-01-19,34.22927474975586,34.65735461374191,33.938179513252585,34.09228779979118,8276461
2012-01-20,34.74296951293945,34.99981742339417,34.21215003350333,34.24639735055669,6881600
2012-01-23,34.588863372802734,35.35940715187668,34.46900007817622,34.93132727461338,18551268
2012-01-24,34.43474578857422,34.76008828742269,34.26351387233039,34.52036174669613,10219894
2012-01-25,34.5374870300293,34.760089925122976,34.092283562323566,34.623102992184954,13171474
2012-01-27,35.32514953613281,35.941584844209885,34.64022193215414,34.760085191842926,9816649
2012-01-30,34.845706939697266,35.44501869288742,34.674475010214366,34.931322904438716,4243234
2012-01-31,35.65049362182617,35.89021784520471,34.79433402227312,34.931320951690545,10322025
2012-02-01,35.25666427612305,35.75323642360828,35.15392465052706,35.75323642360828,10757718
2012-02-02,35.99296188354492,36.31830210684828,35.15392583739988,35.3422814369382,11556658
2012-02-03,36.62651824951172,37.088845384418455,36.078575150546826,36.14706745729702,11926606
2012-02-06,37.32857131958008,37.49980325549592,36.42104066573707,36.88336782170254,9084488
2012-02-07,36.900489807128906,37.75664944789926,36.59227326544424,37.49980155566815,6079363
2012-02-08,36.88336944580078,37.92788476537726,36.35254995659156,37.19158833751026,11508450
2012-02-09,37.260074615478516,37.84226266443622,36.95185577369044,37.688154404782935,11499785
2012-02-10,36.76350784301758,37.414188287902675,36.30118067469059,36.78062917908153,8590813
2012-02-13,37.8331184387207,38.126399297285566,36.694501800654386,36.694501800654386,15608851
2012-02-14,37.746856689453125,38.040137525109074,37.52258476095355,37.78136114303131,5735198
2012-02-15,38.195404052734375,39.02348990462197,37.71235572740632,37.78136229675039,15930040
2012-02-16,38.195404052734375,38.73020906001018,37.695103500090404,38.05739091404625,3862429
2012-02-17,38.54043197631836,39.1614956632129,38.29890785917025,38.64394298078731,8544515
2012-02-21,38.14365768432617,38.643958341553905,38.04014663871214,38.4886929430929,6934289
2012-02-22,37.936622619628906,38.88546925675326,37.85036383443578,38.07463807988949,5872252
2012-02-23,38.86821746826172,39.3685202999362,37.815862149022,37.815862149022,18016976
2012-02-24,39.43752670288086,39.74806209411529,38.91997629719482,39.006235088129074,10958004
2012-02-27,38.48868179321289,39.67905262313265,38.33341643973108,39.67905262313265,11266052
2012-02-28,38.57493591308594,39.12699069640351,38.21264857220679,38.64394246851074,9416477
2012-02-29,38.98898696899414,39.29951771310045,38.643951768911705,38.730210568932314,7991077
2012-03-01,38.81645584106445,39.195995364850035,38.471420761229886,38.59218397513954,2777389
2012-03-02,38.730201721191406,38.988978062136944,38.40241882397757,38.76470616928515,3172662
2012-03-05,38.057395935058594,38.76471862897331,37.66060401412111,38.609450902564774,3649302
2012-03-06,38.31615447998047,38.574930783350496,37.815854094782196,38.05737817661045,4557989
2012-03-07,37.47083282470703,38.05739219373417,36.849768999887836,37.95388116627768,15488701
2012-03-09,38.0056266784668,38.2126486852729,37.64334167643484,37.64334167643484,3852720
2012-03-12,38.247154235839844,38.59218936385243,37.902119107827254,38.298908569074044,5124092
2012-03-13,38.4196662902832,38.69569248117443,37.95386799829622,38.4196662902832,9731037
2012-03-14,38.850975036621094,39.12700133336004,38.4886875972515,38.73021177685797,4398722
2012-03-15,38.07463455200195,39.09248765498557,37.86761255075281,38.74745254618305,4513645
2012-03-16,37.194793701171875,38.64394065683139,37.005023927710965,38.1263880055302,3682825
2012-03-19,37.21205520629883,37.41907491450646,36.36671712637891,37.332816117773376,3294232
2012-03-20,37.074031829833984,37.539830168933236,36.74624894005853,37.21204727915778,3413743
2012-03-21,37.52257537841797,37.74684725083827,36.81525297628778,37.05677707118325,3430274
2012-03-22,36.659996032714844,37.505331728015086,36.332210750526215,37.2638075779178,3948023
2012-03-23,37.16029357910156,37.33281114960949,36.47022329706984,36.78075398801639,3647743
2012-03-26,36.55648422241211,37.09128919027909,36.31496007754557,36.91877160967164,4778733
2012-03-27,36.48747634887695,36.970524621276866,36.159691085549134,36.9187702849195,5834802
2012-03-28,36.64274215698242,36.884266296208544,36.314959229467014,36.659994382624156,4875221
2012-03-29,36.504722595214844,36.7462490472563,36.228696375600244,36.64273804494127,12199593
2012-03-30,37.31555938720703,37.72960343349476,36.50472585979946,36.50472585979946,8544753
2012-04-02,37.47083282470703,37.72960922338839,37.143047514441555,37.29831522558612,8676278
2012-04-03,37.98837661743164,38.12638972804632,37.43631949513465,37.66059138486329,3566758
2012-04-04,38.247154235839844,38.402419575461664,37.69509709505201,37.971125665445925,3850338
2012-04-09,37.85036087036133,38.24715265512838,37.453571425513395,37.988376319813874,4475284
2012-04-10,38.091888427734375,38.40242146215357,37.64334461121665,37.85036429424345,4598397
2012-04-11,38.54043197631836,38.64394298078731,37.626089840000816,37.626089840000816,4023851
2012-04-12,38.55769729614258,39.26501766375692,38.333425326887294,38.523192836294086,5102969
2012-04-13,38.64395523071289,39.09250149898565,38.14365461375939,38.64395523071289,6602489
2012-04-16,38.592185974121094,38.90271662608938,38.38516397952956,38.62668807994034,4350870
2012-04-17,39.19599914550781,39.29950780750702,38.29890691544117,38.35066124644077,9477019
2012-04-18,39.282257080078125,39.765305292096514,39.05798285741889,39.23050041027104,4441325
2012-04-19,39.55828857421875,39.67905181330624,39.09249252327995,39.16149908565021,2496045
2012-04-20,39.282257080078125,39.79980973863457,39.09248730395695,39.403020303042254,2778756
2012-04-23,38.212650299072266,39.50653204645585,38.022880508138826,39.1442446892046,3854809
2012-04-24,37.953880310058594,38.471433095745596,37.69510391721509,38.33341995553025,3169871
2012-04-25,37.4190673828125,38.109137617780135,37.16029104469964,37.884865727383314,3380361
2012-04-26,37.29830551147461,38.22989983611561,37.005024733384346,37.72959939694906,4377198
2012-04-27,37.35005569458008,37.95386706719979,37.177538159545875,37.332803473092895,1965594
2012-04-30,38.38516616821289,38.661194730100796,37.298306484433226,37.298306484433226,3199398
2012-05-02,37.815860748291016,38.592189794992244,37.64334318235741,38.229902438547825,3811572
2012-05-03,37.488075256347656,37.78135605248785,37.3155576915403,37.608838487680494,1452253
2012-05-04,36.8325080871582,37.47082398936325,36.60823385723142,37.29830643092071,5666533
2012-05-07,36.504722595214844,36.91876660447498,35.60763270162916,36.71174459984491,4565509
2012-05-08,36.48747634887695,36.970524621276866,36.24594987275764,36.50472623438317,2959419
2012-05-09,35.96992874145508,36.659999137268535,35.797411142501716,36.24595502784471,2412310
2012-05-10,35.36611557006836,36.34946443635672,35.19359797879817,35.93542268529217,3946438
2012-05-11,34.969322204589844,35.53863163528673,34.57253269767463,35.366114051424546,3389145
2012-05-14,34.934818267822266,35.124585728227316,34.57253089264282,34.84855948039475,2233766
2012-05-15,35.50412368774414,35.65938902995286,34.538024845228726,34.88305997899,3494080
2012-05-16,36.07344436645508,36.33222081465243,34.848571050257064,35.29711502186303,4435353
2012-05-17,36.14243698120117,36.84975942173034,35.83190397954688,36.22869575834085,4208594
2012-05-18,36.263206481933594,36.625493899989046,35.38336627806168,35.83191249375321,4935351
2012-05-21,35.866416931152344,36.53923508439922,35.62489276587393,36.19419989402445,1491370
2012-05-22,35.780155181884766,36.07343366555761,35.57313314877027,36.00442710115926,2362045
2012-05-23,35.74565124511719,36.2114496563811,35.27985517377276,35.84916226316689,3087547
2012-05-24,36.34946060180664,36.50472594958676,35.34885961396199,36.02167768095542,2135683
2012-05-25,35.91816711425781,36.22870015358579,35.79740621556307,36.0561825783767,1446600
2012-05-28,36.71175003051758,37.03953530965679,35.71114898660058,35.71114898660058,890739
2012-05-29,37.03953552246094,37.35006623720701,36.504728204994784,37.160296427120194,5201353
2012-05-30,36.60824203491211,37.143047053534474,36.3839700948058,37.005033911918225,4048557
2012-05-31,36.625484466552734,36.918765238944445,36.245944918742175,36.280449364877335,8033660
2012-06-01,35.76290512084961,36.53923428214785,35.53863318799795,36.401221144996,3787828
2012-06-04,35.90091323852539,36.03892869630024,35.2280951941207,35.53862821917466,3267896
2012-06-05,36.55648422241211,36.98777817393073,36.0561837066344,36.19419683515258,12393979
2012-06-06,37.8331184387207,38.333421355086614,36.57374088353688,36.57374088353688,9494285
2012-06-07,37.28105545043945,38.21264982911458,37.09128566183989,37.833110251915464,4231838
2012-06-08,36.918766021728516,37.436318685215234,36.48747213548959,37.19479457690525,3997879
2012-06-11,37.00503158569336,37.43632555103153,36.918772792625724,37.263807964896266,2205393
2012-06-12,37.143035888671875,37.31555343379479,36.59097880831096,36.8842595709875,3376544
2012-06-13,37.125789642333984,37.35006153699222,36.798004402560764,37.09128519396232,2496726
2012-06-14,36.470218658447266,37.29830429551326,36.228694558439315,36.936016975541826,6671985
2012-06-15,36.59098815917969,36.83251465600931,36.38396845607945,36.64274483989442,10286920
2012-06-18,36.93601608276367,37.09128140473595,36.470217776927896,36.74624631594469,3027005
2012-06-19,37.52257537841797,37.91936479575203,36.780748531337444,36.93601619369499,9746993
2012-06-20,37.401817321777344,37.91937002793142,37.263804202770636,37.38456743684097,8882639
2012-06-21,37.867618560791016,37.91937289935779,36.884267408666766,37.091289442772755,4083003
2012-06-22,37.971126556396484,38.19539845889927,37.52258041147164,37.60883919549875,7332263
2012-06-25,37.21205520629883,38.10914528837114,37.00503315817158,37.83311667084134,5097127
2012-06-26,37.902122497558594,37.95387683542138,37.022282374455195,37.022282374455195,1992235
2012-06-27,37.884864807128906,38.43691957774166,37.64334069874088,37.953871360965614,5727518
2012-06-28,37.85036087036133,38.22990043145692,37.50532575660865,37.953871872470955,3083553
2012-06-29,39.17875671386719,39.54104414116874,38.05739231597934,38.07464454393079,7486892
2012-07-02,38.850975036621094,39.31677350722768,38.747464005384096,39.19601024746456,2634447
2012-07-03,38.52317810058594,39.161493984177596,38.333410663768106,39.09248743079665,4091332
2012-07-04,38.98898696899414,39.12700011305923,38.40242759683794,38.574945196879156,3061761
2012-07-05,39.43752670288086,39.61004428474936,38.81646528008984,38.988982861958334,2830305
2012-07-06,38.98898696899414,39.50653976911779,38.661203996899765,39.334022169076576,3797719
2012-07-09,38.91996383666992,38.98897037934046,38.6784397673637,38.93721605731724,2397364
2012-07-10,39.04072952270508,39.24775151620161,38.55768132443852,38.60943565285315,3199920
2012-07-11,39.21324920654297,39.50652998998452,38.885466315585376,38.885466315585376,2903254
2012-07-12,38.79922103881836,39.19601296272756,38.67846011060942,39.19601296272756,2728401
2012-07-13,38.66120147705078,38.98898442778101,38.55769045578872,38.8509712927113,1672753
2012-07-16,38.86821746826172,39.05798726580176,38.3334148659934,38.55768677404661,3148848
2012-07-17,38.730201721191406,39.00623028618381,38.60943849278249,38.91997150586863,2407572
2012-07-18,38.367916107177734,38.833714477865804,38.21265076358814,38.67844913427621,2516255
2012-07-19,38.64395523071289,38.91998388348997,38.471437615217205,38.62670300117934,2171498
2012-07-20,38.38516616821289,38.81646006493801,38.22990083337567,38.40241839206572,1581366
2012-07-23,37.71236038208008,38.29891980378052,37.62610157477354,38.17815653758342,2728477
2012-07-24,38.28166198730469,38.764712641674215,37.57433940263757,37.660598197355036,8366909
2012-07-25,38.212650299072266,38.43692219931772,37.45357347525775,38.17814584984101,6131518
2012-07-26,38.55769729614258,38.816473725246354,38.02289220801078,38.28166863711456,10181302
2012-07-27,39.454776763916016,39.6790486587693,38.67844773415116,39.09248941537525,4785341
2012-07-30,40.76591110229492,40.88667433989198,39.334016176086365,39.48928386440241,10354713
2012-07-31,41.04195022583008,41.64576185458061,40.7659192447832,40.78317381350842,13034800
2012-08-01,41.05918884277344,41.23170640362678,40.576140608351736,40.88667128192009,5116745
2012-08-02,40.748653411865234,41.14544281953574,40.67964452364524,40.748653411865234,5172210
2012-08-03,40.81766891479492,41.07644529746854,40.26561637562914,40.48988830464513,3992386
2012-08-06,41.55949401855469,41.78376592452563,40.92117807091538,41.04194130638854,3989076
2012-08-07,40.9039421081543,41.69752610228347,40.645165634385364,41.49050398730017,5499481
2012-08-08,41.04195022583008,41.162708807708476,40.8176735912796,40.97294131060845,5783459
2012-08-09,41.07644271850586,41.49048677672375,40.83492091774442,41.09369728417091,4304923
2012-08-10,41.24895477294922,41.93902967085863,40.783161119621674,41.04193745139839,4906011
2012-08-13,41.36972427368164,41.4904875161339,40.748662855125545,41.05919356440359,2775124
2012-08-14,41.421478271484375,41.71475909221833,40.938429985484305,40.938429985484305,3520379
2012-08-16,41.43872833251953,42.26681168704729,40.97292998314819,41.40422388444789,3368688
2012-08-17,40.59339141845703,41.74926003850806,40.11034317301676,41.52498814025063,4100386
2012-08-21,41.24895477294922,41.49048122120942,40.213849445842364,40.386367000360174,2904667
2012-08-22,41.04195022583008,41.26622218054092,40.78317381350842,40.90393239538682,1988035
2012-08-23,40.524391174316406,41.145452596521885,40.30011457422768,41.145452596521885,4652302
2012-08-24,40.40363693237305,40.834930982722376,40.09310615208952,40.36913247237711,5080546
2012-08-27,40.81766891479492,40.95568672942546,40.28286626253841,40.30011614944768,1296282
2012-08-28,41.92176818847656,42.43932076660992,40.78315438851814,40.88666303220985,4356311
2012-08-29,41.07644271850586,42.40482900212957,40.81766635207938,42.094298298385546,6345767
2012-08-30,42.00803756713867,42.43933149123992,40.783164694626564,41.04194104908731,9698034
2012-08-31,41.214454650878906,41.990783639521446,40.99017808806722,41.990783639521446,6414695
2012-09-03,41.93903350830078,42.09429651367055,41.42147611755242,41.43873068248591,3891463
2012-09-04,42.767127990722656,43.02590441322633,41.74927219027228,41.74927219027228,8607402
2012-09-05,42.78804016113281,43.39830137072294,42.63111395816451,42.89265447656028,5181748
2012-09-06,42.23008346557617,42.77059861115936,41.60238342282524,42.77059861115936,2059057
2012-09-07,42.509063720703125,42.840350292262166,42.369576380509415,42.718297095907396,1292419
2012-09-10,42.5265007019043,42.89265554484701,42.19521414508778,42.317267336011085,2343064
2012-09-11,42.17778396606445,42.50906582418899,41.9162434165741,42.28239829392954,1345773
2012-09-12,42.33469772338867,42.50905805786025,41.89879688720971,42.36957073624834,2846913
2012-09-13,42.24751663208008,42.75316348291845,42.02084914819023,42.090595172384035,2572173
2012-09-14,41.84648895263672,42.84034378656041,41.462895277985695,42.54393027751977,13519349
2012-09-17,41.009552001953125,42.23007407327266,40.78288456324464,42.125455057835545,12665195
2012-09-18,41.02699661254883,41.77674513035352,40.800329115979075,41.04443548448616,8408810
2012-09-20,40.71316146850586,41.21880850315954,40.45162087744259,40.45162087744259,6301939
2012-09-21,41.93367385864258,42.19521438503959,40.88751175305452,40.88751175305452,8707245
2012-09-24,41.183921813964844,42.369571154099184,40.974688464570114,41.916236171932965,7593484
2012-09-25,40.939815521240234,41.58494971221387,40.31212020181157,41.428023517443286,11733607
2012-09-26,40.80033493041992,41.13162151634435,40.55622852712533,40.80033493041992,9302273
2012-09-27,40.71316146850586,41.27111567540652,40.46905502491545,40.835214690301065,12478679
2012-09-28,42.020851135253906,42.09059716274583,40.974689101836475,40.974689101836475,8847242
2012-10-01,41.86392593383789,42.195212477562194,41.42802507621487,41.86392593383789,5138030
2012-10-03,41.02699661254883,42.19521183927225,40.90494342829529,41.846491158448956,12133968
2012-10-04,41.1490592956543,41.49778005697631,40.62597815367126,41.253673632119686,7257841
2012-10-05,41.21879196166992,41.532639599030155,41.14904594011143,41.410586426216035,11584935
2012-10-08,41.393157958984375,41.65469848093509,40.81776502683109,41.14905157989952,6807880
2012-10-09,41.91624450683594,42.0208588374221,41.096749817818505,41.532650744973765,5205666
2012-10-10,41.654693603515625,42.07315555174205,41.14904676168711,41.776742048940044,7436554
2012-10-11,41.550086975097656,42.05573396790205,41.35829244945627,41.84650056640271,5476615
2012-10-12,41.82905960083008,41.9859810790001,40.1028902321692,41.497773041647974,2847441
2012-10-15,41.445472717285156,42.17778725899744,41.30598535929901,41.707013287194684,7208908
2012-10-16,41.35828399658203,41.7418776992933,41.236230809833856,41.532644340557425,4006297
2012-10-17,41.75932312011719,41.84650331565051,41.32342214245059,41.63726990040488,2639928
2012-10-18,42.05572509765625,42.16033941142703,41.637258382919114,41.84649174028768,2525746
2012-10-19,41.637264251708984,42.02085800598123,41.49777690374481,41.84649763856909,3153069
2012-10-22,41.35828399658203,41.56751735531791,41.13161649537943,41.30597683935483,4657141
2012-10-23,40.95726776123047,41.375729867493256,40.90495585934779,41.20136947409333,3935245
2012-10-25,40.69572448730469,41.149059588316334,40.48649108305776,41.079313543624664,12050023
2012-10-29,40.085453033447266,40.29468165505873,39.80647365492052,39.80647365492052,2123473
2012-10-30,39.47519302368164,40.224943962767384,39.33570568683081,40.137763786007206,2570824
2012-10-31,39.754173278808594,39.928533646436456,39.42288905329842,39.63212007550355,1852024
2012-11-01,40.782894134521484,40.93981559976622,40.20750123914358,40.20750123914358,4524439
2012-11-02,41.1490592956543,41.253673632119686,40.83521155643008,41.009571937091096,4726469
2012-11-05,40.81776809692383,41.14905467490985,40.73058791638304,41.11418165672803,3632141
2012-11-06,41.724449157714844,41.81162935128782,40.62597966466105,41.0444464857426,4718509
2012-11-07,41.84648895263672,42.055722296066975,41.49776829019519,41.67212862141595,4694784
2012-11-08,41.445472717285156,41.602394221334066,41.218805169329165,41.48034573923869,3005197
2012-11-09,41.68956756591797,42.16034146042012,41.288539703870676,41.39315875255295,5518512
2012-11-12,41.84648895263672,42.108029449467864,41.72443577481684,41.72443577481684,5986709
2012-11-15,41.81161880493164,41.95110613349915,41.37571794701626,41.5326441477966,11277862
2012-11-16,41.532657623291016,41.82907124881188,41.25367814581257,41.776759345027536,7952790
2012-11-19,41.86392593383789,41.98597911993774,41.393156791466645,41.532644119940606,4682624
2012-11-20,42.57880783081055,42.70086102164754,41.88136643154453,41.8988005745953,5826060
2012-11-21,41.88136291503906,42.70085743633446,41.619822412274154,42.578804255745474,8050611
2012-11-22,41.532657623291016,42.07317297054839,41.393170249466074,41.93368559672345,3266009
2012-11-23,41.75932312011719,42.19522409778379,41.4454753621629,41.67214292458387,2809752
2012-11-26,41.98598098754883,42.05572701980174,41.5152070944097,41.84649365287022,2935121
2012-11-27,41.34085464477539,42.1777882724584,41.23624030622908,42.020862034810804,7105541
2012-11-29,41.11417770385742,41.51520554982326,40.76545701522156,41.32341106300435,15583782
2012-11-30,41.11417770385742,41.44546424999231,40.90494434471049,41.21879674834441,9986088
2012-12-03,41.4803352355957,41.5326423903668,40.992122511527306,41.201355860438504,5791740
2012-12-04,42.00341796875,42.19521245406652,41.39315676841758,41.48033693989364,8486828
2012-12-05,41.898799896240234,42.28239360559148,41.49777204412048,42.10803325859793,7991825
2012-12-06,41.86392593383789,42.055725149088225,41.37571791926551,42.020852134512985,3888336
2012-12-07,41.393157958984375,42.00341917686937,41.18392459545838,41.95110728861751,3172271
2012-12-10,41.34085464477539,41.55008805169614,41.14906011416444,41.42803483684003,2674532
2012-12-11,40.97470474243164,41.56753201292241,40.90495868831672,41.497785958807484,5034484
2012-12-12,40.88751983642578,41.27111363027581,40.73059359763271,41.13162626791985,6283865
2012-12-13,41.236228942871094,41.41058927895235,41.00956145193082,41.11417576164885,7727857
2012-12-14,40.538795471191406,41.21880280589666,40.36443510124932,41.21880280589666,6097530
2012-12-17,40.573665618896484,40.87007917278018,40.25981792118385,40.55622674524014,3910978
2012-12-18,40.83521270751953,41.11418743250985,40.48649193636754,40.8003396844387,4553554
2012-12-19,40.5213508605957,41.04443183532477,40.19006435133668,40.992119953990645,6136261
2012-12-20,40.38186264038086,40.765456337468216,40.2772483274602,40.765456337468216,2121800
2012-12-21,39.99828338623047,40.36443830019613,39.928537340795046,40.312131131033624,3053451
2012-12-24,39.893653869628906,40.43417375561689,39.7018593896561,40.03314119413885,2156093
2012-12-26,40.20750045776367,40.52135284180753,39.963398828851155,40.03314012432898,2963625
2012-12-27,39.562374114990234,40.45161241148299,39.440323283652766,40.22494489263219,7464142
2012-12-28,39.57980728149414,40.2423756382732,39.16134293169087,39.89365495261822,6441596
2012-12-31,40.01571273803711,40.10289291947149,39.544938812325924,39.57981183086519,1528669
2013-01-01,39.70186233520508,40.31212356381091,39.64955281094784,40.1551973559528,6397127
2013-01-02,39.4403190612793,40.033141375590255,39.37057303379476,39.78903973904818,10823940
2013-01-03,39.80647659301758,40.01570995989933,39.45775589149039,39.68442340151762,7768126
2013-01-04,40.085453033447266,40.155194330708795,39.59724266839561,39.92852683741179,7374977
2013-01-07,39.893653869628906,40.155194376770126,39.597242713816925,40.102887221307256,5751436
2013-01-08,40.60853576660156,40.71315008183694,39.754168182813366,39.771602325410235,7147399
2013-01-09,40.294681549072266,40.78289427775322,40.13776008327642,40.71314825084827,8208348
2013-01-10,39.719295501708984,40.69571628136519,39.57980817028013,40.3469955878795,5482985
2013-01-11,39.45775604248047,39.823915618381506,39.35314172355288,39.789042602129896,7053838
2013-01-14,39.07416534423828,39.85878457393508,38.969548658640825,39.44032256137256,10369465
2013-01-15,38.72544860839844,39.44032660758841,38.65570493248296,39.23109321492806,7333310
2013-01-16,39.07416534423828,39.1962161733406,38.49877475590908,38.708008127104,12729863
2013-01-17,39.28339767456055,39.422887381696526,38.79518961186896,39.0916031702334,8720890
2013-01-18,40.085453033447266,40.2598133713414,39.05672514794109,39.300829148010195,11437257
2013-01-21,39.719295501708984,40.13776222582266,39.47519148925171,39.876221705708396,5767870
2013-01-22,39.57980728149414,40.190068481390355,39.33570327451836,39.78904063885253,5102821
2013-01-23,39.10903549194336,39.963403109212855,38.899804488359635,39.754169740715504,4125262
2013-01-24,38.69057083129883,39.24852489985466,38.60339065589408,39.12647170832257,7597320
2013-01-25,38.708003997802734,38.934671488322024,38.46390000072502,38.46390000072502,5876853
2013-01-28,39.0218620300293,39.14391524347229,38.272113332919595,38.74288731058366,4530765
2013-01-29,39.09159851074219,39.544933501386446,38.77774848078064,38.93467231330468,8933771
2013-01-30,38.88236999511719,39.33570740707842,38.65570247159344,39.056730356262754,6691139
2013-01-31,38.42902755737305,39.03928874157204,38.21979657031003,38.77774823405819,10621030
2013-02-01,38.51620864868164,38.77774916245718,38.32441179893022,38.41159197018873,6533829
2013-02-04,38.77775955200195,38.95211994123454,38.53365548005915,38.55109199196524,4150438
2013-02-05,38.21979904174805,38.6905705667668,38.080309343105995,38.62082689990257,2184943
2013-02-06,38.13261795043945,38.58595295661805,38.010564762675344,38.37672196105413,2852740
2013-02-07,38.917240142822266,39.1787806652497,38.18492573406001,38.18492573406001,5059086
2013-02-08,38.79518508911133,39.33570261580781,38.56851759319674,39.05672559897284,5162866
2013-02-11,39.2485237121582,39.31826737738877,38.48133866479487,38.882366513555795,3760946
2013-02-12,39.3531379699707,40.224939643970515,38.84749110712009,38.95210778098275,9796530
2013-02-13,38.324424743652344,40.10290178400206,38.11519368090869,40.10290178400206,7821046
2013-02-14,36.85978698730469,38.49877380479477,36.21465274615315,38.35928647071997,14843823
2013-02-15,37.41220474243164,37.62467439832669,36.65085954487747,37.0403840453616,8479053
2013-02-18,38.33290100097656,38.74013168106557,37.270557590491386,37.270557590491386,8321446
2013-02-19,38.38602828979492,38.4745569328863,37.96109128325496,38.332912064537354,8484570
2013-02-20,38.2974967956543,38.82866861465956,38.031910886151664,38.421437847352706,7964693
2013-02-21,37.8371467590332,38.580785804840176,37.66008709880171,38.173555070338224,6464828
2013-02-22,38.61619567871094,38.77554672080213,37.89026048530369,38.10273014242036,14054231
2013-02-25,39.67853927612305,39.749361694869336,38.687018209197205,38.77554683300322,15983553
2013-02-26,39.28901290893555,39.62542120370777,39.023427033879685,39.62542120370777,17614848
2013-02-27,38.563072204589844,39.607711752043485,38.45683979090981,39.4837707340937,9561570
2013-02-28,36.93415069580078,38.95260530311994,36.137393056540915,38.81096046118193,11505348
2013-03-01,38.2266731262207,38.59849386775666,36.93415363435694,37.42991542356918,9664596
2013-03-04,38.40372085571289,38.775541504905256,37.64237335470143,38.244369835056816,5835406
2013-03-05,38.456851959228516,38.59849682328197,37.71321041921523,38.43914575084857,4342564
2013-03-06,38.12043762207031,38.59849319593767,38.014205184760094,38.45684834519548,2348098
2013-03-07,38.31519317626953,38.52766280997515,37.94337251803087,37.94337251803087,3784471
2013-03-08,38.952613830566406,39.005730057548114,38.26209087233816,38.56308682772318,5865486
2013-03-11,39.094242095947266,39.21818310824434,38.59848284974337,38.9348910812026,3872022
2013-03-12,38.687015533447266,39.16507102953253,38.27978485270238,39.16507102953253,5729772
2013-03-13,38.881778717041016,39.04112974752439,38.527664248636896,38.63389906945662,4784709
2013-03-14,38.82866668701172,38.952607732557084,38.5099645720277,38.81096288178482,4923712
2013-03-15,38.59849548339844,38.97031624049794,38.40373200096604,38.74014034253492,4917271
2013-03-18,38.50996398925781,38.59849262002399,38.421435358491635,38.56308020712039,3593844
2013-03-19,37.9256706237793,38.74013199046197,37.19973307235916,38.58078095791503,5195989
2013-03-20,36.95185852050781,37.85485103153328,36.75709505318972,37.730909988287365,5025753
2013-03-21,35.9780387878418,37.28826186368739,35.71245293186664,36.82791496785777,4921271
2013-03-22,36.27904510498047,36.54463101990951,35.71246085920131,35.99575298209089,8653798
2013-03-25,36.792510986328125,37.02268448695921,36.473808846763085,36.61545370846021,4166875
2013-03-26,37.18202590942383,37.288258320525614,36.6508542479459,36.6508542479459,3767435
2013-03-28,37.46532440185547,37.67779407729425,36.86333019010267,37.16432849672548,4534130
2013-04-01,37.35908889770508,37.695497188279994,37.09350302596289,37.27056027379102,1691135
2013-04-02,37.713199615478516,38.12043028409222,37.21743793032663,37.51843618207929,4652635
2013-04-03,37.606964111328125,37.74860893222142,37.37678827551109,37.48302309192723,2361750
2013-04-04,37.004974365234375,37.69549715077857,36.75709229732751,37.44761748436433,3713922
2013-04-05,37.05808639526367,37.182027415224795,36.73938434606699,36.73938434606699,8205260
2013-04-08,36.881038665771484,37.53615153743669,36.65086517112856,37.18203699091344,3096875
2013-04-09,36.58003616333008,37.60696967187143,36.40297891028771,37.022679295936,2293912
2013-04-10,37.040382385253906,37.11120480021388,36.438388255855415,36.66856170484845,1905585
2013-04-11,36.668575286865234,37.11121854618545,36.52693040448012,37.11121854618545,3329986
2013-04-12,37.35908889770508,37.4830275302892,36.49150646215317,36.49150646215317,1819318
2013-04-15,36.845619201660156,37.182029877693566,36.70397437074583,37.182029877693566,2619515
2013-04-16,37.85485076904297,38.208965288441185,36.82791962338526,36.845623428160955,2546545
2013-04-17,37.85485076904297,38.29749391829074,37.624677292031244,37.85485076904297,3775629
2013-04-18,37.89026641845703,38.20896855254429,37.27056595657059,37.58926809065785,5080676
2013-04-22,38.74014663696289,39.165086086401686,37.624686585919484,37.624686585919484,5577118
2013-04-23,38.84636306762695,38.95259787958071,38.49224862877594,38.59848344072969,2951714
2013-04-25,38.89949035644531,39.76707044496969,38.244377537757416,38.633904468030124,7103973
2013-04-26,39.058834075927734,39.20047889589168,38.77554203450753,39.04112787305916,3417359
2013-04-29,39.11196517944336,39.44837355610334,38.793263012395634,38.793263012395634,5263605
2013-04-30,39.731658935546875,40.06806725488628,38.77555019582173,39.02342988367746,5652599
2013-05-02,40.68775939941406,40.90022903235587,39.3952426032464,39.41294880624028,7787838
2013-05-03,39.66082763671875,40.79399578736257,39.53688661977574,40.33364412485776,3489204
2013-05-06,39.69623947143555,39.997235305911644,39.23589021703959,39.501476048249685,1570856
2013-05-07,39.90871047973633,40.28053115898574,39.09424670649773,39.62541841928475,4295563
2013-05-08,40.634639739990234,40.77628454892374,39.890998489359,39.890998489359,4623152
2013-05-09,40.1920051574707,40.794001725691686,39.94412548899346,40.72317690484736,3439496
2013-05-10,39.78478240966797,40.56383157998852,39.660841349871035,39.96183969423895,3388720
2013-05-13,39.731658935546875,40.0149510365932,39.44836683450055,39.519191660881745,3486486
2013-05-14,40.493003845214844,40.776293525445446,39.76706863626544,39.76706863626544,5187764
2013-05-15,40.2805290222168,40.935641727165894,40.01494317991187,40.581527270759324,7598979
2013-05-16,40.33365249633789,40.81170805920718,40.085772812495314,40.10347901880395,7843384
2013-05-17,41.094993591308594,41.395991863586374,40.280532198542915,40.369060819625496,4225774
2013-05-20,40.475303649902344,41.11271276736539,40.369071198484995,41.07730034923083,6051683
2013-05-21,39.90871047973633,40.68776184485879,39.60771461671917,40.4044721858997,3901355
2013-05-22,39.89101028442383,40.05036374345718,39.625424388025365,40.014951330006916,4300192
2013-05-23,38.81095886230469,39.961830960490325,38.598489206657995,39.71394889507165,5416658
2013-05-24,38.59849548339844,39.235902152498575,38.27979334959486,39.235902152498575,4295474
2013-05-27,39.713951110839844,39.90871457246703,38.598491360191126,38.6693137821939,1976291
2013-05-28,39.837890625,40.26282754223779,39.62542096563479,39.784774410905015,3947350
2013-05-29,40.1920051574707,40.35135860287781,39.73165582944574,39.997241703134065,4123634
2013-05-30,40.510704040527344,40.72317368326674,39.71394648249327,40.08576715654099,4814631
2013-05-31,40.121177673339844,40.72317176407423,39.891001837637766,40.70546796259066,8210037
2013-06-03,39.448368072509766,40.15659714660555,39.18278216972384,40.138893340947476,2337051
2013-06-04,40.085777282714844,40.31595318740994,39.377548163332484,39.377548163332484,6339450
2013-06-05,39.8201904296875,39.979541497515235,39.64313315399158,39.85560284542389,2941759
2013-06-06,39.67853927612305,39.8733027287948,39.554598242197585,39.554598242197585,3741327
2013-06-07,39.182777404785156,39.9087125977524,39.11195498628673,39.32442464327462,3373193
2013-06-10,38.952613830566406,39.48378570635632,38.881791394093064,39.30672841442635,4178032
2013-06-11,38.19125747680664,39.607715405790955,37.996494031272796,38.72242920017576,4988953
2013-06-12,38.244380950927734,38.74014035961701,37.961088831036875,38.244380950927734,1985386
2013-06-13,37.44761657714844,38.386019006372905,37.30596934156287,37.97878830723607,3320850
2013-06-14,38.633907318115234,38.77555217512226,37.53615127108549,37.62467990708811,5440747
2013-06-17,38.31519317626953,38.75783624524595,37.89025631035064,38.61619142377043,1761508
2013-06-18,38.38602828979492,38.846377714168696,38.01420991000567,38.24438342144598,2599492
2013-06-19,38.06731414794922,38.31519379024968,37.83714070899001,38.22666517503577,3158484
2013-06-20,37.48302459716797,37.99649249688375,37.37678977648566,37.961080089492164,3936637
2013-06-21,37.96107864379883,38.12042966800743,37.182027324284974,37.412200759087135,8100913
2013-06-24,37.500728607177734,38.4214271305763,37.199730366434125,37.748608239941255,7726193
2013-06-25,36.509212493896484,37.89026046129452,36.13739179492423,37.606968385816,5865050
2013-06-26,37.5361442565918,37.67778908712922,36.27903737997531,36.402976006322426,9917951
2013-06-27,37.730899810791016,38.24436765017079,37.483020192654806,37.71319601066798,10124040
2013-06-28,39.4129524230957,39.696244492517856,37.8902596512576,37.8902596512576,13955319
2013-07-01,39.979530334472656,40.121177556374604,39.129656609030256,39.129656609030256,4880398
2013-07-02,39.430660247802734,39.94412579388759,39.16507437208718,39.69624612351828,4836103
2013-07-03,38.35061264038086,39.218192734944466,38.17355538020491,39.218192734944466,3203552
2013-07-04,38.12043762207031,38.77555046011183,37.62467824297981,38.42143593176352,5239017
2013-07-05,38.10272979736328,38.5630767144595,37.81943772427074,38.24437463316326,2878063
2013-07-08,37.288272857666016,38.06732685274806,37.111215568146136,38.06732685274806,5074736
2013-07-09,38.89949035644531,38.95260657353124,37.483029883404896,37.642380936155455,5626482
2013-07-10,38.2974967956543,39.342136627559015,38.19126435304761,39.11196073176096,6811029
2013-07-11,39.0765495300293,39.44836787083439,38.65161016654996,38.93490227503855,5779104
2013-07-12,39.058834075927734,39.21818509876025,38.26207656027284,39.20047889589168,3580274
2013-07-15,38.97031784057617,39.2890199874653,38.61620327670243,38.93490542359156,2918182
2013-07-16,39.0234260559082,39.271305719449664,38.3506094832253,38.3506094832253,2477162
2013-07-17,39.27130126953125,39.73165053622653,38.88177681424472,38.988011629865525,9890923
2013-07-18,39.30672836303711,39.55460809111634,39.041142425489376,39.14737728080711,5820812
2013-07-19,39.430660247802734,39.59001129293353,39.16507437208718,39.59001129293353,4552788
2013-07-22,39.35984420776367,39.59002012563262,39.058848255694855,39.20049312708098,2515956
2013-07-23,39.00572204589844,39.749363479860044,38.66931374062732,39.749363479860044,5415186
2013-07-24,38.952613830566406,39.18278734947808,38.50997060074148,38.633911665689745,2594203
2013-07-25,39.00572204589844,39.572306224297066,37.642380217466396,39.1650754970993,4206471
2013-07-26,38.368316650390625,39.218190489989,38.262081820067664,39.12966186496864,5399927
2013-07-29,38.279788970947266,38.828664538437536,38.01420308932576,38.66931348976318,2056881
2013-07-30,37.37678909301758,38.3151938568106,37.05808703829082,38.27978385155896,1322467
2013-07-31,35.80099105834961,37.18203931708687,34.79176357702212,36.86333476438145,6050144
2013-08-01,36.420684814453125,36.81021172851948,35.05734301671357,35.69474960268911,4448345
2013-08-02,32.34837341308594,35.53540447200313,30.648623034698158,35.057348852568325,31014744
2013-08-05,33.03889083862305,33.57006259350804,31.055848659788676,32.560835298629485,15799229
2013-08-06,33.127418518066406,33.817941299391784,32.73789401650746,32.93265506654063,14382559
2013-08-07,33.03889083862305,33.623181209892145,32.77330496118055,33.28677051060418,5717703
2013-08-08,33.994998931884766,34.349113429045254,33.10971268898355,33.21594751843022,6778874
2013-08-12,33.676300048828125,34.490763950079696,33.49924278340356,34.17205943141977,9452703
2013-08-13,34.04812240600586,34.17206105680244,33.28677468757126,33.62318542907349,2256717
2013-08-14,34.3845329284668,34.756353707442656,33.835654864406536,33.995005940683875,9066232
2013-08-16,34.70322799682617,35.07504869989986,33.81794175212341,34.38452590933023,16654810
2013-08-19,34.172054290771484,34.596993585059295,33.55235395500968,34.38452393791539,5042098
2013-08-20,34.154361724853516,34.349122830403815,33.5877774137255,34.17206553336297,5439143
2013-08-21,34.561580657958984,35.004223748287934,34.22517238960747,34.33140721158491,17512680
2013-08-22,34.738643646240234,34.96881713072726,34.01270837759928,34.349116701654495,11299648
2013-08-23,34.63241195678711,34.77405922292635,34.20747496135555,34.63241195678711,19297499
2013-08-26,34.68552017211914,34.86257740053389,34.419934329497025,34.59699155791177,24410353
2013-08-27,33.888771057128906,36.56233635020169,33.57006652596866,34.70323258883264,13466053
2013-08-28,33.2336540222168,34.278291317928584,32.63165985193311,33.640884737013586,11398478
2013-08-29,34.455345153808594,34.880282031812676,33.19823832186503,33.19823832186503,15533827
2013-08-30,34.57929611206055,34.82717582865573,33.2159540685474,34.31371018681719,8242572
2013-09-02,35.05733871459961,35.234395944448714,34.41993460833674,34.59699183818584,15403306
2013-09-03,33.871063232421875,35.41146238908443,33.33989144067518,35.23440272367603,4877060
2013-09-04,34.11894989013672,34.31371340052135,33.33989825009153,33.4992493398632,4850453
2013-09-05,34.47371292114258,35.99671958087612,34.04368556713783,34.957490049027356,9746210
2013-09-06,35.45918655395508,35.978800086223764,34.07952077459794,34.38412306777974,7041237
2013-09-10,36.64176559448242,37.1076246051552,35.566699422225334,35.566699422225334,8723482
2013-09-11,35.47710037231445,36.87468428519122,35.13666410657094,36.51632980961976,5150080
2013-09-12,35.47710037231445,36.06838671515545,35.20833451563586,35.65627761010018,5409563
2013-09-13,35.745880126953125,35.907139206644786,35.28001867320685,35.297934458535565,6331674
2013-09-16,36.74925994873047,37.25095768226344,35.54877389077912,35.74586934215826,14084730
2013-09-17,36.390907287597656,36.74926178795027,35.31584378653984,36.570084537773965,5923058
2013-09-18,35.97880554199219,36.37299651879641,35.441273717394054,36.01464196906433,4635243
2013-09-19,35.97880554199219,37.32263510348752,35.566696351651885,36.83885548925027,10203659
2013-09-20,36.4088249206543,36.74926120453526,36.01463643467259,36.10422505833847,15290056
2013-09-23,35.566688537597656,36.15797487289752,35.42334772129594,35.87129081004729,3730187
2013-09-24,35.53086471557617,35.78171243100605,35.13667371258102,35.315850999352,8304198
2013-09-25,36.014644622802734,36.14006726630233,35.190428611637124,35.47711032834907,5150528
2013-09-26,35.5846061706543,35.92504485678696,35.31584032175804,35.83545624048821,6791644
2013-09-27,35.45918655395508,35.978800086223764,35.31584329765019,35.584609169194025,4575709
2013-09-30,35.13667678833008,35.45919739089873,34.67081531589606,35.19043143721537,5763141
2013-10-01,35.47710037231445,35.548773211626205,35.08291190733395,35.20833451563586,4024187
2013-10-03,35.79962158203125,35.92504662311498,35.33376026832336,35.83545800241142,11166670
2013-10-04,35.100830078125,35.65627757044557,35.01124145933177,35.65627757044557,16408671
2013-10-07,35.13667678833008,35.19043143721537,34.599144880963365,34.95749948587451,3643908
2013-10-08,35.208335876464844,35.4054313316964,35.01124285148021,35.333760919861355,7001377
2013-10-09,35.49502182006836,35.620446870058615,34.939571846213994,34.939571846213994,5815351
2013-10-10,35.566688537597656,35.674195364947344,35.20833406659658,35.4950181294468,4045318
2013-10-11,35.45918655395508,35.799622838527874,35.35167971928815,35.67419779304197,2594571
2013-10-14,35.6741943359375,35.799619369268754,35.22625126010691,35.4770988965227,3588795
2013-10-15,35.45918655395508,35.88921146237582,35.20833646298327,35.71003421467993,6566169
2013-10-17,34.975406646728516,35.763786042283186,34.77831119027812,35.38751334001368,7117518
2013-10-18,35.65628433227539,35.83546403408817,34.77831618765392,35.2979297891444,15690831
2013-10-21,35.65628433227539,35.81754582088216,35.4950252739159,35.65628433227539,2023039
2013-10-22,36.53425216674805,37.12553614646367,35.58461124053413,35.58461124053413,9232804
2013-10-23,36.050472259521484,37.01802895827365,35.94296541960522,36.87468812521669,3579487
2013-10-24,35.47710037231445,36.39090477107103,35.190418736054745,36.19381175370419,7207079
2013-10-25,35.90712356567383,36.10421899066431,35.226248682092766,35.69210993291211,5281406
2013-10-28,35.387516021728516,36.157979695285626,35.22625697432028,35.942966011909895,5287076
2013-10-29,35.97880554199219,36.1759010303943,35.118753164486776,35.33376686642496,7086272
2013-10-30,35.889217376708984,36.10423108147584,35.83546516564095,36.068394653932245,3289474
2013-10-31,36.30131912231445,36.73134647238205,35.42335107137932,36.17589650375059,8249061
2013-11-01,35.082916259765625,36.51633433988313,34.97540941770739,36.30132065576665,9616570
2013-11-05,34.097434997558594,35.1366619405534,33.88242135337162,35.02915511845992,17767298
2013-11-06,34.49163055419922,34.67080781790549,34.15119423920674,34.15119423920674,9564186
2013-11-07,34.06160354614258,34.49162846696558,33.882426293279075,34.366205848109345,9949028
2013-11-08,34.41996383666992,34.56330712119997,33.55991385047938,33.7749251319033,6427427
2013-11-11,34.38412857055664,34.54538763324118,33.757008103257746,34.36621035687006,7123880
2013-11-12,34.16910934448242,34.47371163718316,33.97201388627883,34.3841230134767,5714533
2013-11-13,34.40203857421875,34.491627197352805,33.8824250460906,33.98993187990086,4914428
2013-11-14,34.40203857421875,34.65288866319166,34.31244995108469,34.43787499557114,2329910
2013-11-18,34.52747344970703,34.65289852990575,34.29454393533528,34.50955523392898,4220710
2013-11-19,34.06160354614258,34.52746488963709,33.81075587818307,34.258699010341836,6280476
2013-11-20,33.59573745727539,34.204941975159244,33.52406705230278,33.90033971621732,5017948
2013-11-21,33.47031784057617,33.75700191627598,33.21947018568143,33.68532907466585,4281191
2013-11-22,33.64949417114258,33.757001000394034,33.398646523053735,33.398646523053735,7516975
2013-11-25,33.73908233642578,33.90034136300937,33.577823309842195,33.577823309842195,8325845
2013-11-26,33.774925231933594,33.918268516888176,33.45240709371881,33.59574794842595,7679212
2013-11-27,33.022377014160156,33.93618150537984,32.9148701745613,33.59574277494228,4670852
2013-11-28,33.93617630004883,34.04368069291096,32.84319472056137,33.05820593653233,21937834
2013-11-29,34.079524993896484,34.25870226377585,33.47032276235608,33.81075908907743,19972565
2013-12-02,33.541988372802734,33.93617928209123,33.00445664027127,33.00445664027127,12138526
2013-12-03,33.59573745727539,33.68532607105282,33.3986444511624,33.50614884349796,10819239
2013-12-04,34.25870132446289,34.36620816949232,33.43448541956689,33.54199226459631,21813713
2013-12-05,34.509544372558594,34.63496941328163,34.09743769060611,34.581214782865956,14177075
2013-12-06,35.45918655395508,35.799622838527874,34.38412306777974,34.38412306777974,25973812
2013-12-09,36.30131912231445,36.49841458605427,35.29792602256843,35.65628052746008,30640399
2013-12-10,35.2620964050293,36.37299648011634,34.760398577789495,36.30132362604829,28724268
2013-12-11,35.11874771118164,35.297924958224705,34.8141478493566,34.939570464138576,7491141
2013-12-12,35.100830078125,35.19041869691823,34.90373463073053,35.01124145933177,9916532
2013-12-13,34.939571380615234,35.172503266029274,34.77831234009599,34.83206697376708,12252500
2013-12-16,35.47710037231445,35.62044362069113,34.68872101210662,34.76039142117155,21800566
2013-12-17,35.36960220336914,35.56669525544932,35.0649998733861,35.26209535571353,18137305
2013-12-18,35.8354606628418,36.44466284280389,33.954097058147426,34.04368568550206,156704650
2013-12-19,35.566688537597656,36.19381129209634,34.491625124594414,34.939568213345765,508752991
2013-12-20,35.620452880859375,35.92505523638062,35.208343668669016,35.405439167521145,55032517
2013-12-23,35.72795867919922,35.79962910477313,35.315849479216304,35.47710854431945,27772323
2013-12-24,35.31584548950195,35.727954642927926,35.28001149588694,35.65628179520368,16656973
2013-12-26,35.47710037231445,35.692114029756056,34.88581645972028,35.15458231639887,58569185
2013-12-27,35.7637939453125,35.87130080261005,35.190428090138006,35.47710980260152,17259233
2013-12-30,35.47710037231445,35.90712768719766,35.3337595541846,35.62044362069113,10546799
2013-12-31,35.79962158203125,35.83545800241142,35.423348889026926,35.512937509730484,12881038
2014-01-01,35.65628433227539,35.79962760767616,35.53086170032791,35.78170939447015,3186233
2014-01-02,36.51633071899414,36.695507961241965,35.835458170551185,35.87129216085262,29730385
2014-01-03,36.086299896240234,36.82092695483841,35.88920447609246,36.51632472095126,10720086
2014-01-06,35.79962158203125,36.19381248522566,35.512937509730484,36.19381248522566,6603244
2014-01-07,35.405433654785156,35.83546101450502,35.315845026551365,35.799624591112675,12753362
2014-01-08,35.387516021728516,35.656281910824625,35.29792739202982,35.31584560401898,10653844
2014-01-09,35.42334747314453,35.65627690556477,35.29792243707408,35.38751105419675,12969982
2014-01-10,34.92165756225586,35.656282391490656,34.59913703284451,35.656282391490656,21668655
2014-01-13,35.11874771118164,35.26209096696426,34.688722804327675,34.688722804327675,11775173
2014-01-14,34.92165756225586,35.29792786786504,34.81415071911874,35.08291661183796,6262293
2014-01-15,34.939571380615234,35.65628038758702,34.79623055131969,34.957489591838936,8229009
2014-01-16,35.208335876464844,35.35167913038185,34.99332464095972,35.08291326331525,15169976
2014-01-17,34.84998321533203,35.208337723554045,34.65289018000756,35.11874909649855,11229974
2014-01-20,35.29793167114258,35.441274954186056,34.76039982778623,34.76039982778623,13050752
2014-01-21,35.06498718261719,35.38750517861063,35.01123499336707,35.172493991363794,11629511
2014-01-22,35.15458679199219,35.44127089499698,35.06499816169364,35.082916373802775,12315468
2014-01-23,35.13667678833008,35.28002008844316,34.97541770216961,35.118758572034984,5617086
2014-01-24,35.15458679199219,35.36960047680756,35.02916173747536,35.0470799495845,11973294
2014-01-27,34.5991325378418,35.44126653105365,34.348284889942576,34.90373481544953,12637443
2014-01-28,34.61705017089844,34.760390987238885,34.5095433435197,34.599131961294184,7516995
2014-01-29,34.29454040527344,34.74248360237811,34.187033551918844,34.65289496295718,5177129
2014-01-30,34.25870132446289,34.50954900936676,34.04368763440404,34.2945377495551,28308126
2014-01-31,34.22285842895508,34.40203566004521,34.11535403449839,34.40203566004521,15088682
2014-02-03,34.11537170410156,34.63498545734063,34.02578304215525,34.097453485662705,4482727
2014-02-04,34.16910934448242,34.47371163718316,33.97201388627883,34.061602509985285,8237100
2014-02-05,34.67079544067383,34.706631852720605,33.936170865931686,33.936170865931686,8121381
2014-02-06,34.47371292114258,34.58121732939672,34.13327419418098,34.402040075310424,8396200
2014-02-07,34.939571380615234,35.0649964289341,34.330369210738624,34.47371247028119,6497909
2014-02-10,34.7603874206543,35.11874185498331,34.65288303455283,34.88581244476807,3792896
2014-02-11,34.25870132446289,34.90373996439225,34.222864899370684,34.796233119362824,5013980
2014-02-12,34.29454040527344,34.527469895668915,34.16911533798518,34.366210830760714,5538187
2014-02-13,34.04368209838867,34.36620258103026,34.007848109370805,34.24077754385073,6549052
2014-02-14,34.13327407836914,34.16911050116363,34.025769670479754,34.11535829721893,14754417
2014-02-17,34.240779876708984,34.34828671158073,34.07952083952485,34.07952083952485,4752663
2014-02-18,34.31245040893555,34.43787545509562,34.22286178460605,34.27661641735193,4866082
2014-02-19,34.00784683227539,34.34828308151812,33.88242179980594,34.240776258008125,2804777
2014-02-20,34.079524993896484,34.27662047681324,33.774922663002656,33.90034772401712,5141168
2014-02-21,34.15119171142578,34.29453496992922,34.07952129729756,34.13327350033198,4456386
2014-02-24,34.06160354614258,34.13327396123857,33.70324904041557,34.13327396123857,5118446
2014-02-25,34.15119171142578,34.25869854774161,34.00785088316934,34.07952129729756,4052135
2014-02-26,34.11537170410156,34.47372635188685,33.98994660527752,34.22287615423876,21051173
2014-02-28,33.864505767822266,34.18702625908545,33.41656266627357,34.061601218553065,27401493
2014-03-03,33.93617630004883,34.15118751601979,33.63157403961494,33.72116265383118,15373777
2014-03-04,34.92414093017578,35.087591913630575,34.1068835496212,34.21585169301793,9410466
2014-03-05,34.99679946899414,35.10576765576723,34.65173559694735,34.94231660724839,5385763
2014-03-06,35.45082473754883,35.70508214913109,34.92414814285392,34.99679276569441,7952223
2014-03-07,35.95934295654297,36.12279645247121,35.32369813591951,35.32369813591951,13092149
2014-03-10,35.92301940917969,36.06830865861492,35.487149197592835,35.86853409318061,11546535
2014-03-11,35.90487289428711,35.99567932959093,35.65061536809288,35.74142180339669,7773473
2014-03-12,35.777732849121094,35.868539258916215,35.52347539435107,35.72324998855663,15253272
2014-03-13,35.8867073059082,36.322580119733026,35.632449806698354,35.79590088024169,12326297
2014-03-14,35.723236083984375,36.32255963332607,35.59610617444144,35.70507431643816,11859122
2014-03-18,36.849246978759766,37.03085978121561,35.77772947364525,35.77772947364525,15512927
2014-03-19,37.15798568725586,37.57569659313727,36.81292186989725,36.81292186989725,12921191
2014-03-20,36.06830978393555,37.12166549668942,35.959341611818765,36.940052697588534,6054665
2014-03-21,36.631309509277344,37.35776069686527,36.15911574468895,36.24992214313744,21508819
2014-03-24,37.48489761352539,37.8481232748922,36.685801651174735,36.685801651174735,9956813
2014-03-25,38.356632232666016,38.483762179627476,37.26695541853222,37.26695541853222,14139614
2014-03-26,37.775482177734375,38.683546416306655,37.630190421593674,38.5019335685922,6805235
2014-03-27,38.320308685302734,38.64721072320318,37.77547031328124,37.77547031328124,20892387
2014-03-28,39.02860641479492,39.319187434612346,38.0660569406048,38.265831545684385,6967406
2014-03-31,38.138694763183594,39.33733963872738,37.97524128580135,38.937790525785765,6602071
2014-04-01,39.228389739990234,39.755066569888875,38.175033616910746,38.320325390757326,13292951
2014-04-02,39.37367248535156,39.62793243136699,38.955963939666425,39.28286606556942,8823613
2014-04-03,39.48263931274414,39.80954389059399,38.82883262032614,39.26470539079261,6355761
2014-04-04,38.71986389160156,39.500800541806534,38.62905747622529,39.500800541806534,7240495
2014-04-07,38.82882308959961,39.319178604373356,38.42927396917055,38.756178466780085,6247841
2014-04-09,38.77434539794922,39.010441069349866,38.338472676468925,38.883313578319296,6654828
2014-04-10,39.155731201171875,39.30102046022072,38.574569238413844,38.82882667338999,9464658
2014-04-11,39.10124588012695,39.21021405605023,38.919633074681926,38.93779484788269,6290384
2014-04-15,39.17389678955078,39.30102428777924,38.792509368302284,38.95596041647119,9004170
2014-04-16,39.11941146850586,39.30102429166294,38.392960175877526,39.13757324347788,10220793
2014-04-17,38.93779373168945,39.046761904489045,38.556406358531504,39.0286001318089,10918544
2014-04-21,38.483760833740234,39.30101841575875,38.41111620799483,38.79250357225971,4950498
2014-04-22,38.483760833740234,38.683535402001,37.902598901214596,38.57456723174229,8749084
2014-04-23,38.356632232666016,38.84698778433874,38.21134297609402,38.46560040673565,11101407
2014-04-24,38.356632232666016,38.356632232666016,38.356632232666016,38.356632232666016,0
2014-04-25,38.320308685302734,38.61088717975596,37.99340418412116,38.28398514185552,5635586
2014-04-28,38.538265228271484,38.68355702425464,38.06607120207073,38.2295247804621,4189566
2014-04-29,38.356632232666016,39.01043881380255,38.19318120320221,38.79250492894456,8984063
2014-04-30,38.42927551269531,39.192050241140215,38.10237346523675,38.411116203721875,9560866
2014-05-02,37.97524642944336,38.665376584975,37.811795393203184,38.35663382285803,2642603
2014-05-05,38.175025939941406,38.35663877326578,37.757317408608024,37.884444913966064,1955739
2014-05-06,37.23063278198242,38.193179608977005,37.04901998720751,38.102373211589544,4306301
2014-05-07,37.23063278198242,37.648341224652256,37.04901998720751,37.30327740723615,6851875
2014-05-08,37.61201477050781,38.02972564414236,37.23062990161151,37.55753192160291,6511390
2014-05-09,38.81068420410156,38.95597352619397,37.6120362120684,37.70284265419676,19808139
2014-05-12,40.499664306640625,41.044502707360564,38.66537453156057,38.66537453156057,8560913
2014-05-13,40.990028381347656,41.879928331746484,40.71760912430574,40.826574856497096,14210275
2014-05-14,40.68128204345703,41.40773333257008,40.49966922117876,41.02634591312942,8786547
2014-05-15,41.57118225097656,41.988890710760685,39.319181532874005,40.517826520155396,17562208
2014-05-16,43.40547561645508,45.639312408920425,42.51557079126781,42.51557079126781,35379329
2014-05-19,44.40434265136719,45.47586021916871,43.69605070972715,43.69605070972715,25035487
2014-05-20,45.36689376831055,46.34760502021162,44.65860668777161,45.02183234750336,22538200
2014-05-21,45.20344161987305,45.71195651816489,44.67676248408615,45.03998811523217,10213784
2014-05-22,45.548519134521484,46.1115220179993,44.731261175190646,45.07632761753398,17055437
2014-05-23,47.52809143066406,47.94579998055239,43.60525110066383,45.76644588385125,22941667
2014-05-26,46.5473747253418,48.962823995128225,44.67675893239861,47.83682364277712,23747350
2014-05-27,46.09334182739258,46.67450382716795,45.039988473991386,45.621150473766754,11091241
2014-05-28,45.348724365234375,46.12965837457643,45.14895226745927,46.12965837457643,13246147
2014-05-29,45.421382904052734,46.12967000557349,45.18528227698236,45.711961469820714,14803509
2014-05-30,44.313533782958984,45.948049009879085,43.64156542657932,45.58482340389684,69911271
2014-06-02,45.47584915161133,45.89355753472586,44.38617253832387,44.422496077412454,13367356
2014-06-03,45.494014739990234,45.96621096022245,44.87653419646519,45.40320834301046,18372713
2014-06-04,45.130794525146484,45.73011583125309,44.96734594706082,45.494020156309624,23251745
2014-06-05,46.09334182739258,46.67450382716795,45.58482692505024,45.65747402248327,19424103
2014-06-06,46.52921676635742,46.63818741767688,45.784606151875494,46.45656966547778,14951210
2014-06-09,49.889060974121094,51.79599590832075,46.547387473938116,46.80164250922641,41900147
2014-06-10,49.38053512573242,51.214822545876025,48.85385600330242,50.63366549203122,22963428
2014-06-11,48.58143997192383,49.81641110871759,47.782346507216054,49.38053836319472,14529763
2014-06-12,49.562156677246094,49.9617059171491,48.01844751178368,48.526962486858565,15766959
2014-06-13,48.45431900024414,50.306766007643375,47.21934775989328,49.87089815213442,10439654
2014-06-16,47.87315368652344,48.309021512474374,47.092219520951886,48.309021512474374,11540459
2014-06-17,48.490631103515625,48.96282737500021,47.60073127246117,47.60073127246117,16756330
2014-06-18,48.65408706665039,49.580310492586484,47.76418226403483,48.67224637831066,13262126
2014-06-19,47.65521240234375,49.03546776554988,47.473599595260694,48.67224215138377,4904553
2014-06-20,48.05477523803711,48.436160270816,47.45545378942853,47.90948593633868,9100975
2014-06-23,47.72786331176758,48.49063322125167,47.4917627024326,47.945794756441266,9955400
2014-06-24,48.091087341308594,48.508795831668,47.90947452579903,48.29085946774394,10866416
2014-06-25,48.091087341308594,48.399825186424515,47.72786171028946,47.945793147650605,14393130
2014-06-26,48.14556884765625,48.49063023148971,47.80050253726,48.32718165806211,19577916
2014-06-27,49.59847640991211,49.90721920453067,47.764183881039095,48.309022368049504,21315448
2014-06-30,50.5610237121582,50.924249372276066,49.87089594324693,50.05250877330586,33365772
2014-07-01,50.851585388183594,51.45091146966758,50.288587772527244,50.851585388183594,17681327
2014-07-02,51.323795318603516,51.850474462893494,51.06953540207119,51.06953540207119,15633096
2014-07-03,51.033206939697266,51.57804534275675,50.54285631819374,51.48723894224684,10773481
2014-07-04,52.37714767456055,53.13992248294317,50.68814948021803,50.996892251058966,11771805
2014-07-07,53.049110412597656,53.37601245941926,52.322659230077484,52.849338308029566,13259170
2014-07-08,50.03433609008789,53.17624146109997,49.398691292159135,53.0309522068859,14948074
2014-07-09,49.47134017944336,50.633664108498806,48.59959969593311,50.12514431043538,8629784
2014-07-10,49.96169662475586,50.76079002937454,47.21934024963624,49.76191957867913,17933570
2014-07-11,48.200050354003906,50.433886874049776,47.47359913274914,49.87088914820239,11319671
2014-07-14,48.65408706665039,49.6529575923538,47.854988675462415,48.200055009512475,7915363
2014-07-15,49.089969635009766,49.36238892380349,48.345353956368434,48.83570966150997,9737615
2014-07-16,49.4895133972168,49.83457979622322,48.418000496604314,49.16261123985306,6411041
2014-07-17,50.37940216064453,50.63366204933604,49.289725368930874,49.41685531327663,8924449
2014-07-18,49.79824447631836,50.179634341955385,49.36237667831403,50.07066369753215,5148178
2014-07-21,49.72562026977539,50.125164663972406,49.54400739002595,49.798262465736364,4656631
2014-07-22,49.30789566040039,50.05251125652203,48.90835135569912,49.761927758073256,6944595
2014-07-23,49.507659912109375,50.197787536450555,49.10811078436587,49.56214276440116,7269605
2014-07-24,48.90835952758789,49.580323203168426,48.672258856098104,49.47135745214574,5942240
2014-07-25,48.96281814575195,49.253396622229204,47.98210716615785,48.85384752215153,8230977
2014-07-28,48.38166427612305,49.25340477643883,48.01843865711125,49.035468419719194,5386124
2014-07-30,48.9265022277832,49.38053424712278,48.3090167108563,48.3090167108563,8577572
2014-07-31,48.34532928466797,48.90833181680072,48.09107436748425,48.74487835631279,19081582
2014-08-01,47.146697998046875,48.30901701903333,46.9469209523254,48.30901701903333,10682255
2014-08-04,48.109256744384766,48.9265145856186,46.620030359490336,47.58257749829739,23311942
2014-08-05,48.109256744384766,48.69041886124161,47.58257749829739,48.309028912727456,16126934
2014-08-06,48.6904182434082,48.99916107593613,47.709706875746285,47.891319727049314,9867110
2014-08-07,48.85386276245117,49.5258312413122,48.61776706084149,48.944669180498245,11406313
2014-08-08,47.90946960449219,48.72672719033574,47.38279052299027,48.58143301160251,5755079
2014-08-11,47.92763137817383,48.599599746401736,47.21933946339472,48.599599746401736,7165189
2014-08-12,48.03661346435547,48.27271413413093,47.618904853048974,47.98213058923972,4457748
2014-08-13,48.05477523803711,48.76306243127849,47.5280959769957,47.945804566840216,7838517
2014-08-14,48.38166427612305,48.67224280070739,48.14556860907793,48.49062999120149,4598772
2014-08-18,48.96281814575195,49.14443092519072,48.072913555877236,48.16371994559661,5649943
2014-08-19,49.59847640991211,50.08883203353414,48.45431657250291,49.07179723517674,7522151
2014-08-20,49.79824447631836,49.979857290460885,49.50766594431548,49.65295521031692,11632976
2014-08-21,49.562156677246094,49.79825238782761,49.25341385884087,49.65296309874388,5097954
2014-08-22,48.726722717285156,49.72559300828782,48.635916327194,49.580298842892404,3969492
2014-08-25,48.109256744384766,48.853867473550004,47.94580320551242,48.74490173201108,7109144
2014-08-26,47.58256530761719,48.30901653593004,47.36463388037349,47.92763161169087,7855848
2014-08-27,47.0377311706543,48.01844238882647,46.438409838021585,47.47360391796707,14179712
2014-08-28,46.928768157958984,47.32831737831523,46.29312323857151,47.05589812714917,24486863
2014-09-01,48.091087341308594,48.23637660840366,46.20231208938396,46.49289062357409,7250215
2014-09-02,48.127403259277344,48.399822467236696,47.67337124601176,47.87314828778621,8985537
2014-09-03,48.21821975708008,48.49063902207416,47.72786902134167,48.36351397299453,8220774
2014-09-04,49.21235656738281,49.340748560929896,47.89171126745792,48.460320019534116,8542895
2014-09-05,49.322410583496094,49.70759653353598,48.79048238995276,49.39578170524782,5566453
2014-09-08,48.82716369628906,49.78096331763912,48.331921106774395,49.52416938954641,6820385
2014-09-09,49.17569351196289,49.52419404425502,48.9739253321114,49.01061090805391,6490318
2014-09-10,49.946048736572266,50.111126292211274,49.06561520384745,49.06561520384745,5594235
2014-09-11,50.56968688964844,50.69808387012825,49.63423241524087,50.09278950576671,6309287
2014-09-12,49.579227447509766,50.588053471690536,49.395804534022346,50.36794498037265,7528757
2014-09-15,50.16615295410156,50.36792104846825,49.102301556487824,49.17567267728709,3929071
2014-09-16,49.87268829345703,50.551353880358405,49.34076000153508,49.9827400207757,6434969
2014-09-17,49.946048736572266,50.111126292211274,49.08396047158236,50.074440732403986,5122756
2014-09-18,50.09280014038086,50.58804289842052,49.5792170850917,49.817665827654814,16935401
2014-09-19,50.20284652709961,51.04659464830672,49.799315249623454,49.799315249623454,17128011
2014-09-22,50.25787353515625,50.40461580352306,49.68926466005716,50.184507376636354,7010679
2014-09-23,50.07445526123047,50.77146617281524,49.7993209463409,50.44130101441657,10349414
2014-09-24,49.835994720458984,50.4046084887032,49.65257188728268,49.92770613704714,6457902
2014-09-25,49.891021728515625,50.27621267248726,49.615887472391414,49.891021728515625,16106351
2014-09-26,50.25787353515625,50.40461580352306,49.54252736735387,49.90937308694386,5236288
2014-09-29,51.19333267211914,51.39509582592016,50.07445025144373,50.25787310968591,8073293
2014-09-30,49.61589431762695,51.00991105971228,49.194022728499085,50.97322549203516,12952693
2014-10-01,49.87268829345703,50.62472004001633,49.41413113685659,49.891028589455615,7924373
2014-10-07,50.349578857421875,50.53300169496685,49.50583579498014,49.8726814700701,8847590
2014-10-08,50.58802795410156,50.918188036706724,50.18449675284528,50.257862895833945,4593053
2014-10-09,50.643070220947266,50.954890112795674,50.36793590031586,50.679755792164265,9248781
2014-10-10,49.909366607666016,50.56968682693925,49.78096962734542,50.44128984661865,11619666
2014-10-13,49.469146728515625,50.01941520217589,49.35909502404859,49.469146728515625,10406480
2014-10-14,49.909366607666016,50.129475005978044,49.28572697505906,49.5792064980294,14165351
2014-10-15,49.909366607666016,49.909366607666016,49.909366607666016,49.909366607666016,0
2014-10-16,49.13899612426758,49.94605869834698,48.60706784012476,49.89102785982885,11263977
2014-10-17,49.19402313232422,49.707606157029005,48.97391470011828,49.505842996644006,5532569
2014-10-20,49.56087112426758,50.07445417242815,48.97391693679957,48.97391693679957,7878465
2014-10-21,51.34007263183594,51.67023279869832,49.579215091460725,49.799318552259834,6706899
2014-10-22,51.2850456237793,51.90868037491898,50.97322576037765,51.725257511231376,11612786
2014-10-27,52.11044692993164,53.339381074499336,51.41344106419075,51.688575351377686,11023074
2014-10-28,52.27553939819336,52.4222767173656,51.28505378636802,52.00040008320684,7011349
2014-10-29,52.29387283325195,52.8258011430542,51.35841321694425,52.60569270535452,13392055
2014-10-30,52.990875244140625,53.26600952920058,51.94536396578009,52.09210125601271,15543181
2014-10-31,53.48611831665039,53.68788147013644,52.7707671803572,52.99087560503691,12145111
2014-11-03,53.13760757446289,55.026866802726936,53.0275558609766,53.74290692562638,13632949
2014-11-05,52.25719451904297,53.52281447976994,52.110457198760066,53.08259754325679,5298871
2014-11-07,53.15596008300781,53.37606851561942,52.12878905604152,52.12878905604152,4488647
2014-11-10,54.329872131347656,54.80677464098907,52.36725114672634,53.19265416945418,10354057
2014-11-11,54.16477966308594,55.357028146841415,53.88964539760391,54.660022336086215,8362310
2014-11-12,52.44059753417969,54.146428809110425,52.110437444783834,53.90798013208356,6309241
2014-11-13,53.06424331665039,53.32103231583152,52.45894891956104,52.807449341806105,10971261
2014-11-14,52.86247253417969,53.52279773233175,52.45894627358236,52.77076111574159,6123081
2014-11-17,53.83462142944336,53.944673149234184,52.715739058474824,52.97253303887108,4923950
2014-11-18,54.42158126831055,54.95350962842242,53.5594976839188,53.907998182212594,6475424
2014-11-19,53.797950744628906,55.0268851753075,53.28436761744423,54.56832792323822,5431984
2014-11-20,53.6145133972168,53.92633323973608,52.91750755701464,53.63285369209187,3590544
2014-11-21,53.76124954223633,53.926332095261614,53.35771828257921,53.35771828257921,5424821
2014-11-24,52.25719451904297,53.37607715948704,51.79863728336863,53.119283117243626,6633290
2014-11-25,51.02825164794922,51.72525753515172,49.83600303342845,51.72525753515172,55543705
2014-11-26,51.046600341796875,51.54183812665138,50.6430690193128,50.80814662237631,5741991
2014-11-27,51.633548736572266,52.202162628664226,51.1199656869495,51.1199656869495,4482174
2014-11-28,52.348899841308594,52.67906001723219,51.156651168049486,51.688579489461404,4619433
2014-12-01,50.75312042236328,52.42227156905803,50.55135725027434,52.073766116543766,2477146
2014-12-02,50.643070220947266,51.0649418507826,50.53301350729626,50.62472494750673,2350906
2014-12-03,50.33124923706055,51.0099148750258,50.22119750146141,50.62472384910089,8617759
2014-12-04,50.07445526123047,50.514672155319374,49.78098064894718,50.29456370827492,4516507
2014-12-05,50.16615295410156,50.69808114073974,49.89101871459822,50.001075395797116,5700055
2014-12-08,49.835994720458984,50.734768593287974,49.68925744905051,50.16615482504377,3081176
2014-12-09,49.50584411621094,50.20285002090608,49.377447113215155,49.67092668801462,4817465
2014-12-10,50.349578857421875,50.55134696411909,49.26738710130426,49.37743881356608,3714413
2014-12-11,49.87268829345703,50.62472004001633,49.432471432855166,50.58803944801916,3222482
2014-12-12,49.450809478759766,50.0194182795937,48.99225238916373,49.927706861674494,4812683
2014-12-15,49.322410583496094,49.59754482657106,48.77214209734616,49.06561663302772,2791969
2014-12-16,48.8088493347168,49.46916982108654,48.47868909153193,48.99227224489338,4811157
2014-12-17,48.056793212890625,49.28572721509376,47.54321026476984,48.64374728602705,6760384
2014-12-18,48.27690887451172,48.918888900150705,47.52487712045722,48.441991442798624,5750448
2014-12-19,49.81766128540039,49.94605828143173,47.87337600067992,48.662098272445256,4845177
2014-12-22,50.20284652709961,50.349583816455464,49.43246953840212,49.854346086837374,3767407
2014-12-23,51.00990676879883,51.26669576961057,50.056106967744626,50.18450395598208,6644017
2014-12-24,50.00107955932617,50.973219624721054,49.19401706598154,50.973219624721054,8715919
2014-12-26,50.294559478759766,51.26669964781812,50.074451050225306,50.80814249489781,2310253
2014-12-29,50.25787353515625,51.083276404233736,50.14782180954465,50.62471925474624,1421574
2014-12-30,50.49632263183594,50.80813748454184,50.34958037684133,50.62471464146164,2146065
2014-12-31,50.62472152709961,51.413443840151686,50.422958362534125,50.73477823331474,3960548
2015-01-01,50.294559478759766,50.69809076846235,50.22119331969065,50.62471963372968,778837
2015-01-02,50.899845123291016,51.119953513761786,50.31289604958589,50.31289604958589,3612848
2015-01-05,50.95488357543945,51.39509544657342,49.946057862553566,50.80814130939803,7291352
2015-01-06,49.81766128540039,50.73477557753359,49.21236684772517,50.64306414832026,8288963
2015-01-07,50.53300476074219,50.80813903375171,48.97391054702155,49.5241790930406,3256180
2015-01-08,50.75312042236328,50.95488857011615,49.982743352786,50.62472341482308,2436600
2015-01-09,50.789794921875,51.17498088487312,50.2395264172132,50.73476906654138,2079643
2015-01-12,50.07445526123047,51.06494078509853,49.70760950804437,50.47798658486797,3660975
2015-01-13,49.835994720458984,50.55134576011167,49.615886325514865,50.09278867717092,2850708
2015-01-14,49.909366607666016,50.22118642396949,49.450809517708805,49.81765518967457,3939014
2015-01-15,52.44059753417969,52.71573177128667,50.07444110479467,50.07444110479467,6425406
2015-01-16,54.05472946166992,54.6416836269712,51.65189191155789,52.38558337426858,8222495
2015-01-19,54.2381477355957,54.62333870630711,52.972533054963755,53.98135873078469,5082702
2015-01-20,54.07307434082031,55.02687423054803,53.85296590847336,54.66002850185765,6145107
2015-01-21,53.889652252197266,54.31152385113117,53.57783238318918,54.03638955065292,2865190
2015-01-22,54.42158126831055,55.54046385924761,53.79794644078597,53.9630240529259,7016755
2015-01-23,54.8618049621582,55.02688757035422,53.9997162956126,54.5866705989414,4549463
2015-01-27,55.00852584838867,55.39371682713204,53.999700151531776,54.38489113027515,6048058
2015-01-28,54.825103759765625,55.65050661417105,54.6600261742826,55.19194947283471,5448999
2015-01-29,54.58664321899414,55.00851470252171,54.1464264683883,54.971834119689845,6923717
2015-01-30,54.293182373046875,55.21029668801403,53.55949092107314,54.47660523604031,3094145
2015-02-02,54.2381477355957,54.5499675759821,53.559487170574045,54.0180442959472,2427202
2015-02-03,53.99970245361328,54.80676503577032,53.74291343250045,54.62334217397677,1320013
2015-02-04,53.65119934082031,54.75173645700145,53.52280234879985,54.10975647256245,1740828
2015-02-05,52.69740295410156,53.8896515745143,52.34889752094622,53.651202845564484,2453418
2015-02-06,52.62403106689453,53.19264492468179,51.945365482136104,52.238845046831855,2422833
2015-02-09,51.89033508300781,52.62402646712116,51.35840683926038,52.45894889109354,2511094
2015-02-10,53.22931671142578,53.632847936341,51.35840283275543,51.43177395570829,3982617
2015-02-11,53.46778869628906,54.60500666213703,53.19265435442305,53.559500143577736,5670681
2015-02-12,55.118595123291016,55.76057525868883,53.57784080807048,54.58666673512418,7776840
2015-02-13,55.57714080810547,56.01735268117168,54.78842351515633,55.6688522369522,8270115
2015-02-16,56.03568649291992,56.64098080439161,55.76055226264529,55.76055226264529,3789682
2015-02-18,56.76939392089844,56.86110535707599,55.48543381441266,55.79725369254912,4034642
2015-02-19,56.60430145263672,56.879435713083474,55.44873855389293,56.787724292934556,2708022
2015-02-20,56.21912384033203,56.78773273956526,55.870618401664096,56.45757257305358,4586215
2015-02-23,57.19124984741211,57.77820387310838,55.943975652596606,56.127398474647784,5857600
2015-02-24,57.503074645996094,57.85157505283475,57.06285784448493,57.19125482623093,3786009
2015-02-25,56.69601058959961,57.869918710496904,55.98066452664329,57.81489285575608,3842514
2015-02-26,56.03568649291992,57.39301237687729,55.32033550394091,56.530929102546736,7368101
2015-02-27,57.63147735595703,57.77821464582456,55.79724879345435,56.10906366854908,4870174
2015-03-02,57.484737396240234,58.32848555423374,57.0078399411257,57.86992839521454,3288237
2015-03-03,57.062862396240234,57.37468224087845,56.549279403952,57.301311109553,3773373
2015-03-04,56.65933609008789,57.72319270921155,56.164098325067144,57.28297583401116,4927543
2015-03-05,56.9161376953125,57.282983481735016,55.61383714377837,56.49426603605951,2511965
2015-03-09,55.36480712890625,56.875594469612224,55.162137669776726,56.48868277375979,2904210
2015-03-10,54.71996307373047,55.401660396191524,54.05668797705585,55.364810946727786,4007085
2015-03-11,54.49885940551758,55.272677682742554,54.33303941829444,55.05158603240831,3350372
2015-03-12,55.14371871948242,56.1570510816262,54.554142527384236,54.554142527384236,4034334
2015-03-13,54.01983642578125,55.42008046568622,53.798749733382664,55.364808792586565,3743353
2015-03-16,54.07511520385742,54.42517247905595,53.632931806048795,53.632931806048795,1546607
2015-03-17,54.40674591064453,54.90420094400078,53.81716975992196,54.204076453704324,4288235
2015-03-18,54.03825759887695,54.627833707678676,53.76189426642834,54.351470375230065,3493449
2015-03-19,53.835601806640625,54.99633209554601,53.430272814588186,54.038271300558236,2641643
2015-03-20,54.609405517578125,55.21740883648638,53.28286054579019,53.798742755517196,3763675
2015-03-23,54.9779052734375,55.9728155289744,54.738391322405704,55.088453633992394,4249360
2015-03-24,54.51729202270508,55.58590103676978,54.35147700175385,54.90420373403943,5170910
2015-03-25,53.983001708984375,54.73839303929112,53.8724533449621,54.44360739768156,6008163
2015-03-26,53.46710968017578,55.08844540979909,53.08020297072381,54.13038475081005,11848617
2015-03-27,53.33814239501953,53.78032076334302,52.766988463835546,53.46710796209897,3479176
2015-03-30,53.43025207519531,53.65133871308317,52.914369925751764,53.44867429572282,4359504
2015-03-31,53.52239227294922,53.9645707044047,53.24602887908032,53.61451340423884,4797950
2015-04-01,53.96455383300781,54.11194659741233,53.46709887998913,53.46709887998913,2808077
2015-04-06,54.51729202270508,55.070018754990656,53.74347359792713,53.94614306516628,5315447
2015-04-07,54.51729202270508,54.60941314475268,53.79875026946827,54.240928656562296,2457023
2015-04-08,54.27777862548828,55.19898985479874,54.16723527712734,54.36989974841933,4009038
2015-04-09,55.641178131103516,55.862269845135124,54.31463284480509,54.369904523840184,2422269
2015-04-10,56.267601013183594,56.396571601212344,55.38323912053014,55.825422565802576,2200148
2015-04-13,56.87559509277344,57.37304513906321,55.54904997425599,56.3044411539402,2208671
2015-04-15,55.843833923339844,57.48359179932393,55.641169465809426,57.096680110551624,2330815
2015-04-16,55.530635833740234,56.10178990712785,54.35148822674099,55.696455886828325,2492100
2015-04-17,55.30954360961914,55.86227040125505,54.94105408397059,55.53063032796049,3666806
2015-04-20,55.19900131225586,56.2307611019767,54.77524505839365,55.34639413996118,2278982
2015-04-21,54.84893798828125,56.00966835560838,54.5725745670875,55.27269923242505,2312891
2015-04-22,54.1856575012207,55.10686873050844,54.019837480792596,54.904204259221444,4849646
2015-04-23,54.03825759887695,54.88576981922997,53.76189426642834,54.535712596862474,3515131
2015-04-24,53.74348449707031,54.51730307877816,53.08021428297315,53.79876117982153,2613457
2015-04-27,53.41183853149414,54.44359809664706,53.24602351062561,53.83559469312359,2052351
2015-04-28,53.22759246826172,53.982988613207894,52.877535228507476,53.17232079860477,3429520
2015-04-29,52.71171188354492,53.35655965045022,52.50904744167356,53.19073965408998,2061972
2015-04-30,52.39850616455078,53.356566832490344,51.73523608561071,52.3616567161895,4099911
2015-05-04,53.11705017089844,53.28286518312192,51.95632009588168,52.693294031362235,3652050
2015-05-05,52.748573303222656,54.038269129851685,52.158997068614,52.71172385145501,7999174
2015-05-06,51.808921813964844,52.60116733617442,51.60625737677492,52.60116733617442,6031578
2015-05-07,51.698394775390625,51.97475818476806,50.86930454725831,51.58784641290474,5448071
2015-05-08,51.58783721923828,52.39850507476314,51.47729387434426,51.95632169940583,2987105
2015-05-11,52.69330596923828,52.822271564221836,51.5141534027963,51.864210728724174,3927933
2015-05-12,51.329898834228516,52.711715574350016,51.07195771024967,52.65644390432324,4551824
2015-05-13,51.90104675292969,52.140560650351425,50.86929227270208,51.4035917365059,4097879
2015-05-14,51.36674880981445,51.88262606520056,50.94298767349577,51.88262606520056,3467677
2015-05-15,51.60626220703125,52.21426057339856,51.32989885887426,51.66153387708457,6305129
2015-05-18,51.60626220703125,51.937897225241564,51.12722940482488,51.40359275298188,14967798
2015-05-19,51.12724685668945,53.02494649344395,50.887732872775345,51.58785259417508,6595326
2015-05-20,51.88262176513672,52.103713427089545,51.23777399987685,51.2561962225854,5168468
2015-05-21,51.40359115600586,51.93789561166609,51.108805592952784,51.77207560876733,2628801
2015-05-22,51.937896728515625,52.30638118920083,50.629778892239315,51.329898367963125,5380668
2015-05-25,52.73015213012695,52.84070049811729,51.97476077270597,52.23269696889988,5557091
2015-05-26,52.71171188354492,52.91437632541628,52.158985226197515,52.84068243650399,2220470
2015-05-27,52.76700210571289,52.914394933259594,52.25112471035354,52.71173042011936,1137269
2015-05-28,52.76700210571289,53.15391390065127,51.790519000587715,53.15391390065127,3848527
2015-05-29,52.951229095458984,53.22759244149511,52.04844016591815,52.50905074053541,3473570
2015-06-01,52.73015213012695,54.130396472762136,52.416944248883766,54.03827533171608,15815832
2015-06-02,52.50904846191406,52.656441240492505,52.08528735140208,52.50904846191406,4635659
2015-06-03,52.76700210571289,52.96967161674494,51.86421291541515,52.38009530866633,6029264
2015-06-04,53.190738677978516,53.485529221888086,52.472197035346994,52.69328869380668,8566490
2015-06-05,53.39342498779297,53.90930235530352,52.69330534632211,53.06178989424273,8696044
2015-06-08,53.85401916503906,54.05668362393296,53.04335133368253,53.59607803745549,4215142
2015-06-09,54.29619598388672,54.590986549575945,53.54080484272061,53.79874596296239,2699663
2015-06-10,54.222503662109375,54.60941035579326,53.87244141705026,54.36989645027988,2875048
2015-06-11,53.798763275146484,54.296213456147896,53.375002012972026,54.01985002319513,2113307
2015-06-12,53.57766342163086,53.780327909304816,52.416938178452995,53.614512873360084,2614529
2015-06-15,52.03001022338867,53.43025396764741,51.827345798850125,53.43025396764741,3574132
2015-06-16,53.098628997802734,53.301298477462716,51.7720837594404,51.88263211140704,2705206
2015-06-17,52.251094818115234,53.19072792932771,51.75363993657789,52.9512140968509,3030212
2015-06-18,52.30638122558594,52.58274457129208,51.901047318972196,52.066867325552025,4549773
2015-06-19,51.58783721923828,52.4722039699529,51.10880939417672,52.306383954721255,9119658
2015-06-22,52.06686782836914,52.39850284684109,51.7352328098972,51.90104782018796,1849073
2015-06-23,51.36674880981445,52.25111053303213,51.274627692856555,51.9563199600326,4200054
2015-06-24,51.532554626464844,51.79049570707777,51.23776910395541,51.23776910395541,3101425
2015-06-25,52.06686782836914,52.28795950664725,51.164078891187906,51.66153391784103,11124905
2015-06-26,51.256202697753906,52.04844333843564,51.182508799719955,51.77207997555429,4184617
2015-06-29,51.40359115600586,51.66153227209499,50.74032114019131,50.77717058504551,3452315
2015-06-30,51.256202697753906,51.73523552548265,50.7219031949177,51.403595491712494,2588831
2015-07-01,52.45377731323242,52.73014067634029,50.99826659959874,51.274629962706605,1988394
2015-07-02,52.14056396484375,52.69329568325448,51.80892893210982,52.674868460502765,2965570
2015-07-03,52.14056396484375,52.674868460502765,51.77207948449702,51.77207948449702,3051297
2015-07-06,51.58783721923828,52.39850507476314,51.47729387434426,51.77207945932206,2083899
2015-07-07,51.07196044921875,52.140564452643446,50.94298988031269,51.95632221074641,3234495
2015-07-08,50.850868225097656,51.29305160016101,50.26129705553403,50.887717672668046,2440394
2015-07-09,50.48238754272461,51.05354152830418,50.44554309027321,50.88772150070891,2478234
2015-07-10,51.09038543701172,51.274627670848425,50.4271103964653,50.51923151338366,2901055
2015-07-13,51.58783721923828,51.7352350096178,50.50081100147838,50.9982660492827,1612390
2015-07-14,51.66152572631836,51.93788903087283,51.145648557394594,51.62467628613317,2264950
2015-07-15,51.49571990966797,51.84578219088657,51.4035987828095,51.60626826063274,1504877
2015-07-16,51.4404411315918,51.643110581435785,51.256198903310164,51.477290576826185,1827243
2015-07-17,52.03001022338867,52.232674647927226,51.40358473281376,51.45886139213303,1696436
2015-07-20,51.66152572631836,52.23267455657509,51.606254064985386,52.23267455657509,1668294
2015-07-21,51.58783721923828,51.91947724970158,51.45887164949214,51.643113889575915,1315889
2015-07-22,52.619598388671875,52.78541840902825,51.14566042244902,51.477295465271006,1890132
2015-07-23,52.41693115234375,52.803837848910604,51.864199446277425,52.73013895533096,1225377
2015-07-24,52.34324645996094,52.67488157526393,52.03003357410572,52.398518146196125,1692284
2015-07-27,51.73523712158203,52.674870585211266,51.60626654868035,52.085294393297055,1296310
2015-07-28,52.08529281616211,52.21426338515858,51.38517329604075,51.956322247165645,1547151
2015-07-29,51.58783721923828,52.06687004219047,51.403594979154505,51.845778354511815,1900932
2015-07-30,52.472198486328125,52.78541126131626,51.55098738218073,51.661530715522375,2942993
2015-07-31,52.32481002807617,52.6380228588336,51.73523881475749,52.6380228588336,1956499
2015-08-03,51.808921813964844,52.6564390010544,51.69837848420488,51.97474180649474,1508372
2015-08-04,51.95631790161133,52.50904957935086,51.56941122487295,51.77207567499491,1001510
2015-08-05,51.86419677734375,52.12213789370834,51.62468288237107,51.9563178906325,1107859
2015-08-06,51.97474670410156,52.2879594984556,51.661533909747526,51.69838335576984,1295185
2015-08-07,51.4404411315918,52.43535116346876,51.34832001745098,51.79050336448303,2213871
2015-08-10,50.86930847167969,52.14057725415573,50.62979449798639,51.624699849764355,2570753
2015-08-11,50.83245086669922,51.882632734595795,49.96651125640235,51.58784212370159,3873211
2015-08-12,50.1138916015625,50.81401600466106,50.003348273646864,50.482376025134435,1472522
2015-08-13,50.77718734741211,51.07197300777867,46.429066370707886,50.04021819860379,2470225
2015-08-14,50.9798469543457,51.23778813074325,50.74033300362879,50.77718245709865,1304682
2015-08-17,50.88772201538086,51.38517710530684,50.46396582688504,51.03511482035013,813782
2015-08-18,50.62978744506836,51.10881532572458,50.353424052868725,50.88772361238662,1461999
2015-08-19,50.27970886230469,50.998255448425496,50.150738321476645,50.66661548689922,2417706
2015-08-20,50.1507453918457,50.463958178617105,49.50589759468294,49.78226093632412,2256015
2015-08-21,49.155853271484375,49.819123466475396,49.02688267859956,49.745424556857905,4024183
2015-08-24,48.308326721191406,48.824203997861666,47.055480478452004,48.21620560043276,7651174
2015-08-25,47.387123107910156,49.247973044190694,46.115849438549105,48.27148500934366,12357515
2015-08-26,48.2530517578125,48.93474900451787,47.166020607831754,47.38711228215381,2616303
2015-08-27,49.69014358520508,51.01668872511279,47.99511396187248,48.80578182456349,5402025
2015-08-28,49.800697326660156,50.6666319582512,49.26639276862673,49.966512363438966,2205183
2015-08-31,48.14250946044922,49.91123289748523,47.939840005484605,49.56117065574935,2305711
2015-09-01,47.57136154174805,48.30833056647908,47.16602757856777,47.663482669839425,3973158
2015-09-02,46.1342658996582,47.90298928982048,45.59996143914549,47.645053169279066,4507483
2015-09-03,46.871238708496094,47.184451521804775,46.09742028676015,46.207963633626406,3114461
2015-09-04,45.54469680786133,46.76069370175711,45.1209406174365,46.76069370175711,3868544
2015-09-07,45.54841995239258,46.51673854189964,44.89665928417926,45.73463584290229,3112256
2015-09-08,46.94504165649414,47.48506473716377,45.10150222070812,45.43668983137024,2951677
2015-09-09,46.926414489746094,48.6023575035635,46.40501100684432,48.192686585773814,3201416
2015-09-10,45.93947219848633,46.46087569180383,44.95252896980865,46.46087569180383,3984541
2015-09-11,46.293277740478516,46.851925342330055,45.846357638425815,46.181545189251,1783681
2015-09-14,47.50367736816406,47.6526490406991,45.995325923747494,46.47949017377176,2400945
2015-09-15,47.8016357421875,48.472016056506874,46.9264199451602,47.48506768137806,3189547
2015-09-16,48.82582092285156,48.97479263509715,47.671281312946334,47.85749721611074,2668351
2015-09-18,49.71965408325195,50.24106263055694,48.974790503021346,49.161006398079,2710372
2015-09-21,50.85556411743164,51.02315535931476,49.049269278723905,49.45894517793006,3040868
2015-09-22,48.788578033447266,51.023168931031435,48.13682235498522,50.911441406724144,2618545
2015-09-23,47.596797943115234,49.161008497542824,46.851934331074574,48.8072013126813,5775906
2015-09-24,46.70294952392578,48.43476116479606,46.38638658447351,47.67127306309129,9733917
2015-09-28,47.224369049072266,48.04371604198226,46.442261197916835,47.094016898641364,2407051
2015-09-29,47.8016357421875,48.60236315381378,46.702959840387074,46.8705561818244,2414852
2015-09-30,49.29135513305664,49.42170726088662,47.80162807540911,47.820252694487166,3047665
2015-10-01,48.62097930908203,49.8686267129908,48.509246750437484,49.53343408848619,2020545
2015-10-05,49.34721755981445,49.96173399570463,48.769950361078244,48.788569928226266,1811432
2015-10-06,49.254119873046875,50.09209149484589,49.049284386068,49.47757998247928,1868486
2015-10-07,49.365848541259766,49.60792820253101,49.04928049893755,49.3844681108077,1403044
2015-10-08,49.328609466552734,49.53344495854177,49.01204139139957,49.49620581558386,1318938
2015-10-09,49.365848541259766,49.719655722677864,49.12376887998852,49.53343982148004,1421375
2015-10-12,49.64516067504883,49.7941323505586,49.08651310331587,49.34721227260087,1574616
2015-10-13,49.55206298828125,49.79414264244832,49.328602903115694,49.533438367850266,715400
2015-10-14,49.53343200683594,49.71964787865541,49.23548863249632,49.4961928736151,1722301
2015-10-15,50.29692840576172,50.44590011749591,49.607928556132705,49.719656077075946,2959602
2015-10-16,50.27829360961914,50.65072533929886,49.75689019835326,50.427270342633925,3651488
2015-10-19,49.83137893676758,50.40864610150801,49.477566770359786,50.27829398486153,1640198
2015-10-20,50.61349868774414,51.06041384270291,49.719658274966854,49.90587418572381,3296804
2015-10-21,50.61349868774414,51.09765803514027,50.24106686623023,50.65073782875163,3504240
2015-10-23,50.78109359741211,51.22801383566751,50.46452551626706,50.83695736433648,2367650
2015-10-26,50.55762481689453,50.967300789872404,50.3714089247618,50.83694865509362,1788557
2015-10-27,49.86863708496094,50.74384786018169,49.70104073785097,50.48314860531405,1680870
2015-10-28,48.807193756103516,49.88724481605754,48.583733696802604,49.58930143794225,4725765
2015-10-29,47.72713851928711,48.63959319205435,47.00089465297395,48.63959319205435,6657486
2015-10-30,47.95061492919922,49.105154774138924,47.76439898812606,47.85750695866264,3034065
2015-11-02,48.02508544921875,48.19268175437038,47.35470528004102,47.95059707994495,1507300
2015-11-03,49.0306510925293,49.216866956367234,48.49062306682784,48.5837309987468,2879807
2015-11-04,48.863067626953125,49.868635576332316,48.56512418713777,49.60793127792144,10212719
2015-11-05,48.769954681396484,49.34722193127029,48.56511921890692,49.086522710958974,9402139
2015-11-06,48.90031051635742,49.347225664168,48.06233893135408,49.30998652375613,4219805
2015-11-09,48.43476104736328,48.7513290374768,47.16848908690919,48.04370468848348,5260832
2015-11-10,47.78300857543945,48.39751997730363,47.55954850619,48.11819615359909,1531108
2015-11-13,48.49062728881836,48.93754742151337,47.4850595159691,47.67127539602051,1386876
2015-11-16,48.04371643066406,48.67685256563349,47.876125137122756,48.229932346663304,1462412
2015-11-17,48.695457458496094,49.08651379507725,48.11819031347483,48.1368098788903,1602664
2015-11-18,48.75132751464844,49.01202669432949,48.32302698476417,48.65821958231336,1327429
2015-11-19,49.10514450073242,49.42171254461296,48.58374098509782,49.049280740384006,2523368
2015-11-20,48.75132751464844,49.42170260688957,48.56511164997828,49.1609983757799,2168468
2015-11-23,48.93754577636719,49.0865174651145,48.602353162399666,48.602353162399666,2177227
2015-11-24,49.10514450073242,49.38446835390413,48.769956887212295,48.788576456851885,1241516
2015-11-26,49.83137893676758,50.073458552580384,48.937543789151015,48.97478292125401,4171542
2015-11-27,49.71965408325195,49.90586997830961,49.34722229313665,49.77552289291281,1605635
2015-11-30,50.725223541259766,50.98592782315672,49.64517232605594,49.738280276529196,2006989
2015-12-01,50.65072250366211,51.39558592132101,50.40864290320863,50.68796668483072,2520479
2015-12-02,50.42727279663086,50.85556829631942,50.12932436753052,50.650727804170025,1390936
2015-12-03,49.83137893676758,50.650725717320825,49.64516307053793,50.27829398486153,1173194
2015-12-04,48.695457458496094,49.79413305229224,48.58372996314633,49.79413305229224,1376556
2015-12-07,48.84443283081055,49.1051319965282,48.304404831620246,48.78856403325901,1525844
2015-12-08,48.49062728881836,48.86305904892119,48.17405928244514,48.78857067632901,1469647
2015-12-09,48.47201919555664,49.04928653979366,48.06234315218026,48.304422843265776,2198948
2015-12-10,48.695457458496094,48.7885653884304,48.1368098788903,48.41613366869319,1086874
2015-12-11,47.671268463134766,48.788563580953785,47.447808429285296,48.788563580953785,1514970
2015-12-14,47.72713851928711,48.192678163993385,47.20573007607333,47.41057055060116,1552518
2015-12-15,48.22993087768555,48.341663454739965,47.39195928121173,47.72715196094515,1842404
2015-12-16,49.66378402709961,49.943107834264715,48.30440917584851,48.41613667814303,2623492
2015-12-17,50.110713958740234,50.334174058546914,49.067901843452304,49.645174188905386,1092627
2015-12-18,50.42727279663086,50.83694367807191,49.55205717900623,49.90586430856249,28017527
2015-12-21,51.93561935424805,52.10321566132995,50.42727279622644,50.42727279622644,6238035
2015-12-22,51.58181381225586,52.36392159358677,51.37697834517302,51.97287022863607,9652753
2015-12-23,52.159080505371094,52.32667176453331,51.6935408108722,51.6935408108722,3720080
2015-12-24,52.177696228027344,52.457020024145564,51.89837243190912,52.14045204492586,2224191
2015-12-28,52.94120788574219,53.16466803246903,52.010128150572726,52.308071645254614,5761043
2015-12-29,52.494266510009766,53.10877787814088,52.28943107110901,52.95980619062861,8576492
2015-12-30,52.51288986206055,52.75497455457611,52.23356603355415,52.23356603355415,8189382
2015-12-31,52.568748474121094,52.885311377226515,51.99147630963548,52.51287967811123,7159928
2016-01-01,52.51288986206055,52.82945787798696,52.41978191922508,52.66186661174064,3229824
2016-01-04,52.494266510009766,53.760533431007254,52.10321519886147,52.32667020441546,6809859
2016-01-05,51.82389450073242,52.86670142733179,51.470082301656326,52.5315138474555,4259054
2016-01-06,51.95424270629883,52.12183902559129,51.39559504389624,51.61905511914312,5320149
2016-01-07,51.43284225463867,52.79221730276299,51.20938216625794,51.95424575990737,6787347
2016-01-08,52.75497817993164,52.88532526771547,51.73079073835872,52.14046167384426,10345830
2016-01-11,53.35087203979492,54.188843613912816,51.76803179280918,52.32667950888777,8283638
2016-01-12,53.16464614868164,54.654373111747006,52.90394190957369,53.443969954256396,6611338
2016-01-13,53.220516204833984,53.77916388216952,52.17770417628337,53.31362415105658,7462021
2016-01-14,53.20188903808594,53.81640549488311,52.66186600670215,52.66186600670215,10278564
2016-01-15,51.80527114868164,53.35086706004416,51.50732774848821,52.94119109620625,7430643
2016-01-18,51.45146560668945,52.53151678056421,51.17214176595825,52.14046037268288,7411237
2016-01-19,50.632110595703125,52.06597390182015,50.20381507606534,51.56319000858053,7282040
2016-01-20,50.14795684814453,52.2521955428597,48.62098543245956,50.129332226976985,15997901
2016-01-21,49.23548889160156,51.15351137115004,49.161000521910246,50.20381244044442,10416175
2016-01-22,49.5706787109375,50.57624649044258,49.19824694836955,49.60792289748011,8099084
2016-01-25,49.53343200683594,50.073460055683924,48.881676455467804,49.90586375047488,8893503
2016-01-27,51.48871994018555,51.861151837743044,49.68242927817642,49.831401026913234,14527719
2016-01-28,53.51845932006836,53.81640777721205,52.32667559435228,52.51289148578108,22594616
2016-01-29,55.06405258178711,55.2688931020446,53.81641009658683,53.9281376156876,11216960
2016-02-01,54.654380798339844,55.26889224674345,54.43092071216685,55.08267635017087,12278379
2016-02-02,54.46815872192383,55.9951299108579,54.00261903331155,54.561266659646286,18267134
2016-02-03,53.644309997558594,54.74902366585438,52.97024251325673,53.868994079779185,12098041
2016-02-04,54.97372055053711,55.23585878890671,53.49452135256338,54.243481943089,8726120
2016-02-05,54.393272399902344,55.198403934137865,54.05623610626621,55.06733482874754,6170693
2016-02-08,53.344722747802734,54.692852636988235,53.04514058541189,54.31837239439301,3820374
2016-02-09,53.157474517822266,54.48688222377446,52.80171630993909,53.10130350584402,7297377
2016-02-10,53.681739807128906,54.13111801153388,52.80171045304286,52.80171045304286,8119293
2016-02-11,51.19145584106445,53.86898827148611,50.217806299307625,53.49450806921139,7247688
2016-02-12,51.809356689453125,52.726835385484115,51.04167416525771,51.67828757870388,16065640
2016-02-15,51.940406799316406,52.67064509263026,51.715717702972775,52.09019783714154,8464543
2016-02-16,52.165103912353516,52.63320415200176,51.60338362477562,52.09020584232473,6766384
2016-02-17,52.27744674682617,52.37106679620396,51.43486630242606,52.37106679620396,7804863
2016-02-18,52.37105941772461,53.08257067690952,52.05275027884367,52.46467945391242,8779283
2016-02-19,52.80171203613281,53.176192191293865,52.07147878109606,52.35233889746686,6323086
2016-02-22,52.29617691040039,52.98896125357429,51.80934957719275,52.801721143697435,2293985
2016-02-23,51.34124755859375,52.539586252786854,51.19145649162283,52.42723914314901,3873885
2016-02-24,52.314903259277344,52.80172555393351,51.54722077634722,51.67828480083762,11387961
2016-02-25,49.3377799987793,52.52086192396336,49.07564688776261,52.46469090583215,19051305
2016-02-26,50.049293518066406,50.89187397759957,49.43139711770514,49.993117424060586,12511003
2016-02-29,48.70116424560547,50.31142710796494,48.38285505303314,50.31142710796494,11485783
2016-03-01,50.08674621582031,50.31143539341585,48.77606527226237,49.05692547445336,14281573
2016-03-02,50.70463180541992,51.753174302790626,50.199082534496945,50.554835666470424,13550709
2016-03-03,50.79825973510742,51.26636004392893,50.19909032397321,51.11656388173531,7057560
2016-03-04,51.92170333862305,52.10894347247384,50.7233644502925,51.07912273629448,29228314
2016-03-08,51.56593322753906,52.3148935911909,50.96676392077509,52.239995523140706,20131612
2016-03-09,52.333621978759766,52.50214011290764,51.15401027736411,51.266357393200416,7284193
2016-03-10,52.29617691040039,52.76427718509251,51.71572952225433,52.46468996176172,3713460
2016-03-11,51.75318145751953,52.57704001878733,51.54721935680925,52.29617983824785,4685588
2016-03-14,51.90296936035156,52.052760431626076,51.56593818018064,51.90296936035156,4423191
2016-03-15,52.0340461730957,52.42724842843525,51.734463986095456,51.734463986095456,11655129
2016-03-16,51.95915222167969,52.4272526006279,51.49105184273148,52.202568482104105,6170234
2016-03-17,51.67828369140625,52.520864238139616,51.266359487485076,52.14638399514701,7509036
2016-03-18,51.24763488769531,52.090215474872565,51.11656578051391,51.86552630244924,9195901
2016-03-21,51.67828369140625,51.846801832438274,51.02294326616919,51.135290386594995,4674151
2016-03-22,51.75318145751953,52.183832718504064,51.49104325733069,51.678283377690335,6628643
2016-03-23,51.47232437133789,52.108942850517586,51.28508423972194,51.41615334769583,11545428
2016-03-28,52.0902099609375,52.427241144289724,51.11656036964313,51.640836742872224,8691695
2016-03-29,51.73446273803711,52.801727427987075,51.509773563600504,52.42724716366396,11478000
2016-03-30,52.333621978759766,52.55831113121921,51.809350675829826,52.0153178485898,5797932
2016-03-31,52.0902099609375,52.59575927557237,51.86552081229833,51.86552081229833,15715729
2016-04-01,51.79060745239258,52.427220530816435,51.71570940589044,52.35232756352538,3935188
2016-04-04,51.90296936035156,52.46468968704077,51.79062732669893,51.959140377177874,5649881
2016-04-05,52.071475982666016,52.726816218978506,51.94040691956114,52.352336083942795,7744995
2016-04-06,52.314903259277344,52.914072676771184,52.183834155573464,52.37107428108945,10418272
2016-04-07,52.50212860107422,52.76426673466828,52.27743949788103,52.67064669827212,12408704
2016-04-08,52.76427459716797,52.85789464751462,52.52085840289644,52.52085840289644,4133630
2016-04-11,53.26982879638672,53.53196191399846,52.63321036364784,52.670659403081885,12360599
2016-04-12,53.60685729980469,54.39326677155939,53.17620098676812,53.17620098676812,8901453
2016-04-13,54.29964065551758,54.430704653501124,53.887711446849785,54.056224478205394,10239725
2016-04-18,54.655399322509766,54.954986540684466,53.457065687449834,54.299646167394314,7347390
2016-04-20,55.4230842590332,56.13459561576261,54.35581468433271,54.561776760497395,7716065
2016-04-21,54.73030471801758,56.00353659774205,54.33709739391717,55.55415824997405,6315086
2016-04-22,54.69285202026367,55.16095231822935,54.03751160311173,54.78647207985681,4320738
2016-04-25,53.85027313232422,54.711575675260875,53.38217282002963,54.711575675260875,3605005
2016-04-26,54.35581588745117,54.76774512811097,53.569406442412074,54.093677712700526,8964411
2016-04-27,54.05622863769531,54.674125037848775,53.79409554234529,54.411986863285925,3177289
2016-04-28,53.12002944946289,54.46815923365726,52.93278934274736,54.000058966868444,9408511
2016-04-29,53.70048904418945,53.86900213104087,52.61449211481446,53.26983771661702,4383214
2016-05-02,53.4945068359375,53.92516312199523,53.02640659388579,53.550682928353865,3383764
2016-05-03,54.37453079223633,54.97370005713802,53.55067749730716,53.55067749730716,4572397
2016-05-04,53.45705795288086,54.337082263457305,53.17619275432409,54.22474024740438,4435593
2016-05-05,53.644309997558594,54.037512220657995,53.213653655137946,53.55068993689556,2770226
2016-05-06,53.344722747802734,53.68175395029577,52.61448424305669,53.60686094930474,3714029
2016-05-09,53.7379264831543,53.9813376088419,53.045137064494945,53.36344626541551,5027038
2016-05-10,53.12002944946289,53.831545918352255,52.8017202522039,53.60685677445103,7758595
2016-05-11,52.970237731933594,53.251097888571046,52.23999929299107,52.72682661202372,4574270
2016-05-12,53.88771438598633,54.05622742653295,52.87661582585569,53.138753994545176,4877581
2016-05-13,54.20602035522461,54.37453338578292,53.32599093160091,53.66302207192995,6719824
2016-05-16,54.09367752075195,54.63667584686027,53.55068427385646,54.280917622277194,4500368
2016-05-17,54.26220703125,54.674136356895374,53.4008993359526,54.674136356895374,4754541
2016-05-18,53.56940460205078,54.26219397219448,53.4383355191783,53.925162815674284,2573082
2016-05-19,54.074954986572266,54.52432817808707,53.66302575160745,53.66302575160745,6035130
2016-05-20,54.22475051879883,54.35581961516285,53.812821249889005,54.14985244110134,3055890
2016-05-23,55.47926330566406,55.760123493398794,54.299651533020906,54.52433561983791,10093334
2016-05-24,54.9362678527832,55.89119558974436,54.74902771760028,55.797575522152904,3545037
2016-05-25,56.05970764160156,56.17205476819085,55.06733595907124,55.42309424111684,7201959
2016-05-26,56.39674377441406,56.69632595266715,55.64777817035408,56.17205460111743,11348343
2016-05-27,56.4903678894043,57.07081030608247,55.722680248878646,56.696330016815516,7635493
2016-05-30,56.82737731933594,57.27675044642512,55.92862598594554,56.583966240594464,6049447
2016-05-31,56.172054290771484,57.05208391844659,56.00353614192666,56.9210148114799,4297008
2016-06-01,55.760108947753906,56.39672723890238,55.57286887144108,56.39672723890238,5018958
2016-06-02,56.2469482421875,56.396744412221764,55.46053866636236,55.7601259272172,3951078
2016-06-03,56.32184982299805,56.490367985139365,55.89119850545402,56.39674791266397,3453446
2016-06-06,55.89118957519531,56.43418286126509,55.629051382462876,56.246942746231404,2395810
2016-06-07,56.134605407714844,56.5278076505138,55.891194253638645,55.94736527700798,3771426
2016-06-08,57.12697219848633,57.25804129461337,55.90991145298827,56.17204964524235,3804592
2016-06-09,57.2205810546875,57.83847229637396,57.052068031979665,57.183132023237256,4520638
2016-06-10,57.819759368896484,58.10061952990895,57.239317067822576,57.258039046871545,8988984
2016-06-13,56.84611892700195,57.57635749462977,56.67760585085124,57.57635749462977,7199310
2016-06-14,56.37801742553711,57.070806935609184,56.284397358749366,56.82739577780378,2914984
2016-06-15,57.819759368896484,57.95082845987823,56.60269867117579,56.60269867117579,5287666
2016-06-16,57.89466094970703,58.53127430569511,56.86484029696048,57.81976287054924,5385026
2016-06-17,58.8121337890625,59.14916498286517,57.25804183820729,58.04445134322235,8985642
2016-06-20,58.66234588623047,58.980655117296706,58.13807454758734,58.79341499069462,5237563
2016-06-21,58.41893005371094,58.90575231215963,58.063171810004754,58.62489214477467,5276594
2016-06-22,58.269126892089844,58.68105098876181,57.89464674659749,58.437639910034186,4797461
2016-06-23,58.66234588623047,59.111724221760866,57.239322955740036,58.231694610888376,5027803
2016-06-24,58.34402847290039,58.4750975589832,56.39673447685858,57.463998985444704,6010853
2016-06-27,57.66998291015625,58.793423838841576,57.29550260059447,57.31422458438685,5121198
2016-06-28,58.21295928955078,58.41892644711185,57.53889696112658,57.87592812533868,5842035
2016-06-29,59.63599395751953,60.04792324081506,58.250415026220026,58.34403508700477,9838712
2016-06-30,61.07774353027344,61.35860371088406,59.65471556765159,59.916853767906844,18696297
2016-07-01,61.84541320800781,62.31351341226314,61.04028187253112,61.414762035935375,9960809
2016-07-04,61.939064025878906,62.65057567404892,61.65820376376851,62.42589152773246,5753019
2016-07-05,60.38496398925781,62.08884733319911,60.21644582152112,61.90160718203131,5510329
2016-07-07,61.171363830566406,61.470945992708224,59.99174700400127,60.291334245356445,5911690
2016-07-08,61.58329391479492,61.93904710206891,60.51602419454611,61.22753564830751,7803900
2016-07-11,62.38842010498047,64.09230305243285,62.145008980946265,62.20117999738293,11133401
2016-07-12,62.38842010498047,63.28717160560604,62.182452939095384,62.5382111752159,9182267
2016-07-13,60.60964584350586,63.08121655532724,60.17898948462358,62.48204712833818,11106820
2016-07-14,61.807960510253906,62.01392763543858,60.62834908133076,60.87176015726538,7428442
2016-07-15,61.50838851928711,62.31351993909474,61.07773730210747,62.18245085233237,6629943
2016-07-18,61.115177154541016,62.088826631826656,60.89049311142412,61.63945346638038,3891623
2016-07-19,62.31352233886719,62.538211484939616,61.0402906167408,61.1526326501705,5987973
2016-07-20,63.043766021728516,63.66165741525681,62.500767630292884,62.538216670945936,7071425
2016-07-21,60.853031158447266,63.04374074743882,60.59089305818075,63.025013695013264,4189305
2016-07-22,62.29480743408203,62.931420827834415,60.984126525563276,61.227537678445465,7206087
2016-07-25,63.26845169067383,63.511862822649356,62.21990400639082,62.36969508151321,3967394
2016-07-26,64.18592071533203,64.78509005316793,62.6131069176272,63.38078929849605,8278821
2016-07-27,64.57911682128906,65.04721699200499,64.24208571421599,64.7850788647193,8851677
2016-07-28,65.98342895507812,66.97580047593958,64.46678108730465,64.74764123920203,31420184
2016-07-29,65.90853881835938,66.47025918978595,65.4217165281417,66.32046810658154,12377513
2016-08-01,66.35790252685547,67.36899592512572,65.77745522340722,65.90852429703827,11965659
2016-08-02,66.99452209472656,67.48134940292952,65.92725758661635,66.47025082984189,6487056
2016-08-03,65.87108612060547,67.06942487813603,65.04723266911472,67.03197583961074,10713465
2016-08-04,66.73237609863281,67.16302723011766,66.0395868457858,66.2081049351203,9047354
2016-08-05,66.09577178955078,67.85583079457297,65.92725874388665,67.03197230728324,8816394
2016-08-08,66.84474182128906,67.4064622127483,65.7213010383706,66.28302142982983,9540514
2016-08-09,65.94598388671875,67.27538665399994,65.72129473583955,66.84473541102246,6314021
2016-08-10,65.30936431884766,66.0957737934277,65.00978217577575,65.94598272189174,3789657
2016-08-11,65.17831420898438,66.11451495480186,64.57914471581836,65.19703619221508,5017074
2016-08-12,66.67620849609375,67.03196158841702,65.23445891348872,65.23445891348872,4369997
2016-08-16,66.47025299072266,68.56734319764846,66.00215272485586,66.95708031475189,22372774
2016-08-17,65.4029769897461,66.95707378421825,65.25318593512091,66.63876461863194,11599079
2016-08-18,68.15541076660156,68.60478903254355,66.00214964412058,66.28300979053114,20664320
2016-08-19,67.7622299194336,68.52991252954237,67.14433841871015,68.52991252954237,16563739
2016-08-22,68.13668060302734,68.45498974656226,67.68730239107073,67.9494405279141,11335483
2016-08-23,68.21159362792969,68.67969395325312,67.40646208421609,67.94946049327672,7423678
2016-08-24,68.26776885986328,68.52990199117382,67.81839052159732,68.26776885986328,5319170
2016-08-25,68.24903869628906,69.27885935204371,67.59369827899064,68.34265875590312,12995397
2016-08-26,67.7060317993164,68.67967616037576,67.48134268552876,68.39881603794427,7097916
2016-08-29,67.50008392333984,67.91201323629365,66.50771222341504,67.85584221162125,2956326
2016-08-30,68.64224243164062,68.82948254115092,67.29411262732391,67.74348584262079,5212793
2016-08-31,68.79203796386719,69.09162012682329,68.09924849791618,68.56734880204343,6435761
2016-09-01,69.0167236328125,69.27885674232941,68.2490361253678,68.7171364058049,6116318
2016-09-02,68.82950592041016,69.2788792883453,68.26778540108015,69.11036618007516,3858397
2016-09-06,69.87802124023438,70.28995047411244,68.82947871691995,69.18523185769571,9001076
2016-09-07,69.18524932861328,70.02782998736666,68.86694006390809,69.69079873970811,5024999
2016-09-08,70.37836456298828,70.85032234935444,68.5849198537271,69.43444386918621,5980354
2016-09-09,69.3967056274414,70.47277062606264,69.24567500786097,70.22734842977984,5051740
2016-09-12,68.05632781982422,69.24566041135695,67.86754470621364,68.9436094780079,4144478
2016-09-14,67.6409912109375,68.3583710044528,67.39557423366219,67.94304720848835,6680869
2016-09-15,65.99858856201172,68.11295513281372,65.71541391902188,68.11295513281372,8920122
2016-09-16,66.47055053710938,68.15071711996667,65.375604417569,66.5649420907891,21690721
2016-09-19,66.98025512695312,67.28231114565078,65.7909226760707,66.3383956892252,4266806
2016-09-20,67.24455261230469,67.73538659471564,66.82922879276593,67.07464578397142,4769662
2016-09-21,66.18736267089844,67.99967809154262,65.904188066356,67.2445458127628,4957941
2016-09-22,67.41444396972656,68.0751846288377,66.52716263184946,66.86697108946447,4676363
2016-09-23,66.43278503417969,67.7353852482549,66.338393491664,67.3011851768965,7599534
2016-09-26,66.3384017944336,67.32007498367467,66.01746948549926,66.3384017944336,6333433
2016-09-27,66.52717590332031,67.26342685484919,66.39502672092215,66.6970776054875,6069513
2016-09-28,67.37669372558594,67.62211068738553,66.52716992784767,66.52716992784767,4515648
2016-09-29,65.469970703125,68.75479755182873,64.82811145847009,67.48995019647418,13380901
2016-09-30,66.65933227539062,67.09353238918564,64.77150124056931,65.7342930199004,11831869
2016-10-03,68.4150161743164,69.0568756728477,66.30064432741482,66.88586991740947,9403402
2016-10-04,68.3394775390625,68.98134193941759,68.13181823833646,68.52826058374718,7967290
2016-10-05,68.49052429199219,69.24565670602745,68.11295808497455,68.39613274023777,5347763
2016-10-06,67.16902160644531,68.81143511864893,67.01799619498163,68.45275040655618,5654229
2016-10-07,66.81035614013672,67.81090554050905,66.56493913567849,67.16904095555434,3980080
2016-10-10,67.22566986083984,67.58435462225513,66.90473761668093,66.90473761668093,4458994
2016-10-13,66.07408905029297,67.1501535602678,65.58325512275913,67.03688576808875,14897308
2016-10-14,67.09351348876953,67.39556432082466,65.14904909487811,66.37613892183758,4958871
2016-10-17,66.47055053710938,67.07465238380396,65.99859276871078,66.5649420907891,4534814
2016-10-18,66.60267639160156,67.13127304442918,66.07408485984209,66.73482555480847,7289895
2016-10-19,67.41444396972656,68.24508629711129,66.48940499854382,66.81033720003995,9020687
2016-10-20,67.45222473144531,68.05633175413634,67.1501737806348,67.71652315420701,4037879
2016-10-21,66.81035614013672,67.71651399101978,66.48942384765935,67.71651399101978,10350237
2016-10-24,66.48941802978516,67.33894190085455,66.13072812468387,66.67820111224502,2945373
2016-10-25,67.33892822265625,67.56546889980586,66.30062148003272,66.65931131227525,3002870
2016-10-26,66.26287841796875,67.3200667701163,65.99858517073358,67.20679384609926,3927291
2016-10-27,66.26287841796875,66.77259377337302,65.58326135814237,66.11185297368166,7017500
2016-10-28,66.41390991210938,66.82923376253376,64.96028411722817,66.37615738840032,4282450
2016-11-01,66.79146575927734,67.7920201459217,65.75315885477885,66.16848264079196,5277438
2016-11-02,66.11185455322266,66.64044618139103,65.86643756025902,66.43278683066852,4859666
2016-11-03,66.05520629882812,66.3383808725086,65.80978935918532,66.13071644583547,4078615
2016-11-04,65.52661895751953,66.39501899033596,64.65821380363484,66.0740867621844,4179894
2016-11-07,65.69651794433594,65.92305863262241,65.52661626892213,65.80979084901321,7660803
2016-11-08,66.82923126220703,67.05577200133274,65.6587750442819,65.79092423552767,3265787
2016-11-09,68.03742980957031,68.45275355097446,63.034678897957164,64.1862534744673,13247214
2016-11-10,71.15237426757812,71.73759988233252,68.39613768446468,69.84976871077666,18046820
2016-11-11,69.13236999511719,71.17122593148018,68.5282632048068,70.22731067195397,8770575
2016-11-15,69.83087158203125,70.45385465828343,68.92471391465821,68.92471391465821,11489252
2016-11-16,71.17123413085938,71.92636642547639,69.22676949643429,70.43498321624895,10203154
2016-11-17,72.83251190185547,74.15399310219917,69.54768515543134,70.9635578700853,9392264
2016-11-18,72.4738540649414,73.73870193879624,72.2661946902939,73.15347634037532,12168642
2016-11-21,69.86865234375,73.11572308754207,69.58547765890307,73.11572308754207,12187225
2016-11-22,69.37779235839844,70.49161450008198,68.24509395847691,70.18956364186361,11976002
2016-11-23,68.58492279052734,70.812567734419,67.81091403617174,69.54771978858305,13625626
2016-11-24,69.86865234375,70.56715092391974,68.0752126730528,68.69819595550204,18404432
2016-11-25,71.22786712646484,71.81309255687631,69.8497467084739,70.26507045960535,14716858
2016-11-28,71.92636108398438,73.54989846948281,70.58600340900607,70.60487966654223,10318399
2016-11-29,71.52991485595703,72.32280468794622,71.17122501353613,71.98299622311312,12406804
2016-11-30,72.45497131347656,72.75702221701725,70.83143362400503,72.0396474803062,7446808
2016-12-01,69.58545684814453,72.68150119163889,69.28340086866767,72.68150119163889,11056167
2016-12-02,69.3967056274414,70.18959589595552,68.90586635594657,69.84978212297034,9676372
2016-12-05,69.88751983642578,70.2462097739759,68.28286349035196,69.35892818193298,12282830
2016-12-06,69.0568618774414,70.45385865464009,68.90583644449066,70.00078235578783,4550359
2016-12-07,68.886962890625,70.03853762329327,68.71705607121615,69.7364867455317,4265108
2016-12-08,70.09518432617188,70.2084521374793,68.54716188557748,69.4533197392449,5413273
2016-12-09,69.64209747314453,70.22732298825906,69.37779910569795,70.22732298825906,3451184
2016-12-12,69.75536346435547,70.0196618249389,69.24564812384102,69.5665803842441,3689403
2016-12-13,69.94416046142578,70.43499964002007,68.88697705087931,70.03855202026277,4417447
2016-12-14,68.69818115234375,70.00078647038079,68.50939806979164,69.84975590748402,7312670
2016-12-15,69.2267837524414,70.13294166837497,68.15071898680232,68.33950209933305,5253972
2016-12-16,69.3967056274414,70.32174000648222,68.60381535892729,69.30231405073903,26025533
2016-12-19,69.50994873046875,69.84975726143553,69.03799101494018,69.5288249906623,3627943
2016-12-20,68.69818115234375,69.64209656510425,68.62266587089536,69.47218974237983,5757036
2016-12-21,69.18901824951172,69.35892507992482,68.62266897622682,68.73594190352526,5279390
2016-12-22,68.6226577758789,69.26452222926657,68.37724082172537,69.09461542658507,2653684
2016-12-23,68.830322265625,68.98134768974877,67.58435099420034,68.56602393260721,4805945
2016-12-26,67.50885772705078,68.84921574284982,67.3011932360077,68.84921574284982,5932940
2016-12-27,68.3583755493164,68.60379254290847,66.65932773373726,67.47109399918904,4555998
2016-12-28,67.96192932128906,69.09462788725709,67.62212077571249,68.35837689201938,3739977
2016-12-29,67.98080444335938,68.50939603458866,67.58435690913588,67.65987218834094,14737238
2016-12-30,69.28340911865234,69.8875160284722,68.05631903851503,68.11295294107678,4872601
2017-01-02,69.34004211425781,69.92527275592539,68.94359968044186,69.28340821243683,1811713
2017-01-03,71.00133514404297,71.1712368441679,69.66097219735704,69.81200275889319,7819727
2017-01-04,70.51050567626953,71.3033957481805,70.24621239967888,71.00134482605705,7829503
2017-01-05,72.05852508544922,72.20955054003657,70.26508564968485,70.62377558526543,6362320
2017-01-06,71.2845230102539,72.81366420084258,71.07685851009127,72.17180467932934,6298387
2017-01-09,70.43498992919922,71.43553929071244,69.88751691499641,71.43553929071244,2956484
2017-01-10,70.43498992919922,71.09573074996236,69.8686406542594,70.45386618993624,4626997
2017-01-11,71.66207122802734,72.2661780713532,70.18956431815512,70.71815588566457,21835704
2017-01-12,74.75811767578125,75.418858433787,71.73758337525781,71.73758337525781,26857806
2017-01-13,74.43718719482422,75.47549412493125,74.02186339856767,75.47549412493125,23933005
2017-01-16,75.28671264648438,75.9096957935725,74.28616333497087,74.38055487607721,8473484
2017-01-17,74.66372680664062,75.75866761977133,73.66317241014336,75.28670993126079,10193606
2017-01-18,74.92802429199219,75.38110574710372,74.3994326750747,74.75812258712708,21229809
2017-01-19,76.19287109375,76.91024578831727,74.47494707878087,75.09793023140325,8756982
2017-01-20,75.28671264648438,76.49492130000431,74.55045657742733,76.49492130000431,12987134
2017-01-23,75.58876037597656,76.34389267332266,75.1545603292163,75.45661119972728,7334154
2017-01-24,76.7780990600586,77.28781442707084,75.7397920654692,75.89082263426472,7122776
2017-01-25,76.68370819091797,77.04239811336492,76.23063184374557,76.89137266430745,10336365
2017-01-27,77.23119354248047,78.13735150265127,76.47606105549315,76.83475103524009,11095330
2017-01-30,77.66539001464844,77.94856468383783,76.45718116541549,77.13679832304217,5832917
2017-01-31,78.23171997070312,79.00573361402996,77.19341310758804,77.58986061887303,7593736
2017-02-01,77.70313262939453,78.76032092915884,77.30669021765085,78.76032092915884,7325455
2017-02-02,77.00464630126953,77.77866010803109,76.74035302567516,77.74090246264062,7773806
2017-02-03,76.15511322021484,77.7031355275976,75.92857249602513,76.72146247015472,4479429
2017-02-06,75.9285659790039,77.09902201929872,75.41885579466205,76.36277113021134,6337200
2017-02-07,75.47550201416016,76.87249386623174,75.21120362862455,76.13624285692988,6562928
2017-02-08,75.9285659790039,76.53267281796914,74.87138285161608,75.8908134624367,9024346
2017-02-09,76.32502746582031,77.62762779471151,75.8153120670936,76.41941901665602,12790725
2017-02-10,75.47550201416016,77.70314154556996,75.23008501105953,77.47660080383505,16817238
2017-02-13,76.66484069824219,77.00464927775221,75.32448264309218,76.15512526844229,9508762
2017-02-14,75.83418273925781,77.0046389075627,75.55100810762286,76.98576264721464,9403263
2017-02-15,76.06071472167969,76.49491474937246,75.41885536976338,76.04183846350243,7302351
2017-02-16,76.32633972167969,76.81962235711148,75.54846461612422,75.88997352162589,6272531
2017-02-17,76.8575668334961,77.1231837221303,75.71921756212099,76.648871525724,4966775
2017-02-20,78.33741760253906,78.69789692008054,76.57297731200866,77.36982280836268,9917513
2017-02-21,78.22357940673828,78.84967041598809,77.61645882485935,78.33741226419599,7428835
2017-02-22,76.4970932006836,79.26707972188805,76.23148143889166,79.17221727554441,26345564
2017-02-23,75.56743621826172,76.6488690200389,75.339765342106,76.6488690200389,13404307
2017-02-27,73.13896179199219,75.88997255069548,72.81642846682087,75.88997255069548,14798634
2017-02-28,72.9112777709961,73.93578884996603,72.6836069267975,72.81641534813133,10051421
2017-03-01,73.10102844238281,73.87889852603907,72.79746549400117,73.42356182339307,10348326
2017-03-02,72.0006103515625,73.61327704429158,71.71602301989566,73.61327704429158,10629352
2017-03-03,72.41800689697266,72.56978577947068,71.3365739959216,71.71602377547515,8454072
2017-03-06,73.55635070800781,74.44805865227187,72.51286389265164,72.79745120593059,14858083
2017-03-07,73.82196044921875,74.35318901994673,73.44251073489646,73.82196044921875,11746802
2017-03-08,74.22038269042969,74.9792821405448,73.670183677066,74.10654983155894,7938282
2017-03-09,73.78400421142578,74.2962622840117,73.04408045912648,74.2962622840117,9777769
2017-03-10,73.06305694580078,74.25832244993204,72.11443271290045,73.99271075268945,16388459
2017-03-14,73.48046875,75.39668806199055,73.0820433968478,75.30182561789958,11886293
2017-03-15,73.21483612060547,73.63223181426822,73.04408684589062,73.61326138817186,7772586
2017-03-16,74.03067016601562,74.16347862124317,73.13896728081023,73.6701959551033,5161993
2017-03-17,73.61326599121094,74.75161514695444,73.27175712719495,74.67572314459173,9522200
2017-03-20,73.46147918701172,73.78401246483783,73.1389510558016,73.61326318595295,9378518
2017-03-21,73.32867431640625,73.82195686241153,73.19586589352302,73.61326158832065,8126819
2017-03-22,72.8923110961914,74.22038517841195,72.64566979595945,72.68361579906048,8203222
2017-03-23,73.2527847290039,73.42353915641766,72.7025805932183,73.23381430223174,5875356
2017-03-24,73.51840209960938,74.04963066573598,73.32867724409158,73.55634295342006,6164329
2017-03-27,73.9358139038086,74.41012617885757,73.48047720773214,73.61328567406936,7104197
2017-03-28,74.6377944946289,74.75163252463716,73.85992444935077,73.85992444935077,6020578
2017-03-29,74.69469451904297,74.92236538240189,74.2773039406039,74.86544895321623,6451066
2017-03-30,74.16346740722656,75.03620487631729,73.70813081808981,74.86545043875577,13016042
2017-03-31,74.86544799804688,75.85201829560424,74.23935699175999,74.23935699175999,8522874
2017-04-03,74.44805908203125,75.66230035101078,74.37217221935543,75.66230035101078,9945512
2017-04-05,73.99271392822266,75.0931170562897,73.68915107269709,74.6946917734029,7061975
2017-04-06,74.82749938964844,75.11208666864623,73.27175456847061,74.52394168403052,7466431
2017-04-07,73.99271392822266,74.4670260650288,73.8029890735002,74.39113406449339,9205565
2017-04-10,74.1065444946289,74.23935291815785,73.74606522313836,74.01168207019623,5763232
2017-04-11,75.56743621826172,76.4970850048574,73.80299593463397,74.12552410035329,10668096
2017-04-12,74.97928619384766,76.45914431886474,74.37217071822856,75.88996970050943,6620702
2017-04-13,75.88996124267578,76.2883813724745,74.67572013353,75.05516983681106,5910355
2017-04-17,76.76268005371094,77.08521327431923,75.51049831089647,75.87097237789332,11138596
2017-04-18,76.78167724609375,77.52160635448102,76.51606549569549,76.83859882875191,7675098
2017-04-19,80.13980102539062,81.01253849835977,76.62989099876289,76.97139472878717,29099215
2017-04-20,79.2670669555664,80.59514099048496,77.95796334821448,80.44336213010324,11822555
2017-04-21,78.01488494873047,79.85521726271261,77.33187745843158,79.45679708447436,7938078
2017-04-24,77.73030853271484,78.52715414750783,77.44572118076144,78.35640482430618,7520828
2017-04-25,79.15323638916016,79.64651898633996,77.71132430723627,78.16666604818411,6293621
2017-04-26,78.05284881591797,79.11531144539943,77.50264964132056,79.11531144539943,5977354
2017-04-27,78.83070373535156,79.74138207814536,77.84413338623476,78.16666669318285,13646716
2017-04-28,78.92557525634766,79.19118701582413,78.14770011514064,78.54612547428093,5477289
2017-05-02,78.16666412353516,79.24809687169652,77.597489534673,79.24809687169652,5123042
2017-05-03,80.0828857421875,81.12637252181088,78.2804994864744,78.50817035862461,10859280
2017-05-04,79.93110656738281,80.72795204352074,79.30501553135173,80.06391500450854,12952295
2017-05-05,79.30502319335938,80.44337251307552,78.75481896351646,80.44337251307552,4993008
2017-05-08,79.68445587158203,79.87418071749897,78.43226880056066,79.34295217825469,6855459
2017-05-09,79.0583724975586,80.25363811223617,78.83070163128278,79.703433947621,4729357
2017-05-10,79.87419128417969,80.04494058012413,79.30501667113185,79.57062840258428,4623710
2017-05-11,79.00144958496094,80.25363675499281,78.24255014128691,80.06391189407431,4946190
2017-05-12,78.26155090332031,79.53270890991149,78.01490438745168,78.92558813025114,5386419
2017-05-15,78.43228149414062,79.30501901457303,78.29947819779836,79.26707300992526,5353854
2017-05-16,78.6978988647461,78.90659417166924,78.2615326751507,78.45125755294146,4077710
2017-05-17,79.2291259765625,79.57062972072514,78.22358517284383,78.77378936655117,3694898
2017-05-18,79.02043151855469,79.45679770446257,78.5840653326468,78.92556908046095,5797418
2017-05-19,78.07179260253906,80.34849069292282,77.44569651039097,79.57061575740562,17793954
2017-05-22,76.83860778808594,78.81174372949027,75.58642031608912,78.54613194812184,7423973
2017-05-23,76.42118835449219,77.2180337456547,74.88441399726112,77.00933332482248,6465473
2017-05-24,75.8520278930664,77.36982695931798,75.32079924920171,76.80065230947363,6650433
2017-05-25,75.49153900146484,76.25043843853918,74.23935698893867,76.15557600890489,9992276
2017-05-26,76.7247543334961,77.36982094515702,75.24490138825706,75.88996799991799,6466364
2017-05-29,79.34296417236328,79.96905522921092,77.06626053057957,77.08523610600926,14504778
2017-05-30,77.44571685791016,79.26707889671786,76.66784686463679,79.26707889671786,10884114
2017-05-31,78.9065933227539,79.41885151660114,77.76824406825632,77.76824406825632,7781359
2017-06-01,78.79275512695312,79.57062500627008,78.29947254201305,78.75480912504628,6369921
2017-06-02,78.20462036132812,79.0583875591698,77.90106257953971,78.96352510903377,6713770
2017-06-05,77.90105438232422,78.67892947955747,77.48365861632305,78.4512585938644,5093948
2017-06-06,77.19906616210938,78.03385763859792,76.76269999574254,77.99591163573636,5324457
2017-06-07,77.80618286132812,78.05282414761953,76.72475014046378,77.36981671687161,7605903
2017-06-08,78.6789321899414,78.81173549343856,77.2559903919955,77.78722419245186,7487370
2017-06-09,78.62200164794922,79.11528938550538,78.35638992460332,78.69789365268598,6432439
2017-06-12,78.2425537109375,78.88762032613671,77.78721711192905,78.31844571741381,3684911
2017-06-13,79.7793197631836,80.87972286043585,78.16665854320233,78.33740781970138,15775215
2017-06-14,79.87419128417969,80.82281563925943,79.49474154214779,80.06391615519564,13639132
2017-06-15,79.81727600097656,80.53822949189025,79.4378262534834,79.68446756003064,5595511
2017-06-16,79.66548919677734,80.25363937277928,78.77378643866699,79.68446477145791,6127735
2017-06-19,80.59513092041016,80.80382618403226,79.6654771534776,79.68445272528955,6393073
2017-06-20,79.03939819335938,81.58171347216495,78.01488185196217,80.53822670269669,12876594
2017-06-21,78.05284881591797,78.9255865272725,77.69237455944747,78.9255865272725,13855413
2017-06-22,76.76268005371094,79.19115669994767,75.88994794770268,78.10972420572695,33713902
2017-06-23,78.16666412353516,78.54611384944327,76.80064408094272,77.02831494581085,9034020
2017-06-27,78.07179260253906,78.43226671221375,76.45913145518391,78.16665502297172,6947747
2017-06-28,78.77378845214844,79.28604148913789,77.18009746906681,78.16666783256417,7103873
2017-06-29,78.92557525634766,79.87419971151448,78.50817946675085,78.92557525634766,7577681
2017-06-30,79.89315032958984,80.0828751735741,78.8496636876764,78.8876096857964,7751039
2017-07-03,80.23466491699219,80.69000666304571,79.49474101292581,79.6844658826787,8768284
2017-07-04,79.95008087158203,80.82281839599293,79.58960669232646,80.82281839599293,4530105
2017-07-05,79.70343017578125,80.23465874087435,79.49473489376412,80.23465874087435,6062229
2017-07-06,79.62755584716797,80.06392205332749,79.30502251335724,80.06392205332749,5577232
2017-07-07,79.47576141357422,79.83624070649775,79.00144926320971,79.57062384364713,7641379
2017-07-10,80.19673156738281,80.44337289182585,79.6844733417753,79.6844733417753,2844699
2017-07-11,80.42439270019531,80.95562647204102,80.02597251792768,80.63309315245374,13833624
2017-07-12,81.2022705078125,81.58172027380009,80.42439539956783,80.42439539956783,9211263
2017-07-13,81.61967468261719,82.34062828289375,81.37303333865644,82.32165785128805,9596900
2017-07-14,81.65760040283203,82.05602054049419,81.39198354664654,82.05602054049419,4889330
2017-07-17,82.22676849365234,82.51135575431874,81.67656439771771,81.67656439771771,6302565
2017-07-18,81.73350524902344,83.47897533211957,81.48686391205291,82.3216555181563,7549621
2017-07-19,82.9666976928711,83.28923097197875,81.9801274289131,82.49238556083513,8521832
2017-07-20,82.98567962646484,83.47896222294293,82.58725431704818,83.09951248823167,10233967
2017-07-21,81.695556640625,83.27027735414778,81.01254909126882,83.27027735414778,4948380
2017-07-24,82.24575805664062,82.43548294123156,80.91768386450403,80.91768386450403,6137724
2017-07-25,82.34061431884766,82.94773493329451,82.07499744170951,82.53033918919877,6113154
2017-07-26,82.4544448852539,82.70109132713203,81.79040785752491,82.66314532479568,5258903
2017-07-27,82.20780944824219,83.13746341195784,81.86630569611162,82.60623478124177,21380991
2017-07-28,81.44889831542969,82.26471414765003,80.46232805819336,81.99910244348916,8260545
2017-07-31,84.73114776611328,85.07265665866169,81.4489084554848,81.4489084554848,17403810
2017-08-01,85.14852905273438,85.60387073435177,83.7255927309497,84.92085821192568,15263765
2017-08-02,84.1619644165039,85.75565526113989,83.7445738517519,85.24339712203431,12014487
2017-08-03,84.59834289550781,85.20545836736297,83.19437678695556,83.85841383758661,5285543
2017-08-04,85.22441864013672,85.43311390278787,84.08606961487824,85.14852664647324,7975937
2017-08-07,85.7366943359375,85.85052720319146,84.61731550593464,85.37621501193884,4619568
2017-08-08,84.57936096191406,85.98332696491968,84.02916196358082,85.9453809641273,3229672
2017-08-09,84.19992065429688,85.45210794064728,83.78252489218008,84.46553754290304,4573769
2017-08-10,82.49239349365234,84.16197132964939,81.71452358095652,84.16197132964939,6813656
2017-08-11,83.06157684326172,83.66869752383131,80.44337437658602,80.63309926760044,8860877
2017-08-14,84.5224380493164,84.9777797306582,83.09950172839294,83.19436414978784,4990789
2017-08-16,83.74456787109375,85.24339103433701,83.34614261508044,84.8829169226477,5221989
2017-08-17,83.270263671875,84.08607954028491,83.00464680931539,83.66868381909819,2837686
2017-08-18,84.59834289550781,84.92087105994966,82.98568148683242,83.09951435115113,7721084
2017-08-21,83.5927963256836,85.35724173557809,83.30820902042531,84.99676242360435,5203218
2017-08-22,83.28924560546875,84.37067848583612,82.73904137699259,84.21889960624105,6646897
2017-08-23,83.38410186767578,83.78252204040696,82.58725637559688,83.32718543537369,5312780
2017-08-24,83.83943176269531,84.31374387582942,83.1184732334388,83.28922765281341,5492256
2017-08-28,82.37855529785156,83.82046216592937,82.20780086630353,83.82046216592937,9753985
2017-08-29,81.695556640625,82.92876843285264,81.12638196728916,82.45445620507277,12235532
2017-08-30,81.80937194824219,82.51135487976867,81.29711385514904,82.28368404432554,9313551
2017-08-31,83.19436645507812,83.47895372714864,81.60067567283687,82.05601736679606,8143692
2017-09-01,82.15088653564453,82.98567799423653,81.88526966792446,82.98567799423653,8803556
2017-09-04,82.56828308105469,83.19437410787889,80.74692128429224,82.18883335005623,6239751
2017-09-05,82.03706359863281,82.56829225170964,81.92322557871975,82.53034624507194,3937595
2017-09-06,81.31609344482422,81.98013045417915,80.8228108679499,81.58171030721267,4800221
2017-09-07,81.9232177734375,82.01808020768517,81.03150986218603,81.7714389079645,5008597
2017-09-08,80.86076354980469,82.20780810713998,80.59514666547145,82.03705880716858,8588797
2017-09-11,83.11598205566406,83.27018501749794,81.20770537012866,81.34263492253866,6205180
2017-09-12,83.00035095214844,83.38586108744065,82.61484081685623,83.11600713002561,4307268
2017-09-13,82.40279388427734,83.30874354513826,82.11366134754394,83.00033236866716,3679773
2017-09-14,82.47988891601562,83.27018233799281,81.9787227701644,82.22930322868297,6793237
2017-09-15,81.9209213256836,82.28715803080938,80.22467784530153,81.9980202123099,9054445
2017-09-18,83.01959991455078,83.79061990947562,81.9208953760201,81.9208953760201,10470233
2017-09-19,83.21238708496094,83.42441557401439,82.03657800081936,83.42441557401439,5530915
2017-09-20,82.07512664794922,83.34731321581117,81.92092364152177,83.23165703937875,5687495
2017-09-21,81.55467987060547,82.07511954748777,81.09207089134424,82.07511954748777,5113744
2017-09-22,80.78366088867188,81.47758221120037,80.22467437674061,80.97641594012723,5195124
2017-09-25,81.01496887207031,82.44135835978739,80.05119360437376,80.57163329469299,13057600
2017-09-26,81.24627685546875,82.30642966133146,81.01496974297196,82.30642966133146,6570371
2017-09-27,80.24394226074219,82.13294058907046,79.7235026119132,81.72815710043406,7885119
2017-09-28,80.5716323852539,81.30410053467257,79.02959197434497,79.41510207707219,11633088
2017-09-29,81.34264373779297,81.978734292301,79.45364025696662,81.34264373779297,13782560
2017-10-03,79.47291564941406,81.82452796977076,79.222335165917,81.78597591950628,12296210
2017-10-04,80.59090423583984,81.20772143400362,79.04886385483807,79.04886385483807,12075908
2017-10-05,79.01030731201172,80.72582922996604,78.701901344854,80.57162624638717,17352392
2017-10-06,78.93321228027344,79.35726919857171,78.47059807818316,79.02958980330764,13466622
2017-10-09,77.46827697753906,78.97176541114047,76.96711590927715,78.97176541114047,21446056
2017-10-10,78.93321228027344,79.41509989544446,77.48754943476038,77.50682284784112,14560236
2017-10-11,78.20073699951172,79.45364476815227,77.64175051694579,79.18379084758031,11830976
2017-10-12,77.98868560791016,78.72115350376852,77.6802797240162,78.27781808486586,5518551
2017-10-13,79.2801742553711,79.83916600826134,77.17914205733867,78.02726639369307,11394674
2017-10-16,79.31871032714844,80.4174149686532,79.08740326122937,79.68494172177371,11521216
2017-10-17,78.99102783203125,79.76204791951331,78.62479119895144,79.12595739310353,4936452
2017-10-18,82.3257064819336,82.59556566248231,79.41510711328951,79.49220600143504,18484486
2017-10-19,81.20771789550781,82.11366762563411,80.78365576344709,82.05584215962925,559370
2017-10-23,82.3257064819336,82.57629224764987,81.34265774916393,82.09439935986552,14162373
2017-10-24,82.9039535522461,83.23163813448535,81.49684294137532,82.22931097714775,7050716
2017-10-25,83.30875396728516,84.42673220342007,82.42207760642168,83.27020191180146,16306452
2017-10-26,81.7281723022461,83.17383535744035,81.24628461718135,82.65339561180721,23524154
2017-10-27,81.63179016113281,82.32570629696221,81.1113504448529,81.8630972826812,9985329
2017-10-30,81.8823471069336,82.69191918470501,81.67031869007607,81.70886550854891,4118717
2017-10-31,81.67033386230469,84.38817788314127,81.22699307936358,81.99801325308349,16442260
2017-11-01,81.0920639038086,82.26786750719825,80.43669470364115,82.05583906357549,12417385
2017-11-02,82.96178436279297,83.38584122756474,81.6510460319233,81.72815013214431,16259892
2017-11-03,80.97640991210938,85.00499227915799,80.80293351600268,85.00499227915799,26293141
2017-11-06,81.22698974609375,82.22931697656068,80.76438079813477,81.24626838693473,7985183
2017-11-07,80.05118560791016,81.80525432837446,79.60785007481847,81.57395247028484,9702210
2017-11-08,80.24394226074219,80.93785830663745,79.85843218439703,80.18611679505342,12777065
2017-11-09,80.18612670898438,80.880042840673,79.02959633695954,80.880042840673,9492091
2017-11-10,81.47757720947266,81.72815771521894,79.60785227937096,79.8006073189935,8999608
2017-11-13,81.34264373779297,82.24859342636616,80.68727454295752,81.68960174672328,7885278
2017-11-14,79.78131866455078,81.36191083684174,79.45363409255647,81.3426374268245,4927717
2017-11-15,79.80060577392578,80.01263422187932,78.7982785415322,79.68494961510248,8653007
2017-11-16,80.30176544189453,80.51379911514117,79.08740978171797,79.83915650073031,18027175
2017-11-17,80.41741943359375,80.93785382478916,80.08973484108255,80.68727333480345,9193722
2017-11-20,80.49452209472656,81.07278720443198,79.28016641010822,81.07278720443198,8277194
2017-11-21,79.64641571044922,80.55236034303616,79.33800446570793,80.55236034303616,15596732
2017-11-22,79.81985473632812,80.24391673115557,79.06810823509704,80.24391673115557,8665005
2017-11-23,80.59090423583984,80.88003680727768,79.62712899771374,80.1475686720649,6824919
2017-11-24,81.41974639892578,81.67033213313135,80.18611728438219,80.37887232373104,7734712
2017-11-27,81.01496887207031,81.67033814563015,80.18612318761437,81.65105950298694,14811199
2017-11-28,80.32103729248047,80.95712780081841,79.49218653893386,80.95712780081841,21546865
2017-11-29,80.47525024414062,80.86076032475802,80.01263605587371,80.41742477781105,7324543
2017-11-30,79.43437957763672,80.37888146943989,79.08742151309406,80.37888146943989,19256592
2017-12-01,78.23930358886719,79.93555245074701,77.95017097315805,79.80062285098619,8172074
2017-12-04,78.16217803955078,78.62478692963163,77.44898345159338,78.45131055665668,7124561
2017-12-05,77.21770477294922,78.04655058085947,75.88769261390011,77.87307414412453,17485101
2017-12-06,77.19840240478516,77.42970423368737,76.58158532714593,76.98636875653908,5557173
2017-12-07,77.98868560791016,78.25854467792757,76.88998114971582,77.19839226242338,11119755
2017-12-08,78.297119140625,78.56697830593696,77.06348994060787,78.25857231313654,14615599
2017-12-11,78.75972747802734,79.18378960807681,78.10435825624043,78.56697243971531,8231500
2017-12-12,78.22002410888672,78.83684135367903,77.83451398449348,78.83684135367903,8310332
2017-12-13,77.29479217529297,78.04653369614387,77.04420643952756,77.48754721584167,12105970
2017-12-14,77.14059448242188,77.71885968294819,76.5237824515798,77.60320873436926,12838407
2017-12-15,76.65870666503906,77.93089324099255,76.13827216863827,77.64176064129619,22654959
2017-12-18,77.06349182128906,77.140590706963,74.55767607498274,76.6972551206873,16832008
2017-12-19,78.10435485839844,78.25856306539144,76.79362170066166,77.37188679044095,20133065
2017-12-20,78.23930358886719,78.3935066048155,77.08277312603065,78.29712906624579,14097971
2017-12-21,78.297119140625,78.9524884113452,77.91160903521676,78.9524884113452,7881749
2017-12-22,78.2778549194336,78.4898834107815,77.81524064709045,78.25858150342599,7399925
2017-12-26,78.04651641845703,78.6440600491648,77.56462892376396,78.21999800807212,7946762
2017-12-27,77.56464385986328,78.83683022811769,77.41044087763046,78.06581008813865,7831439
2017-12-28,76.77435302734375,77.89233122415041,76.52377251873772,77.66102412820055,15796200
2017-12-29,77.23695373535156,77.75739333841044,76.88999574291716,76.92854779292423,8561565
2018-01-01,77.17913818359375,77.77668196338398,76.7358026236302,76.7358026236302,6388017
2018-01-02,77.39117431640625,77.79595783420113,76.8321825739129,77.5839293684639,4383705
2018-01-03,77.73812866210938,78.04653463918775,77.3333399347769,77.68030319500907,8187397
2018-01-04,77.23695373535156,78.20072884145519,77.10202940354873,77.87304948843163,4204055
2018-01-05,77.58392333984375,77.89232930764528,77.33333760858811,77.60319675202571,4923559
2018-01-08,77.3140640258789,78.35494331533955,77.12130898922435,77.87305572370315,11797863
2018-01-09,77.487548828125,77.64175181800944,77.21768967421579,77.52609565398468,7380366
2018-01-10,77.04419708251953,77.83449579007663,76.5237627192968,77.83449579007663,8710385
2018-01-11,76.273193359375,77.21769523728767,76.06116488661041,76.75508100549052,12305664
2018-01-12,75.69490814208984,76.4466547625143,75.44432767821976,76.36955066802464,9411915
2018-01-15,76.8321762084961,77.1984128685897,75.23231045472691,76.25391110023145,9962401
2018-01-16,75.63709259033203,76.83217483853294,74.92389792375933,76.75507073394645,13205546
2018-01-17,76.09971618652344,76.6008772419685,74.78898284790012,75.56000307400978,13012437
2018-01-18,75.94551849365234,77.02494479410306,75.46363081866257,76.56233053458652,24603506
2018-01-19,75.59854888916016,76.33102227720084,74.90463278648691,75.94551216931227,8082214
2018-01-22,75.29013061523438,75.92622114374682,75.17447969325562,75.61781519926038,9833311
2018-01-23,75.5021743774414,75.69492943908355,74.80825824705593,75.29014590116131,16134097
2018-01-24,75.54072570800781,75.9262358275793,75.23231970387687,75.29014517604946,11061376
2018-01-25,74.90461730957031,75.88766579004088,74.46128182286427,75.82984033156869,13143678
2018-01-29,74.84679412841797,75.55998874811344,74.78896866818634,74.98172368816812,11002896
2018-01-30,75.15522003173828,75.61783429410086,73.5168019266934,74.71188441378344,22826262
2018-01-31,74.71187591552734,75.29014106329663,74.01795982973034,75.15521148305406,14372442
2018-02-01,75.11666870117188,75.2323248822936,72.86143330068236,74.9817443330872,17028230
2018-02-02,74.36489868164062,74.98171572584529,73.6324255004397,74.98171572584529,22083930
2018-02-05,75.75275421142578,75.92623061603624,73.24693337739386,73.24693337739386,21997294
2018-02-06,75.15522003173828,75.40580057851136,73.24694273551258,73.24694273551258,13495253
2018-02-07,75.36723327636719,75.88766764414676,74.55766115153355,75.48288419613719,14316750
2018-02-08,75.4258041381836,75.99189005488253,75.09396085236608,75.73812941108365,33536651
2018-02-09,75.4258041381836,75.85524807893715,74.56691625667645,74.95732417159513,15183068
2018-02-12,77.49492645263672,77.70964573456517,75.46483109822425,75.8161923300951,11747845
2018-02-14,76.30420684814453,77.47541465849837,75.62100229210479,77.47541465849837,13853923
2018-02-15,77.26068115234375,77.41684110600377,76.01139093271715,76.51891740107874,8833619
2018-02-16,76.34324645996094,77.39733558377233,76.03092650225523,77.33877095842519,6252218
2018-02-19,75.79668426513672,76.889809417743,75.58195965986377,76.36276485320371,4332550
2018-02-20,76.12852478027344,76.65556403059291,75.64052155207101,76.08948346298246,8479558
2018-02-21,75.71858978271484,76.47987684519919,75.46482919361117,76.36275290741598,9258406
2018-02-22,74.27409362792969,75.93330959540354,73.88369111680007,75.46482446397881,25535938
2018-02-23,75.44530487060547,75.67954213622114,74.31313337598984,74.41073400172064,11567495
2018-02-26,76.57747650146484,76.98739704053956,75.34770958906746,76.12851465029414,8362326
2018-02-27,77.20213317871094,77.39733447326977,76.34324536458251,77.00693188415211,17333449
2018-02-28,77.1826171875,77.37781850055995,76.284693265494,76.83125588302698,5795018
2018-03-01,77.06549072265625,77.49493462698534,76.34324487835377,76.94836676956251,8106682
2018-03-05,76.8897933959961,76.92883470656277,75.83570978173407,76.83123407773259,6992551
2018-03-06,75.40628051757812,77.10453284620775,74.99635462022668,76.94836757378394,9525018
2018-03-07,75.48435974121094,75.73812566764157,74.66451322123494,75.25012241708136,9481007
2018-03-08,76.28467559814453,76.47987686599633,75.11346799103369,75.67954849069996,10429826
2018-03-09,75.30867004394531,76.38227702832214,74.87922619115993,76.3237177063908,9887071
2018-03-12,76.12852478027344,76.3822853999039,75.34771961514956,75.54292090643052,14242997
2018-03-13,76.14804077148438,76.90932790535636,75.44531825958235,76.08948144468816,10581316
2018-03-14,75.874755859375,76.5970016675346,75.54291791348363,75.99187980660759,8577503
2018-03-15,76.0504379272461,76.42132247817689,75.66003536633941,75.7185946914407,6132848
2018-03-16,75.05492401123047,76.96789576816236,74.70355742113789,75.89428857552795,10373796
2018-03-19,75.81619262695312,76.16755386019973,75.15251147419252,75.50387270743913,13496140
2018-03-20,76.08948516845703,76.55796510092755,75.26963866766609,75.77715991830264,9661410
2018-03-21,75.81619262695312,76.32371911513017,75.58195003973091,76.32371911513017,9675146
2018-03-22,75.23058319091797,76.01138822659341,75.05490523499482,75.81618696767455,11371840
2018-03-23,75.8357162475586,76.22611879616537,74.56690266941314,74.56690266941314,9062739
2018-03-26,76.08948516845703,76.3237277822793,75.83572454313874,75.8942838728008,15451169
2018-03-27,76.49942016601562,76.65558017289013,76.16757684192292,76.16757684192292,7563470
2018-03-28,75.44530487060547,76.44082913499058,75.07442037475927,76.32371050218273,14095921
2018-04-02,76.08948516845703,76.20660382778115,75.30867998583213,75.30867998583213,6821616
2018-04-03,77.51445770263672,77.88534230223759,75.95284725408453,76.05044790711904,6269850
2018-04-04,76.53844451904297,78.04149550415377,75.99188196859555,77.67061093679274,9689298
2018-04-05,76.61653137207031,77.4754139143086,76.518930722145,77.26069460254257,8673501
2018-04-06,76.49942016601562,77.2607074803945,76.4213428101659,77.10454747352,7948746
2018-04-09,76.46036529541016,76.71413121869803,76.20660466729636,76.51892992089141,4610445
2018-04-10,76.8897933959961,77.55347979011046,76.63603282007226,76.85075208542942,7562115
2018-04-11,76.90934753417969,77.37782756328869,76.44086220989554,77.29975020602475,5790314
2018-04-12,76.65555572509766,77.26068283960853,76.55795509003202,76.98739894335544,3537785
2018-04-13,77.10453796386719,77.29973927217901,76.6750940265463,76.71413534724354,3438013
2018-04-16,77.76820373535156,78.4318901694048,76.83123870123246,77.00692196176811,9628436
2018-04-17,79.9935073852539,80.87191317511767,78.93941831934788,79.32982089262066,23457958
2018-04-18,80.03255462646484,80.34487459013475,79.77878869891208,80.07159065054294,8814122
2018-04-19,81.24280548095703,81.55512545127262,80.0130330218005,80.22775763466997,10627620
2018-04-20,80.89143371582031,81.82840415712043,80.50103113033659,81.51607891162907,5446620
2018-04-23,80.73526000976562,81.16470383979566,80.11061492019219,81.16470383979566,4139986
2018-04-24,80.59861755371094,81.28182195774443,79.95445446037111,81.28182195774443,3594644
2018-04-25,80.95000457763672,81.98457044985551,79.60311343585938,80.57911997477792,5924775
2018-04-26,80.8133544921875,81.47703569493603,80.50102925397599,81.02807379112917,7950190
2018-04-27,81.16471099853516,81.477030923282,80.8523910737883,81.00855103616173,7371596
2018-04-30,81.14520263671875,81.59416456761193,80.83287737966434,81.02807867963304,5644871
2018-05-02,80.09111022949219,81.63320255436622,79.91542694862211,80.81335606892907,7210903
2018-05-03,80.59861755371094,81.02806138099517,79.34933267772493,80.03253708175843,3782713
2018-05-04,80.96951293945312,81.12567290803226,79.8373465482873,80.813352970874,22466426
2018-05-07,81.7112808227539,81.98456475273028,80.8133569874155,80.8133569874155,6003886
2018-05-08,83.05815887451172,83.54616203369984,81.5355900768794,81.7893506606226,19748071
2018-05-09,82.7068099975586,83.42905583994,82.43352606957407,82.76536932636272,13934330
2018-05-10,81.20376586914062,82.68729370210973,79.91543405034434,82.45305107185818,13973187
2018-05-11,80.75479125976562,81.59415569936799,80.40342472187172,81.51607306979743,10688957
2018-05-14,81.61367797851562,81.90647991196177,80.42295223390417,80.42295223390417,13962128
2018-05-15,83.48760986328125,84.32697430993106,81.45751442913759,81.59415638444653,56040833
2018-05-16,83.33145141601562,83.93657327818384,82.98008486877087,83.70233067841193,18183776
2018-05-17,83.33145141601562,84.32697584607914,82.88248422679705,82.9605668584456,17900935
2018-05-18,83.13624572753906,83.93657417740263,82.80440777741202,83.42905295177113,18414996
2018-05-21,83.01913452148438,83.72186239136899,82.60921390209904,83.72186239136899,16669979
2018-05-22,82.27735900878906,83.546167302698,81.78935581882408,83.448566664705,9411261
2018-05-23,82.49207305908203,82.9410349063225,81.86742795653423,82.37495441899257,18219990
2018-05-24,82.66777801513672,82.92153866539287,82.5311360357143,82.92153866539287,17260447
2018-05-25,82.78488159179688,83.17528415029332,82.08215910457271,82.08215910457271,30090956
2018-05-28,80.79381561279297,82.9605526711776,80.54005504609192,82.86295204589467,17488299
2018-05-29,80.8133544921875,81.86743827132005,80.32535127170748,81.30135771266752,15749359
2018-05-30,81.78936767578125,82.74585088966931,80.8133611543602,80.8133611543602,36016623
2018-05-31,81.76982879638672,83.03863703260821,78.70516784370938,81.94551205485593,274352477
2018-06-01,80.40343475341797,81.16472195360545,78.21717909958329,80.7743193473912,17096388
2018-06-04,78.74421691894531,80.79383042566623,78.31477302993093,80.79383042566623,14456405
2018-06-05,77.63157653808594,78.52950572507292,76.16756673936463,78.39286375149074,13788817
2018-06-06,78.50996398925781,79.3493336463118,77.10451914851446,77.10451914851446,8130515
2018-06-07,79.15414428710938,79.6226242060726,77.39733267685605,78.64661775593187,7683528
2018-06-08,77.26068115234375,78.54900738900545,76.81171929988123,78.43188874755374,12429285
2018-06-11,76.40178680419922,77.78771884815097,75.93330698405846,77.53395298850536,19668041
2018-06-12,76.14804077148438,76.69460331353858,75.50387758637856,76.69460331353858,13416832
2018-06-13,77.3582992553711,77.82677922214961,76.16756808756338,76.63605334951632,10866676
2018-06-14,77.63157653808594,77.82677784458211,76.75317065885315,77.37781589867578,7205187
2018-06-15,77.24117279052734,77.69014002501329,76.61653285505415,77.63157539778521,9527937
2018-06-18,77.5534896850586,77.88533292445521,76.61652458777742,77.24116445584909,4303444
2018-06-19,77.57301330566406,77.9634158990313,76.8312494373011,77.12405138232654,8099053
2018-06-20,77.74870300292969,77.96342232892063,76.83125577381708,77.57301970335564,8160216
2018-06-21,76.30420684814453,77.5534972972583,75.66004361148477,77.33877268825557,10942576
2018-06-22,77.1826171875,77.45590114385374,75.77716667443342,76.59701324832012,7677797
2018-06-25,75.81619262695312,77.41684412860259,74.76210363203988,77.18260154138038,8701812
2018-06-26,74.46929168701172,76.01138365785091,73.78608732186039,75.69906378042226,9869227
2018-06-27,73.0833740234375,75.1525106775992,72.4977702091759,74.93778610193257,13094540
2018-06-28,72.14640808105469,73.68849492896585,71.50223965725148,73.55185827681203,22542641
2018-06-29,72.94673919677734,74.31314823013444,71.87313209913962,72.3220940082079,8435793
2018-07-02,72.24403381347656,73.141957844701,71.6389064922817,73.00531584990377,13100144
2018-07-03,72.04882049560547,72.40018178438791,70.74097069747295,71.85361919126254,9990760
2018-07-04,71.44367980957031,73.88369565397095,71.11183659569717,72.32208551355454,10626271
2018-07-05,70.91665649414062,71.73650312158775,70.48721781349319,71.50226047157787,7739370
2018-07-06,70.97522735595703,71.40466607428684,70.60434268629912,70.9166627169345,7229617
2018-07-09,72.02928161621094,72.22448287835374,71.05327530549697,71.13135792842334,10238815
2018-07-10,71.8536148071289,72.36113604938453,71.59984889082715,72.2244940856468,7258266
2018-07-11,71.40463256835938,72.12687825736917,71.20943131701472,71.75599905691801,3825437
2018-07-12,71.28753662109375,71.67793924801892,70.89713399416858,71.52177925628376,11523981
2018-07-13,70.95567321777344,71.58031830284165,70.76047195963794,71.1313564681646,4793733
2018-07-16,70.79952239990234,71.24848429247305,70.50672047494227,70.68240374798779,12191173
2018-07-17,70.83856964111328,71.15088960245953,70.27248375410228,70.54576769166087,4698206
2018-07-18,69.68687438964844,71.75601118060071,69.51119641085991,71.28752598015053,5845129
2018-07-19,69.2769546508789,70.58480433075567,69.14031269115915,69.92111783793051,5980121
2018-07-20,68.6327896118164,69.47215406291114,67.96910313690039,69.29647079155878,5273662
2018-07-23,69.12080383300781,69.49168314972893,68.5742359217565,68.69135988638513,6336970
2018-07-24,69.3940658569336,69.66734974704221,68.80846205970647,69.56974911417102,6260188
2018-07-25,68.57421875,69.882068275552,68.20333952615123,69.74542633195585,7757736
2018-07-26,70.99472045898438,71.7560075473762,68.00814201906176,68.80846512620316,33869484
2018-07-27,70.23344421386719,72.14642123487687,69.56976295540453,71.54129401357865,19690254
2018-07-30,71.52177429199219,71.73649360382765,70.29200716157035,70.62384513528441,10288607
2018-07-31,71.17041015625,72.45873656593115,70.99472687530532,71.69744940873615,11713824
2018-08-01,72.10736846923828,72.51728902571645,70.3310337024282,71.44368202094907,10299992
2018-08-02,73.66898345947266,74.27410532898458,72.12689117950207,72.67345901732754,12305598
2018-08-03,74.25460052490234,74.54740250645324,73.78611523635101,74.09844052711014,7491196
2018-08-06,73.96177673339844,74.89874173903281,73.64945682991137,74.89874173903281,4944677
2018-08-07,73.82514953613281,74.4302767508732,73.25906893609411,74.11795148982758,3270258
2018-08-08,73.9813003540039,74.44978553994763,73.33713719471146,73.82514039041385,6225545
2018-08-09,75.1915283203125,75.3476935354237,73.33711669500165,73.98127967423311,6328977
2018-08-10,74.39122772216797,75.67955406684577,73.82514188561865,75.62099474121017,4909902
2018-08-13,73.39570617675781,74.17651139262202,73.06386819615494,73.62994880055193,2537940
2018-08-14,73.3566665649414,73.78610517652763,72.82962201097085,73.22002459981215,2304692
2018-08-16,73.2785873413086,74.17651121938566,73.04434471806155,73.1614686772722,3661689
2018-08-17,73.04434204101562,73.78610590813406,72.5172974818193,73.59090461177794,4022502
2018-08-20,73.2590560913086,73.72753595797536,72.4587277144296,73.20049147469861,2487784
2018-08-21,73.22002410888672,73.51282604855452,72.5563375942368,73.25906542654388,3655095
2018-08-23,74.25460052490234,74.56692052048675,73.22003458245744,73.22003458245744,9442607
2018-08-24,74.5473861694336,75.97235444166533,74.00082364935241,74.37170290093405,8393334
2018-08-27,77.22164154052734,77.41684281069394,74.52786507126307,74.62546570634636,14042229
2018-08-28,76.9678955078125,78.25622201654619,76.42133290699138,77.14357350709018,8224129
2018-08-29,75.36724090576172,77.70965650306195,74.99635631811952,76.90933329205403,6955827
2018-08-30,76.8897933959961,77.37779654014695,75.1134640693562,75.44530726641338,22347117
2018-08-31,78.6661376953125,78.95893961782349,76.0699564129095,76.0699564129095,11854651
2018-09-03,75.93331909179688,80.03254597131654,75.73811781181975,79.19317623127601,8999761
2018-09-04,75.9137954711914,76.69460058785482,74.82067042593205,75.93331877621215,5387824
2018-09-05,76.38228607177734,76.90933062190673,75.25011963142376,75.79668219278335,7334087
2018-09-06,77.8072509765625,78.76373938760312,76.32372333410534,76.51892461838517,16457730
2018-09-07,76.40178680419922,78.4318819103275,75.28913862670916,78.4318819103275,4580610
2018-09-10,76.42159271240234,77.2335380326289,75.31260077750011,76.50080872433847,6293799
2018-09-11,74.02539825439453,77.17414705810333,73.74814749943552,76.46122421968809,9560546
2018-09-12,76.75827026367188,77.33257305149677,74.10460309322153,74.10460309322153,13582243
2018-09-14,79.27330017089844,79.98622284628107,76.79786675354995,77.3325614461041,22816500
2018-09-17,79.96642303466797,80.61993639475611,78.18411094059061,78.18411094059061,15162744
2018-09-18,78.7782211303711,80.7585680563801,78.48116909146974,79.80800260630275,4937349
2018-09-19,78.54058837890625,79.21390856789839,77.7088414901617,78.81783913249961,6025625
2018-09-21,79.3723373413086,79.96644150992815,77.27316605563142,78.8178411916708,11174973
2018-09-24,78.26333618164062,79.35252710889569,77.05532657477191,79.21390710669156,3992299
2018-09-25,76.28297424316406,78.65939035072338,75.9067115826878,78.02568368633507,10770907
2018-09-26,76.38198852539062,76.8374725587458,74.54026719011533,76.61963120104676,7286693
2018-09-27,77.05531311035156,77.59000781925286,76.10474772343507,76.441407752894,8101331
2018-09-28,74.61949157714844,78.40195200588562,74.20361550508687,77.03551586862991,10284429
2018-10-01,76.2037582397461,76.79786222487617,73.6293076375158,74.57987293931711,4684738
2018-10-03,74.83733367919922,76.16416728410553,74.59969095753858,75.4512391191236,10349581
2018-10-04,74.95613861083984,75.62945863675289,73.09461593855039,74.46105193650207,11239097
2018-10-05,74.18382263183594,75.86711768785922,73.80755452932246,74.85713743102403,7035573
2018-10-08,73.92637634277344,74.87694185947112,72.28268398136002,73.86696163320121,4680183
2018-10-09,73.88677215576172,75.03537243845813,73.39168536390676,74.0848068725037,5552286
2018-10-10,74.1244125366211,74.83733534544092,73.74814443794459,73.74814443794459,3526073
2018-10-11,73.55010986328125,74.6591020950563,72.89659639198398,73.64912721869099,10016561
2018-10-12,74.6393051147461,75.15419324401499,73.70854084534247,73.76795018763724,6856067
2018-10-15,74.50067138671875,75.25320217287948,73.70853258612112,74.63929675123035,6926558
2018-10-16,74.14420318603516,74.77791524267384,73.31245644744905,74.4412552089563,6530627
2018-10-17,74.89673614501953,75.2928055207705,74.46105875728652,74.4808654492949,4151254
2018-10-19,74.9165267944336,75.82748401477494,74.08478020905949,74.85711210316622,9497796
2018-10-22,74.9165267944336,75.64925068503993,74.56006013496358,75.0155441171678,4377225
2018-10-23,75.62947082519531,76.3027909596206,73.58971447260352,74.4610639366441,4599675
2018-10-24,75.41162872314453,76.14435813459144,75.01555935177156,75.84730073402706,4510189
2018-10-25,75.76811218261719,76.1047723208864,73.94619146848638,75.13439992917566,7455415
2018-10-26,74.61949157714844,75.64926766712615,74.38184887483251,75.39182364463173,6390862
2018-10-29,75.07495880126953,75.45122143132718,74.22341083931026,75.01554947779032,8374975
2018-10-30,73.72834777832031,75.0749828201613,73.51050635982347,74.85714140166446,5105532
2018-10-31,73.64912414550781,73.96597752078341,70.81722897336357,73.31246407675553,9622136
2018-11-01,74.6393051147461,74.97596521713068,73.49070479958309,73.70854084534247,5603131
2018-11-02,75.19380187988281,76.16417417612375,74.7383230891713,74.87694847035368,6034462
2018-11-05,73.688720703125,75.05515671508377,73.27284466919768,74.87692873371573,4872816
2018-11-06,74.50067138671875,74.85713277258067,73.27285517138542,74.10460198641994,7337064
2018-11-07,74.87693786621094,75.25320056523563,74.50066979515131,75.25320056523563,223308
2018-11-09,75.92650604248047,76.12454070022059,74.7779061019945,74.85711674187021,9231137
2018-11-12,73.64912414550781,76.4018086598507,72.97580400800325,75.84730719506572,3906667
2018-11-13,72.89659881591797,74.46106986019207,72.421313345333,74.0650004253831,7750412
2018-11-14,73.64912414550781,74.06499487206143,72.91639467164346,72.99561070147992,9918943
2018-11-15,74.1046142578125,74.65911043564591,73.49070873450336,73.66893677093056,8814911
2018-11-16,74.50067138671875,75.25320217287948,73.74814060055802,74.06499397198304,5537047
2018-11-19,75.1343765258789,75.45122986788623,74.32243647946358,74.54027248058928,5155461
2018-11-20,74.61949157714844,75.68887567951793,74.26302483765717,75.68887567951793,2673334
2018-11-21,72.12425994873047,74.40165915718597,71.80740655549864,74.26303378313378,6426666
2018-11-22,71.21329498291016,72.75796451478783,70.42115621045649,72.75796451478783,6231287
2018-11-26,72.26287078857422,72.42129745332582,70.83702006174111,71.31230542803026,5022526
2018-11-27,72.302490234375,73.25305574527673,71.41133406064803,72.06484751364077,6727512
2018-11-28,72.99560546875,73.27285080923289,71.88660799071424,72.04503466699514,9281286
2018-11-29,71.49054718017578,74.65910257359715,71.0152670943838,73.25305826658057,16395530
2018-11-30,71.35192108154297,72.69856140767786,70.61919695189556,71.68858116307669,10573839
2018-12-03,72.79759216308594,74.65911555722896,71.7282023830193,71.7282023830193,11107638
2018-12-04,74.16400909423828,74.54027716203343,72.14405413898494,72.6391408744865,6304336
2018-12-05,72.67875671386719,74.34225047309333,72.28268728281671,73.31246887795503,5774768
2018-12-06,72.67875671386719,73.43129293049145,72.361903317841,72.67875671386719,8600328
2018-12-07,72.34208679199219,74.06498965733142,71.54994803754056,72.79757087342966,8378029
2018-12-10,71.0152587890625,72.243069562791,69.96567064011398,71.4905388192699,6431248
2018-12-11,71.41133117675781,71.80740057130818,70.16370828629616,70.42115769038188,6514193
2018-12-12,72.302490234375,72.79757699755665,71.56976075045912,71.64897140934707,7396629
2018-12-13,72.302490234375,72.48071824589928,71.7281874402702,72.22327420345187,4251108
2018-12-14,73.55010986328125,73.76794589636856,71.49054672194434,71.88661614358334,9276710
2018-12-17,76.26317596435547,77.84745343254619,75.13437719386266,75.25319585516313,23727234
2018-12-18,77.76823425292969,78.02568362868591,75.6096595133788,76.4017982153133,15507368
2018-12-19,78.81782531738281,79.01586000037086,77.25334917296337,77.25334917296337,11434466
2018-12-20,78.40196228027344,78.79803171202566,77.19395266224335,78.04550086610354,7938383
2018-12-21,77.986083984375,78.85743342674779,77.49099724256037,78.42176139157888,8722621
2018-12-24,76.81766510009766,78.342533100596,76.5206131015084,78.02567978424777,8563441
2018-12-26,77.35235595703125,77.74842526894989,75.78788002613909,76.67903597795603,4766041
2018-12-27,77.84745788574219,79.01586473418438,76.63944839595747,77.25335380118545,46486470
2018-12-28,78.04548645019531,78.5603744675532,77.47118373142078,78.22371981037622,5142112
2018-12-31,78.67919921875,79.21389393215402,77.6296164832737,77.90686181360704,6317785
2019-01-01,79.21390533447266,79.41194004408848,77.66923030184094,78.20392509221074,3961625
2019-01-02,77.33256530761719,79.21389479874408,76.8374785994259,78.85742807121868,7876559
2019-01-03,76.4612045288086,77.23354188155646,76.04533387550384,77.19393387361454,7942863
2019-01-04,77.59000396728516,77.92666398003054,75.80769194078695,76.56022261090156,4017540
2019-01-07,78.5999984741211,78.77823187057523,77.57021685779449,77.66923421759445,3592512
2019-01-08,78.16431427001953,78.6197983834137,77.55040884106192,78.38215566599828,3990870
2019-01-09,78.26333618164062,78.71882032157563,77.47119732545512,78.16431882461744,4087529
2019-01-10,77.49100494384766,78.20392777409914,77.19395286923695,78.20392777409914,3589725
2019-01-11,76.9760971069336,77.5900078365626,76.54042510969077,77.1939384775895,2995789
2019-01-14,76.24339294433594,76.9761171516109,75.64928337913491,76.85729846179223,5370460
2019-01-15,76.22355651855469,78.81781370675984,75.41161658672408,78.81781370675984,11498868
2019-01-16,76.04533386230469,76.89688185875443,75.88690183056451,76.24336852994576,8515441
2019-01-17,76.7978744506836,77.05531847748352,76.04534369079347,76.04534369079347,5325531
2019-01-18,76.67904663085938,77.90686274279254,76.24337462484871,76.83747867526463,4366941
2019-01-21,75.748291015625,77.11473263321471,75.51065366650957,76.81768057478523,4067143
2019-01-22,75.1343765258789,75.74828189053103,74.65909114083338,75.64926454964943,3577455
2019-01-23,73.7877426147461,75.84730010560043,73.55009991948435,75.07496806104304,6173490
2019-01-24,73.96598052978516,74.89674474406985,73.49070044753694,73.94617920753807,6157088
2019-01-25,73.6095199584961,74.89674559204974,73.37187722866373,74.30264145348652,3868441
2019-01-28,74.38184356689453,74.69869689934838,72.08463810448374,73.66891551082178,7440853
2019-01-29,73.51050567626953,74.38186059808304,72.73816811502412,73.98579115581065,17469350
2019-01-30,74.1046142578125,74.42147305374299,72.6391550852194,73.31247532604021,12711500
2019-01-31,74.69869232177734,75.8472922965788,73.98576968142723,74.65908431463922,25774313
2019-02-01,75.33242797851562,75.98594149941567,73.62933148501418,75.62948006729162,9474849
2019-02-04,73.11443328857422,75.05517240311892,72.77777320179794,75.05517240311892,3678667
2019-02-05,73.70853424072266,74.04519431294098,72.67875270242232,72.91639542234319,5500377
2019-02-06,73.98579406738281,74.75812628698628,73.17384845555044,73.76795264233888,4322649
2019-02-07,73.11443328857422,74.34224958456304,72.87679055837712,74.04519751482552,4309303
2019-02-08,71.68856048583984,74.44124431072895,71.49052583288477,73.11441106152317,7692145
2019-02-11,72.22327423095703,72.55993430445581,70.44096188282433,71.1340833515426,7913450
2019-02-12,71.78758239746094,73.82734375080683,71.47072908130859,72.48070372707406,11930402
2019-02-14,69.29235076904297,70.83702015343056,68.32197871662757,70.30232545867176,36962390
2019-02-15,71.8865966796875,72.163847348581,70.34192742793458,70.65878073064097,16005610
2019-02-18,71.58955383300781,72.67874458665366,71.11427381827401,71.86680453729514,7973918
2019-02-19,71.07467651367188,72.48072082227243,70.85683510690752,71.3915299045568,10824411
2019-02-20,72.00544738769531,72.32230080785067,70.73802296300212,71.58957123020105,9658184
2019-02-21,72.00544738769531,72.48072751792834,71.62917925072944,72.36190882837906,9197823
2019-02-22,72.04503631591797,72.32228703478114,71.49054025022649,71.96582566198197,12182132
2019-02-25,72.06483459472656,72.28267058266141,70.69839322449026,71.68856657334722,29907322
2019-02-26,71.76779174804688,72.36189583317211,70.83702760694369,71.09447163609099,13683801
2019-02-27,71.8667984008789,72.99559706904431,71.2330863966427,71.80738907561422,13566494
2019-02-28,72.42131042480469,73.17384124618737,71.53015423242209,72.4411117469324,69863939
2019-03-01,72.5599365234375,72.77777255716803,72.12425908394108,72.52032850674958,7227772
2019-03-05,72.48072052001953,73.45109275511557,72.32229382523772,72.87678994299173,15733697
2019-03-06,73.0748291015625,73.82736534863477,71.965836798565,72.52033295006375,20336766
2019-03-07,74.1244125366211,75.05517137812606,73.1144322900851,74.06499782585666,12295538
2019-03-08,74.06500244140625,74.63930528632578,73.37188091162405,74.4610718869961,6211299
2019-03-11,76.956298828125,77.62961891379405,74.36204120113865,74.65909323210417,17678891
2019-03-12,77.76823425292969,80.00603038352216,77.094919579506,77.094919579506,26457157
2019-03-13,77.13453674316406,78.52077963606565,76.48101793888245,78.46136492874186,6930222
2019-03-14,76.59558868408203,77.47341528211952,76.4526853918866,77.14678393237061,8466765
2019-03-15,78.90243530273438,79.29030930213632,76.39143557684781,76.39143557684781,14301914
2019-03-18,80.45394134521484,80.7601602797838,78.90243429185747,79.26989590577755,14247336
2019-03-19,81.25011444091797,81.74006142349411,79.73943211789425,80.10689373927977,16995997
2019-03-20,80.59686279296875,81.59717488206167,80.2294010962037,81.35220410942813,9060589
2019-03-22,81.04596710205078,82.00544866995801,80.49477191043984,80.80099084602219,8782833
2019-03-25,82.4749984741211,83.08743641711266,79.65777950610855,80.51519373385958,14506515
2019-03-26,82.82203674316406,83.25074659764068,81.4134328899763,82.53623571132677,8371544
2019-03-27,81.74007415771484,83.57738808868964,81.0459811064797,82.8832950374545,11579885
2019-03-28,80.94390106201172,81.65841197295155,80.20897223092807,81.65841197295155,17034861
2019-04-01,79.84150695800781,81.53591736228753,79.65777337412831,80.92347946644087,10617688
2019-04-02,81.57673645019531,81.9850283246401,80.02522954243031,80.02522954243031,17946031
2019-04-03,82.04627990722656,82.69954808483584,81.7196485873287,81.82172156702349,15076661
2019-04-04,81.39300537109375,82.98534816018729,81.04596169749387,82.25041944111032,10130253
2019-04-05,80.14773559570312,81.94421919981683,80.0456626007215,81.94421919981683,9883976
2019-04-08,80.98472595214844,81.78089746926915,79.841510707999,80.84182819999026,13511642
2019-04-09,80.98472595214844,81.39301790188952,80.45394863261063,81.22970222955588,10655872
2019-04-10,81.10721588134766,81.51550782616344,80.73975423857624,80.73975423857624,8637199
2019-04-11,80.00482177734375,81.4134311380333,79.88233641459408,81.31135815647069,13713296
2019-04-12,80.45394134521484,80.69891760043271,79.6373575196976,80.2906256876741,11004111
2019-04-15,80.86223602294922,82.00545120263867,80.47435647744011,80.76016304126931,8965316
2019-04-16,80.37228393554688,81.59715972240808,80.22938619066403,81.25011601304837,4918434
2019-04-18,79.33113098144531,80.78056491768854,79.00449969767057,80.57641898087608,11593259
2019-04-22,79.5353012084961,80.31105489773752,78.96369351841369,79.29032490194231,7772049
2019-04-23,78.80036163330078,79.43321188551823,78.41248209948137,79.12699294970717,6686014
2019-04-24,78.37166595458984,79.47405653772948,77.59591228466154,78.8412006334032,7288151
2019-04-25,78.2083511352539,79.94359210417203,77.86130183390738,78.47373982293729,17599280
2019-04-26,77.90213775634766,79.37199014353732,77.71840413126833,77.98379283808238,8664580
2019-04-30,76.10562896728516,78.59621059166072,75.69733707928303,78.26957375857113,14290974
2019-05-02,77.65715789794922,77.90213420762377,76.12606288475168,76.37103919442623,8897549
2019-05-03,77.92255401611328,78.77996841275005,77.65716529610589,77.94297194092323,10782838
2019-05-06,77.75921630859375,78.73911582561524,77.10594811797486,77.57548272635874,5477945
2019-05-07,78.2083511352539,79.1270081187988,77.77964122024422,77.77964122024422,9450289
2019-05-08,77.57549285888672,79.10659332259803,77.12637611087514,78.37166443547888,10180731
2019-05-09,76.71808624267578,77.5959129167936,76.08523033319396,77.53467022563458,7921214
2019-05-10,75.75859069824219,76.94263623692098,75.55444472475226,76.92222385469756,5938686
2019-05-13,74.57454681396484,75.96274399782983,74.3295760524023,75.7177676984528,5504435
2019-05-14,74.16624450683594,75.2073922498514,73.92127377936285,74.26831748922096,11334983
2019-05-15,72.88013458251953,75.37071675233095,72.45143022135659,74.77869116994941,7616268
2019-05-16,74.24789428710938,74.59494348420284,73.02301867700037,73.22716461201853,8660893
2019-05-17,74.37039947509766,74.96242505972857,73.63547612807908,74.1866714072502,10183233
2019-05-20,76.7793197631836,77.12636902205185,75.14615199233427,75.983148259769,6287120
2019-05-21,75.1053237915039,77.00388027066387,75.0236631855515,76.86097697915417,7748239
2019-05-22,74.34998321533203,75.6565196950477,74.22749784315235,75.08490652403829,6972640
2019-05-23,75.39112854003906,76.79973806611983,74.75827819517049,75.94232381275825,13966122
2019-05-24,75.79943084716797,76.16689253962186,75.22781761689004,75.79943084716797,7240775
2019-05-27,76.4935073852539,77.41216418666605,75.79941445798616,76.12604577225174,6424176
2019-05-28,77.65715789794922,78.10628020938344,76.67725819706574,76.86098627596061,11255911
2019-05-29,77.63673400878906,78.8003671539565,77.31009713168538,78.14709893756303,8310232
2019-05-30,78.06543731689453,79.1678277638113,76.82014912203367,78.96368179496106,34989609
2019-05-31,77.2896728515625,78.55537878763991,76.92221126697565,78.18791166524001,11849847
2019-06-03,78.82078552246094,79.00451912589979,77.57549167898341,77.6775646724907,12106965
2019-06-04,78.77994537353516,80.02523906140684,78.37165345052418,78.6166297118935,11447117
2019-06-06,79.80069732666016,80.90308803984117,79.26991989457458,79.61696923300677,26132949
2019-06-07,78.29000854492188,80.04566748849913,78.04503777225901,79.80069117802152,8783688
2019-06-10,79.33113098144531,80.00481146536382,78.55537752912059,78.7799358444891,11231885
2019-06-11,79.06575775146484,79.90275404008791,78.75953878667875,79.73943836643146,6589306
2019-06-12,78.04502868652344,79.04534065928324,77.69797941523368,78.80036991513902,7509749
2019-06-13,79.14741516113281,79.39239144777265,77.43259223028234,78.06544256110557,11041648
2019-06-14,79.45362091064453,80.41310797656102,78.94325603917972,79.20865020259204,34979466
2019-06-17,79.22907257080078,80.20897213998732,79.04533897878468,80.18855975768064,10860754
2019-06-18,80.76016998291016,81.18887432768904,79.26990542985244,79.49446379372439,17815522
2019-06-19,81.78089904785156,82.2708516121238,80.84182976044622,80.88265452595715,32722391
2019-06-20,82.04627990722656,82.78120868371708,81.37259934880376,81.92379454671826,11459458
2019-06-21,81.61758422851562,82.49541083904867,81.06638897238095,82.14836156386654,16601442
2019-06-24,81.27052307128906,81.96462152017362,80.6580852179721,81.65840259351515,9883389
2019-06-25,82.3116683959961,82.59747495374302,81.25011383936707,81.25011383936707,10375296
2019-06-26,85.59844207763672,86.12921948256381,82.08712963741509,82.2504453360223,31182825
2019-06-27,84.80225372314453,85.7004981952179,84.21023374011718,85.37386686236238,13741562
2019-06-28,84.47563934326172,85.57803000405625,83.55698230520458,84.57771234749029,12067819
2019-07-01,84.53685760498047,85.7413209218837,83.96525005407226,84.61851819988735,11211814
2019-07-02,84.65936279296875,85.4146985032439,84.25107082511657,84.67977517623567,12203723
2019-07-03,85.31262969970703,85.59843630636092,84.39397272693813,85.00641070878406,13693989
2019-07-04,85.82298278808594,86.06795905442942,84.80225295983286,85.3330357932127,12324046
2019-07-05,84.04692077636719,86.55792085291678,83.37324012516713,85.76174928652578,12525923
2019-07-08,82.16878509521484,84.25107535067428,81.80131787415795,83.69988005690348,8948141
2019-07-09,83.59779357910156,83.78152162218888,81.49508574053118,82.4545728693659,6875651
2019-07-10,83.8223648071289,84.29189948427934,82.92412022124718,83.57738850754167,12675299
2019-07-11,85.16971588134766,85.39427421724045,84.14898056617884,84.27147146214955,7808266
2019-07-12,84.39395904541016,85.6800830290382,83.45488984060943,85.16971812690441,6349095
2019-07-15,83.679443359375,84.4143720987766,82.84244718324312,83.96524990322229,6656137
2019-07-16,85.2922134399414,85.49635942461408,83.41406927338986,83.61821525806255,6627472
2019-07-17,84.92474365234375,85.96588585946718,84.29188783770029,85.25137498145321,6388864
2019-07-18,83.8427734375,85.29221324810457,83.69987567880193,85.29221324810457,8419638
2019-07-19,83.98567199707031,84.78184350572326,82.80162646297701,84.02650229917296,10869152
2019-07-22,83.3323974609375,84.59810350330568,82.71995958925744,84.10815652864973,9061812
2019-07-23,85.92506408691406,86.14962799355173,83.37323926931055,83.57738525471882,14046808
2019-07-24,85.65966796875,86.9662043769374,85.14930304958519,85.59842528601298,18181391
2019-07-25,87.02745056152344,87.53781550122453,85.68008933583816,85.7413320210395,28085772
2019-07-26,86.37417602539062,87.37449344930214,85.84339874197653,87.02744420807893,10950941
2019-07-29,84.88391876220703,86.76206286883267,84.3327235136149,86.70082018294778,5948953
2019-07-30,85.02681732177734,85.65966760371936,84.39396150202157,84.84308373653546,10050004
2019-07-31,86.0679702758789,87.35409445741227,84.49604502786049,84.7206089420428,26229893
2019-08-01,87.37449645996094,88.29315331601042,85.65966811354306,86.53749466842758,27069006
2019-08-02,85.96590423583984,87.3541015258353,85.06766511987121,86.94580397044876,20863783
2019-08-05,82.12793731689453,85.74132176533641,80.37227881163244,85.74132176533641,18063375
2019-08-06,80.88264465332031,82.69954585809138,80.12730905416778,81.9033744227842,11846580
2019-08-07,81.18888854980469,82.0463029273726,80.47437749146728,81.25013678505714,9432897
2019-08-08,82.76080322265625,85.19014272019355,80.45395464187875,80.86224662211599,6595239
2019-08-09,82.4749984741211,85.27179952134541,82.16877950262531,83.08743641711266,9175926
2019-08-13,82.4749984741211,83.86319003733915,80.3314656736506,81.84214261034131,7558090
2019-08-14,83.7611083984375,84.18981269914187,80.73974929919973,82.08711041953937,8024154
2019-08-16,86.21086883544922,87.47657502543895,82.5974838635386,83.33240718014468,11894601
2019-08-19,85.54975891113281,86.76865383220807,85.17789446875656,86.41744634612147,8100095
2019-08-20,85.13658905029297,87.14053270471125,84.97131656010906,85.5291161181259,8711658
2019-08-21,84.66140747070312,85.77700630911004,84.41349599503874,85.38447933896096,5649369
2019-08-22,83.7730712890625,84.92998414896304,82.96736031594756,84.49614322754189,5059207
2019-08-23,83.256591796875,84.5374576116991,82.92604126065731,83.4838407371396,7611285
2019-08-26,83.83506774902344,84.08297930786537,82.2856275114707,83.60781315168185,7846961
2019-08-27,85.34317779541016,86.5207533496406,83.8970337543962,83.8970337543962,18828020
2019-08-28,85.01262664794922,87.28513854720589,84.43416459025984,85.92162804515203,15756988
2019-08-29,84.62010192871094,85.44646991458703,84.14494145766551,85.0126289636687,8660979
2019-08-30,82.8434066772461,85.61173585612244,80.15771092814992,84.8473444067003,15630977
2019-09-03,81.41792297363281,83.62845837496693,81.0047389959691,83.21527439730322,9494810
2019-09-04,81.35594177246094,82.22362919599055,80.6948463257638,81.58319070531024,8565768
2019-09-05,82.36824035644531,84.00031924005458,81.54187243647428,82.22363045378329,14199248
2019-09-06,84.0829849243164,84.43418691828676,82.65749756888329,82.78145055450013,13782929
2019-09-09,83.83506774902344,84.64077331005033,83.3805641585078,83.97968329202853,4769289
2019-09-11,83.21527099609375,84.24823089803346,82.55417553801911,83.87636645416839,7723322
2019-09-12,82.49221801757812,83.46320166932117,81.66584990616573,83.46320166932117,11516235
2019-09-13,83.73175811767578,83.87637363716513,82.24429461066613,82.43022965060482,7223537
2019-09-16,83.5251693725586,84.28956091605801,82.988026794131,83.05000887930227,6031015
2019-09-17,82.82274627685547,83.7524102142516,82.36824278662856,83.6284572642653,5823968
2019-09-18,83.48384094238281,83.87636795380439,81.91374410502897,82.84340803339627,7206830
2019-09-19,83.11198425292969,83.77307978455774,82.26495367659894,83.77307978455774,6306748
2019-09-20,81.06672668457031,86.31416616836819,80.7361816983864,82.71946282382419,51859153
2019-09-23,77.80257415771484,81.91375755778849,77.01752561010879,81.3972775127625,24586363
2019-09-24,78.69093322753906,79.31070939587747,76.43907757424222,77.63731598303103,18234411
2019-09-25,82.12034606933594,84.04165063396121,79.78585188216555,79.95112997285037,48245282
2019-09-26,82.3269271850586,83.21527158619297,81.43857717975804,82.61615259715299,15826874
2019-09-27,81.85174560546875,82.53350349949761,81.0047208823297,81.72779268155357,10034452
2019-09-30,82.24429321289062,82.6368202442382,80.8394687706552,81.39726827682462,9111327
2019-10-01,81.19068145751953,83.73176203185787,80.984089449782,82.43023350394476,7634447
2019-10-03,82.26495361328125,82.63682370240045,80.36431166704278,81.2733131186858,9432906
2019-10-04,81.21133422851562,82.55418220955825,80.81880719239038,82.24429421393303,19442087
2019-10-07,81.19068145751953,81.56254595061372,80.32299390418851,81.27331489811442,11655995
2019-10-09,81.68649291992188,82.18231594377818,80.73617199572483,81.60385948539013,8504262
2019-10-10,82.26495361328125,82.47154561649559,81.19067967990011,81.76913616806691,6982965
2019-10-11,83.05000305175781,84.3928509973501,82.18231556608028,82.24429204273586,10517558
2019-10-14,81.97572326660156,83.58713967442755,81.68649223773974,83.05000273987436,11162487
2019-10-15,83.15331268310547,83.46320072136548,81.93441749094916,81.97573701688395,5013200
2019-10-16,82.0377197265625,83.15331899058775,81.25267109092181,83.05002296999903,6668842
2019-10-17,81.68649291992188,82.53352345199585,81.19067550023203,82.12033946683775,7899823
2019-10-18,83.69043731689453,83.97966835144847,81.39726841495454,81.68649384534194,8795448
2019-10-22,84.72340393066406,85.75636398620739,83.05001088235068,83.05001088235068,10675241
2019-10-23,85.21923065185547,85.52911868180159,83.58715145247228,84.70275060194524,5777589
2019-10-24,84.33087921142578,85.63241340091326,84.12428719457598,85.28120585143517,5428181
2019-10-25,83.85572052001953,84.86802366630005,83.11199148482744,84.86802366630005,3993616
2019-10-27,83.60780334472656,84.4135144154134,83.05000940796923,84.28956145261552,388417
2019-10-29,83.0706787109375,83.83507037288756,82.43024563437181,83.56650184413962,5943950
2019-10-30,82.61614990234375,84.22756618740152,82.34758145552846,84.22756618740152,6419057
2019-10-31,81.955078125,83.00870086480705,81.74848609023402,82.76078930225437,15582577
2019-11-01,81.52123260498047,82.16166563582479,81.2939836209176,81.99639313794567,8803683
2019-11-04,80.46761322021484,82.07902983562701,80.17838215409365,81.76914180942595,15175738
2019-11-05,80.7361831665039,81.1906867338969,80.11640710301361,80.4676146598249,8153818
2019-11-06,80.61222076416016,81.19068287928849,80.44694827590934,80.7361793334735,9183411
2019-11-07,80.24036407470703,81.33530072063164,80.01311508176387,80.9840987504772,15498054
2019-11-08,79.18673706054688,80.73617710290364,78.85618648901067,80.67420062204273,11762251
2019-11-11,79.2280502319336,79.78584976276035,78.64959374240343,79.18673631452675,10089055
2019-11-13,78.19510650634766,80.30234650400345,77.80258498002858,79.3313683676256,9456977
2019-11-14,77.67861938476562,78.56696958900577,77.22412140624058,78.50498749723651,19380370
2019-11-15,77.53398895263672,78.05046888640175,77.16211891699314,77.67859885075818,18256039
2019-11-18,78.77355194091797,78.91816185950317,77.12081591899121,77.55465688308028,11766437
2019-11-19,80.75684356689453,80.98409816235484,78.58762725227797,78.91817225855254,22218922
2019-11-20,81.02540588378906,81.45925247600871,80.15772390768387,80.96342940037684,9597590
2019-11-21,81.10804748535156,81.37661599137358,80.15772643199143,80.90145546469351,12107895
2019-11-22,82.12034606933594,83.1326435518624,80.98409001879588,80.98409001879588,16199814
2019-11-25,82.05835723876953,82.802091773222,81.72781229290162,82.22363531586994,6529113
2019-11-26,80.322998046875,82.38891823080091,80.1164060284824,82.24430269709266,21594044
2019-11-27,80.61222076416016,80.98409086793322,80.19903674144962,80.55024428158697,12155700
2019-11-28,81.04606628417969,81.70716183265188,80.24035520882812,81.06672324337664,6724188
2019-11-29,79.86849975585938,80.94277944322278,79.37267663733242,80.73618741119779,17547179
2019-12-02,79.08345031738281,80.57091405304163,78.67026625770912,80.57091405304163,19957065
2019-12-03,78.25706481933594,79.37265817021245,78.13310626646106,79.37265817021245,7451455
2019-12-04,77.84388732910156,78.50497724944776,77.55465628582508,78.27772828984959,10311154
2019-12-05,77.38938903808594,78.05048460729594,77.05883845139739,77.88520651186813,4569931
2019-12-06,77.10014343261719,77.74058192118267,76.79025546839176,77.45135091290587,5388071
2019-12-09,77.65795135498047,78.02981583175679,76.66631088218809,77.26542431583698,5459781
2019-12-10,75.50940704345703,77.65796649005414,75.28215804229498,77.65796649005414,10563080
2019-12-11,75.09619903564453,75.73663751476515,73.67071778372947,75.61267896840344,39214905
2019-12-12,76.33576965332031,77.82323334642412,74.80699203876507,75.50940155761457,63493233
2019-12-13,76.7282943725586,77.49268595833021,76.43906330632053,76.7282943725586,12987237
2019-12-16,77.24478149414062,77.6373086051202,76.62500538469983,76.93489343942024,8479418
2019-12-17,77.69928741455078,78.0298324411189,76.68698416391322,77.41005631317782,17903634
2019-12-18,77.34806823730469,78.09179723778344,76.91422725438657,77.28609175462596,10099352
2019-12-19,77.01752471923828,77.32741274266935,76.39774867237612,77.30675017860703,5749401
2019-12-20,76.89356231689453,77.45136185211697,76.48037830623596,76.70763287459826,9690984
2019-12-23,76.76961517333984,77.47202468219135,76.33576856676923,76.70763868787753,17045076
2019-12-24,77.32740783691406,77.43070383817118,76.64564974528368,77.03817679172744,3748896
2019-12-26,76.3770751953125,77.47201160082086,76.04653025921552,77.38937816887976,3925143
2019-12-27,78.11246490478516,78.2983943649687,76.64565816333352,76.64565816333352,7122947
2019-12-30,78.62893676757812,79.12475421385943,77.96784123503629,78.09179419556493,6925363
2019-12-31,78.60826873779297,79.43464229912406,78.1950847592106,78.2983807538562,11907723
2020-01-01,80.77750396728516,80.9427764659926,78.6082821066435,78.73224068379957,13620373
2020-01-02,80.61222076416016,81.27331632133041,80.30233274712725,80.79815581604669,5673692
2020-01-03,79.74453735351562,80.48826633923917,79.0214597227193,80.26101737253666,7358268
2020-01-06,79.78585052490234,80.1370580553827,77.67861094618705,79.33135259575145,7355290
2020-01-07,79.20740509033203,80.36432384616204,78.98015609402366,79.8065242321161,14023712
2020-01-08,78.73223114013672,78.89750361881038,78.0298161005654,78.62893514044487,9451757
2020-01-09,79.72386932373047,79.90980435949555,78.9801403890031,79.31068533684493,7714854
2020-01-10,79.3933334350586,80.03376644614113,78.91816731258824,80.03376644614113,4118638
2020-01-13,80.48826599121094,80.57090503556373,79.24871395092022,79.49662547981174,27682638
2020-01-14,80.67420196533203,81.12869990199097,80.26101794715706,80.48826691548653,5994314
2020-01-15,80.26103210449219,80.90146520396337,79.70323246073167,80.73619268837415,7114590
2020-01-16,81.17001342773438,81.68649341229514,80.19902993592686,80.19902993592686,8552344
2020-01-17,81.56255340576172,81.74848286722008,80.01311320610507,80.96343428689418,4698386
2020-01-20,84.55814361572266,87.1818636553506,83.97968702217635,84.45484759529768,49337827
2020-01-21,82.88472747802734,84.41351050391815,82.22363756818261,84.1449420275229,17283910
2020-01-22,82.65748596191406,83.60780699597778,79.76519773142975,82.84342101839776,56787054
2020-01-23,83.44253540039062,85.69439064570648,80.11640614125487,81.29398176858365,226059260
2020-01-24,81.3765869140625,81.87240982814231,80.26099376363078,81.16999496722346,16151679
2020-01-27,79.74453735351562,81.17001884351356,79.4553063011971,81.14936188441948,8213919
2020-01-28,78.69093322753906,79.74455607621528,78.13313355520084,79.74455607621528,9174575
2020-01-29,79.49662017822266,80.07507663761466,78.19508613938258,78.69090916409941,17600091
2020-01-30,80.322998046875,80.67420559897583,79.08344593651944,79.49662997330464,26386034
2020-01-31,77.20344543457031,80.7774913837087,76.48037346171955,80.6948523451449,63986362
2020-02-03,77.41004943847656,78.09180199783249,73.31952847817367,74.74501008334201,16329297
2020-02-04,80.30233001708984,80.6948570669869,77.6786104412431,77.82322596510869,14207381
2020-02-05,78.23641204833984,80.86013169375885,77.67861250101974,80.1990361415338,14550344
2020-02-06,79.70320892333984,80.05441641785573,77.94717705492663,78.48431397301006,9175642
2020-02-07,78.6702651977539,79.66190580677655,77.90587357682301,79.66190580677655,18058457
2020-02-10,77.10014343261719,78.95947121796974,76.33575200002792,78.79419875788271,30471811
2020-02-11,78.29837799072266,79.00079297119113,77.71992156195424,77.88519402672146,32456571
2020-02-12,78.23641204833984,79.29003466087045,77.90586707431079,78.52564310374046,16386952
2020-02-13,78.73223114013672,78.98014266023051,77.55465562281617,78.0091591422937,18581113
2020-02-14,76.06720733642578,79.08345449383437,75.7779762377127,78.71158433715533,23830630
2020-02-17,75.86060333251953,76.76961041012424,74.60039432436322,76.43905983455576,17670292
2020-02-18,76.4390640258789,76.9968635993505,74.72435138489875,75.4474234531334,30879880
2020-02-19,77.47203063964844,77.65796571450066,75.61270230779695,76.85225452903128,22313738
2020-02-20,78.19510650634766,78.79422568358193,76.81094427647525,77.47203434273219,25907657
2020-02-24,76.89356231689453,78.17443387076948,76.45972134736975,78.09179482697104,14921452
2020-02-25,76.91423797607422,77.55467105997448,76.5836873487646,76.893575409523,17807428
2020-02-26,76.79027557373047,77.84389829045752,76.00522697965006,76.43906800148812,17113656
2020-02-27,77.03817749023438,77.55465750120291,74.91028096587735,76.48037795755499,28472046
2020-02-28,74.99291229248047,76.56301484409299,74.02192877838017,75.79862332856014,28010970
2020-03-02,75.81928253173828,77.34806560807083,75.09621051534228,75.92257853408057,19540018
2020-03-03,79.20740509033203,80.44695729747073,75.22017994486944,75.94325206570035,16039306
2020-03-04,81.41792297363281,81.81044999407987,77.90585916349129,78.79420359463498,16939245
2020-03-05,80.96341705322266,82.45088044910875,80.38496062264645,81.00473657058514,9715265
2020-03-06,78.75289154052734,79.579259574181,77.74059406180176,78.71157201801128,14371982
2020-03-09,74.76567077636719,77.92652754818266,73.52611866160291,76.39774996914036,69609292
2020-03-11,74.95158386230469,75.98454373235211,73.23687159885918,74.16653548190186,42604599
2020-03-12,68.62986755371094,73.50543560416087,68.07206813674588,72.80302629745705,58418097
2020-03-13,69.37361907958984,71.31558639524866,61.77103352777446,67.26637926144606,44617540
2020-03-16,67.6643295288086,69.7848659595918,66.4005803656646,69.57067059528727,39669086
2020-03-17,69.39932250976562,72.97638661879736,66.7218801842062,67.06459047770912,35460792
2020-03-18,61.75254821777344,70.64165704838936,52.32794509296355,70.25610650215788,119909061
2020-03-19,63.03771209716797,65.072568061714,60.01755396879962,62.288028320756275,44039786
2020-03-20,67.36445617675781,69.33505459308222,63.508939809766034,63.508939809766034,131485883
2020-03-23,65.54380798339844,66.76472289106177,60.63873113751778,60.63873113751778,39665620
2020-03-24,63.10198211669922,67.34305002043318,62.28804073079833,65.1368384866626,42302851
2020-03-25,64.36571502685547,67.2359290041007,63.55176811275133,63.616031361016596,23309603
2020-03-26,67.83570098876953,69.27080550383357,63.080562001682594,64.51567232716866,25329120
2020-03-27,68.54253387451172,71.2199759230761,67.10742377439698,67.94278801771752,28883749
2020-03-30,66.67903900146484,68.49969975708456,65.56522184770728,66.40058616563087,22364337
2020-03-31,68.15699005126953,69.31364164318362,67.00033264893376,67.8571141883168,24838523
2020-04-01,66.22923278808594,69.37790035405195,65.60806383660567,68.11415104680908,14182117
2020-04-03,66.91464233398438,68.73530283752561,65.00830717535251,66.20779882998782,21066826
2020-04-07,67.6857681274414,69.35649119140172,67.00034164185135,68.97094060901432,24741992
2020-04-08,67.83570098876953,69.69919629887885,66.50768836204477,67.64292280683034,21481260
2020-04-09,70.44888305664062,71.41276230521292,67.83569815398248,68.92809231152904,15607786
2020-04-13,68.52111053466797,70.64164695148288,67.36445906129526,70.25609646035865,14901247
2020-04-15,68.34974670410156,70.21324728609781,67.8785158036489,69.16368781738143,25249654
2020-04-16,69.99906921386719,71.41276226387463,67.47156479226948,67.7714348498431,31150756
2020-04-17,71.86257934570312,74.21872891666823,70.36321143690715,71.81973910051016,18536308
2020-04-20,70.898681640625,72.48372962989697,69.46357156554163,72.48372962989697,24177042
2020-04-21,69.67778015136719,71.11289049885167,69.46358475056121,70.25610889562776,13915863
2020-04-22,69.48499298095703,69.72061137762768,67.08600945049452,68.54253682553858,19702407
2020-04-23,67.6857681274414,69.35649119140172,67.5144129586495,69.18513602260981,32128585
2020-04-24,68.17841339111328,68.58538698305367,66.72188580538393,67.25737431560958,33134279
2020-04-27,68.37117004394531,69.18511116103504,67.53580590694088,69.18511116103504,9762001
2020-04-28,67.34303283691406,68.71388541842394,67.17167771683053,68.56394750944305,26134701
2020-04-29,67.7071762084961,68.79957615668248,66.82897745542421,68.32834514827394,14509262
2020-04-30,69.42073822021484,70.02048412606243,67.34304185850927,68.37118433758695,18702868
2020-05-04,68.13555908203125,69.1851186695671,67.51439602465821,68.92808307563782,12598146
2020-05-05,70.10615539550781,71.04861727407837,68.62820513375416,69.16369351693726,18305545
2020-05-06,70.8558349609375,71.39132331259833,69.69917779718193,69.78485825761585,12853774
2020-05-07,69.2922134399414,70.6844832206413,68.97092041362605,70.1061546111895,8561359
2020-05-08,68.1141357421875,69.65634335659445,67.72858529119088,69.65634335659445,30898767
2020-05-11,68.02847290039062,69.57068091421215,67.83570053017667,68.24266829646523,9453421
2020-05-12,69.95622253417969,70.68448911202879,67.55723324232402,67.8999493185441,19986028
2020-05-13,71.39132690429688,73.64037809442212,69.42072850896011,73.44760576437814,27175817
2020-05-14,68.88523864746094,70.256091191338,68.542528416702,70.256091191338,26454121
2020-05-15,68.45687103271484,69.29223549114516,67.7928675578557,68.1998353677807,20009870
2020-05-18,66.18638610839844,68.62820981605941,65.67231490130075,68.47827770687537,32898286
2020-05-19,67.7071762084961,68.24266467022814,65.97219591665294,66.40058668603858,12276533
2020-05-20,67.87850952148438,68.82097123516475,66.72185830242552,66.9360536182238,24677051
2020-05-21,68.07130432128906,68.47827784526564,67.25736308375714,67.4929756647407,17176100
2020-05-22,66.76470947265625,67.68574831949424,66.01502574446381,67.25735761767,25080927
2020-05-26,67.40729522705078,67.98561802361728,66.61477127009944,66.89322406296863,18512685
2020-05-27,67.32160949707031,67.64290249688526,66.72186372616645,67.40728995452241,22655078
2020-05-28,67.36445617675781,67.83568711702986,66.85038500365724,67.83568711702986,25797051
2020-05-29,67.49297332763672,67.96420428370757,67.0860056281736,67.36445843526332,63844851
2020-06-01,68.04988861083984,68.99234476600019,67.55723460449133,67.92136790075796,45314328
2020-06-02,70.7059097290039,72.1196027169369,67.9427928256094,68.47828127321549,43626060
2020-06-03,70.49170684814453,71.75546177417311,70.19183683565059,70.89868034918314,13811685
2020-06-04,72.50516510009766,72.80504100399003,70.72734432525071,70.77018457015284,23992166
2020-06-05,73.44761657714844,74.6685314221834,70.49171564377274,71.541275344513,22851633
2020-06-08,73.83316040039062,74.92555443019933,73.19057430981584,74.3043913622297,11723588
2020-06-09,73.06204986572266,74.56142314407194,72.82643730207366,74.54000012256333,8412588
2020-06-10,72.84786224365234,73.36193346851994,72.22669914156056,73.06205761894361,10101681
2020-06-11,73.25484466552734,76.38210101031925,71.90541479961222,71.99108947386685,22109491
2020-06-12,71.24138641357422,72.5693987064466,70.94151641868082,71.13428874173646,20331770
2020-06-15,69.93479919433594,71.11287361913503,69.65634640146757,70.77016338336178,13833335
2020-06-16,69.6991958618164,71.21998666094392,69.16370737136769,70.98437404931529,13972830
2020-06-17,68.32833099365234,69.31362723496065,67.8356828729982,68.90665957460307,28371013
2020-06-18,70.87726593017578,71.24139340180582,68.32833876623866,68.84240415523344,19720997
2020-06-19,73.42619323730469,73.81174957333924,70.70591072313408,71.0486268206735,21577413
2020-06-22,76.5105972290039,77.003245369445,73.10488885694382,75.56813536956997,33039735
2020-06-23,80.30186462402344,80.9658679522759,76.70338354072939,77.75293737604527,34298071
2020-06-24,76.46776580810547,80.7088388538136,75.82517968729168,80.00198947258133,32910525
2020-06-25,76.83189392089844,78.52403958236167,74.689940329386,76.42492041434268,40909792
2020-06-26,76.76763153076172,78.00996337173821,76.31781781926327,77.51731523950518,11954078
2020-06-29,76.36066436767578,77.23886884253794,75.88943340682548,76.25356668613803,7547198
2020-06-30,74.90414428710938,77.08893836333827,74.54001097266762,76.68196481006424,11889584
2020-07-01,74.30438995361328,75.13974836927164,73.64038085302121,74.96839324378436,15209917
2020-07-02,75.01123809814453,75.73950468934993,73.94026123485504,74.325811743555,15481100
2020-07-03,76.08222198486328,76.85332307344635,75.01124502270797,75.3967955669995,22720042
2020-07-06,76.25357818603516,76.55345406373394,75.31112193262265,76.42493334025362,11724475
2020-07-07,74.15445709228516,76.46776597002906,73.55471120700658,76.46776597002906,20855578
2020-07-08,72.71934509277344,74.81845854359875,72.31237156814288,74.111614989091,16818545
2020-07-09,73.4904556274414,73.89742336225773,72.61225108519697,73.04064184421722,16110083
2020-07-10,73.94025421142578,74.43290235965907,72.61224186500763,73.51186350680192,23809286
2020-07-13,72.4408950805664,74.62568908762296,72.05534456412617,73.94026271927287,10803798
2020-07-14,69.97764587402344,72.31237191749018,69.82770795314985,72.18385701983927,16288923
2020-07-15,70.06331634521484,71.24139080809978,69.87054401026805,70.70590241587935,15061461
2020-07-16,69.48499298095703,70.47029518350254,68.32834145243147,70.47029518350254,15458966
2020-07-17,69.95622253417969,70.19184092603498,69.24937897945628,69.24937897945628,13711930
2020-07-20,70.04190063476562,70.36319367698353,69.54925246544906,69.95622016600576,8390572
2020-07-21,74.39006805419922,74.73278413145697,70.2989388232457,70.2989388232457,33717545
2020-07-22,76.96040344238281,77.7100871471037,74.45432256350942,74.53999721493946,46076322
2020-07-23,77.86002349853516,78.2027395286874,76.01794589924103,76.25355844900406,18738194
2020-07-24,77.96711730957031,78.50260563291036,76.53200744093498,76.89614066289023,14438899
2020-07-27,77.49589538574219,77.7743539944203,76.57485652515851,77.6672563173659,11938756
2020-07-28,77.9242935180664,78.33126705381518,76.55344660741746,77.19603273096517,11893746
2020-07-29,77.86002349853516,79.0380978681913,77.32453514869147,77.66725117884371,13335993
2020-07-30,75.76090240478516,78.50260130712428,75.22541411095251,78.1813083308247,23995122
2020-07-31,76.382080078125,76.83188797335467,75.48245847724513,75.65381358921736,14354565
2020-08-03,76.48918151855469,76.89614920324023,74.58284055157131,76.68195385011495,12500988
2020-08-04,76.36066436767578,76.70338043484922,75.22543010545989,76.1893092392996,9628257
2020-08-05,75.3753662109375,76.23214764265681,75.0326501519972,75.84659716046731,10577794
2020-08-06,75.35395050048828,76.14647456381147,75.13975512177507,75.6752435685581,8564058
2020-08-07,75.3753662109375,76.23214764265681,75.07549038566736,75.31110876564274,8026904
2020-08-10,75.93226623535156,76.59627528237307,75.50387555098435,75.76091112368879,7766140
2020-08-11,75.76090240478516,78.11705089764875,75.20399690336716,76.31780790620316,21833550
2020-08-12,76.27498626708984,76.87473209455584,74.19729017692123,75.48246229738584,19435650
2020-08-13,76.57485961914062,77.23886872995948,75.56814025206893,77.08893081394096,10641012
2020-08-14,75.1397476196289,77.38879887156655,74.58284201474605,77.38879887156655,17130105
2020-08-17,76.53203582763672,78.1813416373565,75.22544615822443,75.39680132316701,17368089
2020-08-18,76.14646911621094,77.06750801670132,75.63240373032893,77.04609080453082,13890131
2020-08-19,75.9751205444336,76.85331928595271,75.8466056394772,76.46776876066193,12400644
2020-08-20,77.6244125366211,80.58030712613863,75.58955676559098,75.91084978206942,44062975
2020-08-21,81.00872802734375,81.60847405303069,78.22418751269043,78.39554268996918,49949864
2020-08-24,79.35940551757812,81.67272026397794,78.99527221042841,81.24432950507746,19724617
2020-08-25,79.14521789550781,80.0234225235835,78.39553399395207,79.89490179706355,10109220
2020-08-26,79.40223693847656,81.24432048345075,78.8667485493133,80.1090804500879,18000615
2020-08-27,79.33798217773438,80.38754178016761,79.12378681482319,80.06624873580083,10363056
2020-08-28,78.09564971923828,80.00198495030692,77.88145435774152,79.89488726955852,12114955
2020-08-31,76.6605453491211,79.40224501855177,76.25357180777449,78.60972095985767,24259718
2020-09-01,77.28170013427734,78.09564712930852,76.51059918262983,76.70337732575214,16505345
2020-09-02,79.40260314941406,80.23518975093413,76.79528637630084,77.97843982402962,30959608
2020-09-03,78.2194595336914,79.51216416893976,77.84698481306695,79.0520462398657,11884498
2020-09-04,76.7076644897461,78.00036327795587,76.1160876473672,77.64980230504044,17373558
2020-09-07,77.1896743774414,77.54024124862791,75.83124632510595,76.70765458778634,13069001
2020-09-08,76.64192199707031,77.12394774775755,76.1379884164299,77.05821831437386,9597878
2020-09-09,76.79530334472656,77.97845705388092,75.9846243916782,76.68575229549097,20122483
2020-09-10,77.82508850097656,78.19756327672799,76.31328156437816,77.12396056018419,19635358
2020-09-11,76.75148010253906,78.13182804834432,76.29136808295377,78.04418483341155,31182063
2020-09-14,75.15201568603516,77.78124010080364,74.8233626341891,77.78124010080364,14143608
2020-09-15,75.94080352783203,76.20372127317805,74.93293037774953,75.30540510835557,7858789
2020-09-16,75.34922790527344,76.00653416608144,74.84529429402554,75.80933991042924,13201491
2020-09-17,73.7497787475586,75.10821289058688,73.57449826473791,75.086305059056,10765947
2020-09-18,75.32730102539062,75.80932672149426,73.31156098756311,74.1003319294209,23788415
2020-09-21,74.71382141113281,75.239668740429,73.46493846169726,74.93292347441891,13331596
2020-09-22,73.9688720703125,74.6919136344817,72.96100495590068,73.9688720703125,9039386
2020-09-23,71.82170104980469,74.4509268365502,71.33967513352944,74.4509268365502,8404497
2020-09-24,69.8278579711914,72.3256183336984,69.45538321418317,71.09864895669757,20770480
2020-09-25,70.44133758544922,71.20819487671537,69.98121964457489,70.55088862705867,8761400
2020-09-28,73.68405151367188,74.07843409769735,70.55089273012949,70.55089273012949,16915185
2020-09-29,71.55874633789062,74.23179258720066,71.2081854286633,74.056512132587,13468026
2020-09-30,71.18628692626953,71.53685385421548,70.24414908005366,71.40538902741392,14349950
2020-10-01,72.12842559814453,72.74191024911408,71.339654523877,72.19415503511904,14856837
2020-10-05,71.36157989501953,72.91720257814895,71.0548345479255,71.86551358508079,10360105
2020-10-06,71.51493835449219,72.04078576197585,70.92336745047899,71.47112269013917,8989183
2020-10-07,69.93738555908203,71.51491538786848,69.67446193977668,71.42727814378192,17614061
2020-10-08,69.36773681640625,70.59471208067056,69.2362779404429,70.20032356573141,12953710
2020-10-09,69.23628234863281,69.82785921518196,68.66661331496421,69.5430217265852,11980039
2020-10-12,70.0250473022461,71.33965991518254,69.47729204685591,69.76212359095382,20670634
2020-10-13,70.30989074707031,70.98911094483461,69.76213539896648,70.11270238786848,11179799
2020-10-14,68.81999206542969,70.46325798262797,68.49133888199003,70.3098853083177,13362234
2020-10-15,68.25032043457031,68.81998350425638,67.74638680469037,68.622795184838,15536883
2020-10-16,69.65255737304688,70.6385166180568,68.07502733584988,68.40368041751985,18673957
2020-10-19,70.00313568115234,71.16437557103292,69.84976302923802,70.09077295115725,18793008
2020-10-20,68.88571166992188,70.28796742963121,68.75425279274113,70.11268694554869,13701957
2020-10-21,71.75594329833984,72.80763200962069,68.90761648587882,69.06098911833148,36573148
2020-10-22,72.3475341796875,72.69809517071073,70.63853300375551,71.05482938117997,39056262
2020-10-23,74.5604476928711,75.10820284311356,72.17223880392821,72.34751926330104,29149043
2020-10-26,75.39305114746094,75.7874337237993,74.34135635252585,74.5166368371735,36760149
2020-10-27,76.0284423828125,76.83912129729056,75.15203403062532,75.39304989359151,23610507
2020-10-28,75.74360656738281,76.48855600196217,75.17394354813332,76.48855600196217,14060472
2020-10-29,75.19585418701172,75.94080364941651,74.60427737198725,74.95484427221722,17654072
2020-10-30,74.93292999267578,75.37113415736644,74.18798053529191,74.71382791033045,22904945
2020-11-02,75.83126068115234,76.42283161563611,75.34923485671831,75.61215857400278,13423596
2020-11-03,78.85486602783203,79.18351917795644,76.18181921811528,76.2475486594352,27441682
2020-11-04,77.6059799194336,78.87677086291642,76.53237729241687,78.85486303115061,19461431
2020-11-05,78.46047973632812,78.78913287095382,77.38687711914105,78.00036178173741,10248002
2020-11-06,78.19755554199219,78.6357597187028,77.60597871472795,78.10991232924026,8815864
2020-11-09,80.65149688720703,80.93632840194601,78.48238392203272,78.83294487193851,15228920
2020-11-10,81.46216583251953,81.87845616680762,79.55597678407833,80.32283396902979,13815795
2020-11-11,83.1054458618164,83.69701675383654,80.58576586693702,80.58576586693702,15502357
2020-11-12,83.03972625732422,83.67512482058562,82.00995098679994,83.47793052342843,26079694
2020-11-13,82.75486755371094,83.23689327716751,81.59362781778636,82.64531652308553,11968619
2020-11-14,82.38240814208984,83.2150008841006,81.9442039383052,82.8206123458745,1162700
2020-11-17,81.8565673828125,82.93016412540203,81.44027100814975,81.94420465822442,16872514
2020-11-18,81.24307250976562,83.12734798928585,80.9582350556429,81.85655713494494,16685757
2020-11-19,83.17115783691406,86.41386692037852,78.17562644659158,78.21944804437962,64832376
2020-11-20,84.06949615478516,85.01163995490788,82.86443458521184,84.7925378513491,27479934
2020-11-23,85.34028625488281,85.84421986388216,83.4779125807122,84.13522478211178,20909280
2020-11-24,85.23072814941406,86.63297781723807,84.68297297990688,85.44983021721693,15308572
2020-11-25,85.58130645751953,86.5234443516654,84.81444906450135,85.23074545526416,19854793
2020-11-26,86.61109161376953,87.26839798130082,84.50770767155413,85.51558100121738,24879552
2020-11-27,84.31050109863281,86.61107288758559,82.68914336519929,86.61107288758559,46793847
2020-12-01,84.28858184814453,86.0852199362429,83.98184252899648,85.38409215265283,18193922
2020-12-02,85.07735443115234,85.53746639027665,83.06161424429921,84.50768549599607,15836732
2020-12-03,84.77061462402344,85.49365029645307,83.69701205886857,85.44983463544617,21308517
2020-12-04,85.16500091552734,86.30433296572053,84.46387898635419,85.09927147760793,14838659
2020-12-07,84.79251861572266,86.43578401963018,84.35431450801399,84.57341656186831,22078115
2020-12-08,83.9599380493164,85.27455056022515,83.74083596416496,85.01163281286296,15896364
2020-12-09,84.44196319580078,85.34028530433902,83.74083533983847,84.52960640661773,18701467
2020-12-10,84.4638671875,85.62510690694324,83.91610609862346,84.57341821657056,13612880
2020-12-11,84.61724853515625,85.55939230322895,84.20095811867098,85.01163706296563,14876364
2020-12-14,85.14309692382812,86.3262506338334,84.48579062794182,85.88804643657586,20316890
2020-12-15,84.48577880859375,85.31836547820131,83.85038043405103,85.18690661482475,16084083
2020-12-16,85.97567749023438,86.26050900914144,84.3762334746568,85.31837124189911,35024972
2020-12-17,86.91997528076172,87.86426983723865,86.15554490195862,86.91997528076172,23058726
2020-12-18,87.18978118896484,87.59447714406694,86.35790244300658,86.91998185257947,20310375
2020-12-21,83.41258239746094,86.8749931581985,82.94043824779239,86.78506413390234,21609326
2020-12-22,85.57097625732422,85.90822384390239,83.18775631946797,83.3901073109952,23934507
2020-12-23,85.4135971069336,86.20050818168154,84.98641436963281,86.11057304784417,9836093
2020-12-24,85.43608093261719,86.44782987857103,85.1887684540416,85.54849680450636,12945145
2020-12-28,86.13304901123047,86.47029657213497,85.43606705932427,85.5260021818123,6879688
2020-12-29,85.30117797851562,86.6276876076803,84.98641112106779,86.15553732150855,8549660
2020-12-30,85.5260009765625,85.72835194983378,83.99714660846378,85.43606585534185,19132583
2020-12-31,85.36863708496094,85.88574890285066,84.55924520469453,85.66091714733759,23272111
2021-01-01,85.21125030517578,85.391120581716,84.76158681172818,84.98641855845197,3074621
2021-01-04,84.73910522460938,85.61595146759636,84.53675421501195,85.43608119286469,7133203
2021-01-05,84.53675842285156,85.2112536898143,83.72736654207696,85.2112536898143,10478882
2021-01-06,88.20149993896484,88.85350821589999,84.08707491001607,84.53673831436456,54265234
2021-01-07,88.60620880126953,90.74211028573524,87.90923286170856,89.03339153774313,40129922
2021-01-08,91.52902221679688,91.73137321996005,88.8310413690276,89.37063997816195,29487917
2021-01-11,91.52902221679688,92.18103669458827,90.58472770028739,91.73137321996005,12726089
2021-01-12,91.59648132324219,92.06863168666904,89.91024309447184,90.40487419470152,31454127
2021-01-13,92.18103790283203,92.90050069145762,91.101840670418,91.64143928662502,23792586
2021-01-14,92.22599792480469,93.30519514028737,91.5515027146036,92.6082130970422,12024674
2021-01-15,91.28170776367188,92.51828229205432,91.05687603123872,91.70888439592426,13530190
2021-01-18,88.02163696289062,90.83203327729322,87.48203843094518,90.4947857195649,26118654
2021-01-19,89.77534484863281,89.93272830025596,87.79682658252531,87.93172319880125,19382828
2021-01-20,88.20149993896484,90.20249842894542,87.75183653461637,89.93270526549654,21158179
2021-01-21,87.75186157226562,88.8985011409371,87.30219803961766,88.33642172512717,12509109
2021-01-22,87.32466888427734,88.26896341565602,86.7850763655976,87.68440332901514,16720401
2021-01-25,85.5260009765625,88.49378069048961,85.25620171185089,87.43707046142347,9393599
2021-01-27,86.4927978515625,87.39212489429623,85.1213265509743,85.43608735656,18874916
2021-01-28,84.22199249267578,85.86326298915913,83.54749726680991,85.86326298915913,16072463
2021-01-29,82.94046020507812,84.98642686054916,82.28844563630494,84.85153023891777,13415015
2021-02-01,84.94143676757812,85.18874919022873,82.06358621882555,82.94043226085954,9485240
2021-02-02,87.32466888427734,87.97668337233557,85.0763514757335,85.88574330322876,10803602
2021-02-03,92.85553741455078,94.42935966910576,87.45957539893367,87.45957539893367,73411707
2021-02-04,92.3384017944336,93.3726313083883,91.82129008693144,92.85551960088615,23523019
2021-02-05,93.12532806396484,93.66492055591266,90.49479560649735,92.47331360820802,28755118
2021-02-08,95.57600402832031,95.95821924369422,92.4958076676509,92.85554214639475,28436890
2021-02-09,94.76660919189453,97.77935715049674,94.42936155916823,94.42936155916823,27738169
2021-02-10,94.6316909790039,96.22799983847473,93.08035578193872,94.67665854245885,34189378
2021-02-11,96.11559295654297,96.58773716954153,93.6874113916409,93.91224313096426,20504448
2021-02-12,95.6209716796875,98.47633628061264,94.676677058262,98.47633628061264,25066544
2021-02-15,95.5310287475586,96.88002531030556,95.1263328282102,96.2280108132238,8599603
2021-02-16,101.42161560058594,103.37765897498213,95.91323820247715,95.95820576837437,80200957
2021-02-17,103.44511413574219,103.96223205992185,99.91526040325746,101.39914757112035,39034960
2021-02-18,106.34542846679688,107.15482022310574,102.74812092951169,103.8722795349133,44291912
2021-02-19,104.41189575195312,106.16558835193543,102.86055417472318,104.99645588597936,36335681
2021-02-22,101.15182495117188,105.17631546870874,100.5447780436452,104.5243009941521,25800846
2021-02-23,101.6689453125,103.0179297446881,101.01693078286841,101.51156186407668,18293559
2021-02-24,100.16256713867188,102.61323560720248,99.64545534317914,101.69142179015317,11421326
2021-02-25,102.32096862792969,104.6816961611767,99.28573357329276,100.58976274452648,30696079
2021-02-26,96.36290740966797,102.18605201734039,94.96894937743872,99.60048696201002,38070699
2021-03-01,102.18604278564453,102.88301868931724,97.75685661034309,97.80182417485926,31441940
2021-03-02,101.1968002319336,103.13035098757845,100.43237588389,102.97297362991937,18223787
2021-03-03,102.29846954345703,103.49008268477768,100.5897507014505,103.42262828134331,19350542
2021-03-04,101.24176025390625,103.40014871440476,100.29746568362263,100.29746568362263,22865747
2021-03-05,99.03841400146484,101.62397922385999,98.63371805601074,101.62397922385999,17342685
2021-03-08,100.82451629638672,102.5419446297677,99.38187773869937,99.7711627366184,15749448
2021-03-09,98.92390441894531,101.71758929735608,97.66445687809949,100.98481857669302,12585004
2021-03-10,98.53462219238281,100.27495347990221,98.00794535722768,99.83986910508136,10661165
2021-03-12,100.77872467041016,101.16800969809285,98.64911461654624,98.78651262077982,18173078
2021-03-15,102.65645599365234,103.7327124941539,100.64134100798215,101.21381720912507,30092241
2021-03-16,102.7938461303711,104.05329367635541,102.3587617661437,103.11442905138152,14767699
2021-03-17,100.9619369506836,103.0457479781849,100.45815661746735,103.02285141330611,12571132
2021-03-18,101.23670196533203,102.35875767341368,100.82452039093431,101.21380540466245,14232655
2021-03-19,105.42723846435547,106.29739478587696,100.36654541055876,101.6259929805615,70334403
2021-03-22,102.38167572021484,107.35077706354228,101.76340633474817,107.35077706354228,29180881
2021-03-23,100.2978515625,102.58775628203068,100.06886109054693,102.38166237256728,38455903
2021-03-24,101.23670196533203,102.54194879406114,99.33608244155772,99.40477833533008,24398959
2021-03-25,99.10710906982422,102.31297597488812,98.62623151877051,101.2367194144066,20272124
2021-03-26,98.28273010253906,101.67178761925982,97.16067438003222,100.45813944113354,25184863
2021-03-30,101.37410736083984,102.4503638143418,98.64911827769278,99.33608968906456,53328751
2021-03-31,98.76361846923828,101.25961720718637,98.30563750534061,100.7100375658034,20694060
2021-04-01,100.16045379638672,100.45814014983647,98.35142669103524,99.22158919025904,11229344
2021-04-05,98.07665252685547,100.29786156875277,97.71027021988394,98.55753629299092,14484908
2021-04-06,95.80963897705078,100.29785616012809,95.48905602867951,98.55753097821436,25301732
2021-04-07,96.42790985107422,99.0155071468274,95.96992890835884,96.58820442337742,22841720
2021-04-08,95.7180404663086,97.77895467820638,95.48904999831996,97.0690805003832,20468881
2021-04-09,95.3974609375,96.84009978881828,95.26006912757049,95.90124126018254,11773021
2021-04-12,92.12288665771484,94.64178174492125,90.90923844895907,94.64178174492125,18544315
2021-04-13,95.60354614257812,95.9012325114449,92.71826249139136,93.95481351500912,19831072
2021-04-15,95.16847229003906,96.81720509995539,94.8249865467967,95.21427163149099,10159348
2021-04-16,96.10733032226562,98.37433234194344,94.91657858667747,95.03107382641164,22020846
2021-04-19,92.14579010009766,94.80208339020085,91.5962166761815,94.27540031777194,18404990
2021-04-20,93.2907485961914,94.20671057435726,92.3518900532773,93.88612760905804,14467660
2021-04-22,93.1762466430664,93.84032151414934,92.14578949179138,93.42813989599219,11626459
2021-04-23,96.70269775390625,97.50416438786839,93.42813532035659,93.5655271157588,38318040
2021-04-26,98.8322982788086,99.12999082628092,95.3516422775815,95.3516422775815,19139358
2021-04-27,99.22160339355469,100.98483141729265,98.83231831635052,98.94681356189501,15270611
2021-04-28,101.16800689697266,101.53439535302051,99.06129346292936,100.20624574102206,16383579
2021-04-29,100.82451629638672,102.4274494075423,100.3207360762423,102.17556240335176,14761969
2021-04-30,100.77872467041016,101.80918174922468,99.2215907714432,99.7253710301053,16897105
2021-05-03,101.12220764160156,102.06107223742093,99.26738743436422,99.61087311805733,15528063
2021-05-04,99.86276245117188,101.53439778666501,99.24449317559365,101.39699978294244,20857434
2021-05-05,99.9314956665039,100.91615371342517,99.29031720640099,99.86279353737449,23178237
2021-05-06,98.64911651611328,100.48104024705869,97.82475332189343,100.04596208801753,18823613
2021-05-07,98.25983428955078,99.2902914176617,97.77895678113799,99.084203719098,12509591
2021-05-10,100.6871337890625,100.82452558368327,98.44302846908504,98.6491161610162,17845577
2021-05-11,102.3129653930664,103.13733481045183,100.0230606977136,100.75583144257931,22995780
2021-05-12,103.48081970214844,107.62554468348401,102.15267001986219,102.31296458963094,55645370
2021-05-14,104.8089599609375,105.33564302121965,102.51906142978508,104.30518588690718,18820793
2021-05-17,104.6028823852539,105.79362792669545,104.00750340276873,105.77073136311557,10996347
2021-05-18,106.75537872314453,109.84676254181277,104.6486713343864,105.74783057762527,52885042
2021-05-19,107.0530776977539,108.99949684049382,105.97682737647403,107.25917162110277,28081040
2021-05-20,104.85476684570312,107.60265257220954,104.60287980547908,107.167568180807,10707136
2021-05-21,104.39679718017578,104.99217000059345,103.50373173778436,104.44259031115797,21702883
2021-05-24,105.79363250732422,107.35077282757969,104.60288691432604,104.87767053623966,22028927
2021-05-25,106.6637954711914,107.37366347495634,105.86232879066,106.70958859781031,9165363
2021-05-26,103.32051849365234,107.07595819618112,103.0228321470744,106.80117462196368,18322114
2021-05-27,104.55706787109375,105.15244059077439,102.24426667722219,103.82430335818339,51194207
2021-05-28,103.25184631347656,105.79363844109476,102.95415368676531,105.79363844109476,15307498
2021-05-31,103.34342193603516,103.77850631045831,102.47325939895285,103.50371650617863,13102261
2021-06-01,102.77095031738281,104.41968300432409,102.54195983896776,103.64111289300718,15733731
2021-06-02,104.16779327392578,104.48838242013731,102.63355586579476,102.67935520264844,7995532
2021-06-03,103.64111328125,105.99972018717195,103.34342690054814,104.90056091725074,10291328
2021-06-04,103.5724105834961,104.48837865224688,102.95413508767716,103.50371468657485,6142487
2021-06-07,108.19802856445312,108.90789658032708,103.91590527021602,104.09909641510951,18058790
2021-06-08,107.19047546386719,109.43458733435756,106.274513463427,109.43458733435756,22511761
2021-06-09,110.8772201538086,112.43434792769223,107.07596833486666,108.08352890827864,39865778
2021-06-10,110.6711196899414,113.57929357712695,110.0299414293122,113.57929357712695,32690784
2021-06-11,112.80072021484375,113.94567248699657,111.74736660916862,113.94567248699657,29142097
2021-06-14,113.89989471435547,114.403668812579,110.8772252779564,113.55640898642244,18732629
2021-06-15,113.39613342285156,115.1822519557064,113.14423392176187,114.7471674998146,15026686
2021-06-16,110.90010833740234,113.35030126221814,110.35052875492637,113.05262112170891,30706682
2021-06-17,109.84675598144531,111.77026590694325,108.4270076750926,111.77026590694325,22261167
2021-06-18,106.70958709716797,112.20535854352562,105.38143736155348,111.74737758966248,49278209
2021-06-21,107.5568618774414,107.83164548689197,104.60288216996827,106.20581554666374,11719831
2021-06-22,107.19047546386719,108.54152189922243,106.274513463427,106.274513463427,10961545
2021-06-23,106.36609649658203,108.08352499469063,106.2516012633748,107.9690297614834,10721151
2021-06-24,105.86233520507812,106.68669849886886,104.46548325269089,106.3661093225254,12964208
2021-06-25,105.72492980957031,106.61799521118,105.06086732300369,105.99972585350443,7736431
2021-06-28,106.18289947509766,106.48059205174776,105.65622885486864,106.2516015846409,9989595
2021-06-29,108.0835189819336,108.95368767531173,106.09130700436683,106.52637892752868,61089570
2021-06-30,106.434814453125,108.81631814312613,106.25161708330577,108.61022420796193,17437744
2021-07-01,105.7020263671875,106.68669038603734,105.42724276466257,106.50349303533508,15924813
2021-07-02,104.39679718017578,105.83942988847285,104.23649637467844,105.70203807199644,9549992
2021-07-05,105.4730453491211,105.74784139981747,104.57997992553459,105.01506435482335,6849185
2021-07-06,104.78606414794922,105.56463425081714,104.55707367201916,105.06086017318236,5343938
2021-07-07,105.77072143554688,105.99971189691034,104.78605748227291,104.78605748227291,7228897
2021-07-08,105.86233520507812,106.77829718118548,105.1295581700746,105.38144522879824,8740010
2021-07-09,105.45014190673828,105.99972154875833,105.33564666563115,105.81652419357539,2990856
2021-07-12,104.87767028808594,106.13711799534718,104.5112879852249,105.65624044637148,5578309
2021-07-13,104.71737670898438,106.20581483450668,104.55707591827245,105.51884339195792,8264289
2021-07-14,105.31275177001953,105.9997232275424,104.62578031249666,104.71737899153884,9228746
2021-07-15,105.51883697509766,105.99971447093272,105.01505049374785,105.79362056599543,5376823
2021-07-16,107.09886932373047,108.31252385924047,105.56463804920622,106.09132113220767,15903784
2021-07-19,106.7782974243164,107.46526890796115,106.02262382289544,107.09887417786041,13725925
2021-07-20,105.9310073852539,108.220911946925,105.77071903534787,107.5797461237735,14178067
2021-07-22,106.8240737915039,107.39654993804437,104.74026310280215,107.39654993804437,10378326
2021-07-23,106.70958709716797,107.14467148804364,106.2745027062923,107.05307281256532,6660369
2021-07-26,106.57218933105469,107.78584376027726,106.2744967582936,106.91567502722773,12963701
2021-07-27,106.18289947509766,107.55685470126679,105.63333229286354,106.70958251885463,10832912
2021-07-28,104.46548461914062,106.43481283235455,104.14490165036852,106.25161546532503,13828088
2021-07-29,102.22134399414062,105.97679002892394,102.06868368722688,104.41964992899284,28609665
2021-07-30,104.51126861572266,105.76307591806733,102.70987540675266,103.2289180649702,34142169
2021-08-02,104.41966247558594,105.03030377661275,103.38157102148743,104.72498312609935,9575755
2021-08-03,106.52638244628906,106.98436347559131,104.48073633344517,105.36617377754781,20959435
2021-08-04,107.01488494873047,107.83924819686801,106.15998466700206,107.25914394687126,23323277
2021-08-05,106.98434448242188,107.32020214703017,105.79359898704396,107.01488151503294,6621382
2021-08-06,106.86222839355469,107.77819035121372,106.58744477566864,107.16754904610771,5340311
2021-08-09,107.74766540527344,108.0835231301749,106.28213604741754,108.0835231301749,16415005
2021-08-10,105.39669036865234,107.53393500936355,104.63338871125548,107.53393500936355,11925263
2021-08-11,107.68658447265625,108.08350377914975,105.3661551224751,105.61040168936805,31279965
2021-08-12,114.18991088867188,114.61735478354993,107.65605464680603,108.08349854168408,58107755
2021-08-13,112.81596374511719,114.37310380275568,112.11372386768164,112.48010610961798,26776843
2021-08-16,110.3428726196289,112.54119113244472,110.15968769257988,112.35799378186725,21308655
2021-08-17,111.90000915527344,112.20532978052658,110.52606634163435,110.55660337357088,15962459
2021-08-18,110.28181457519531,113.57928002846957,110.00703096389282,112.17480009096404,25227527
2021-08-20,109.06053924560547,109.9459766297846,108.11405263655429,108.26671296932348,18720467
2021-08-23,107.25914001464844,109.85436537475238,106.37370273179013,109.61010638556635,13112745
2021-08-24,107.8392562866211,109.48799533010799,107.13701627310981,108.26671267131606,11029463
2021-08-25,107.16755676269531,108.35830242397991,106.8927731250235,108.20564208671111,12001351
2021-08-26,105.7020034790039,107.10648339767322,104.78604155557488,107.10648339767322,12115246
2021-08-27,106.46530151367188,106.77062214458205,104.87763671764462,106.12945627378765,8051699
2021-08-30,107.16755676269531,107.6865994247032,105.51883008960432,106.98435938856073,14512401
2021-08-31,107.0759506225586,108.11404829784719,106.83169161522427,107.16754930325013,43248333
2021-09-01,107.25914001464844,108.57202121093609,106.64849875344751,108.57202121093609,11817591
2021-09-02,107.32020568847656,107.53392765322155,106.37370672864039,107.10648372373157,13545023
2021-09-03,107.19807434082031,107.96137588860876,106.49583443214938,107.47285792861304,12286475
2021-09-06,106.31263732910156,107.68658011819441,105.64093445025063,107.28966082775092,13950485
2021-09-07,105.64094543457031,106.34318541782963,105.30508774845916,106.3126483832635,12485031
2021-09-08,107.41197204589844,107.87803499603346,105.76522008158469,106.41770694749705,25370295
2021-09-09,107.81588745117188,108.21981117190519,106.82162242974302,107.13233103911239,5078350
2021-09-13,108.06446838378906,108.31303782632806,107.31876005617207,108.28196190497304,7522483
2021-09-14,108.18873596191406,108.81015318471974,107.81588815678381,108.06445757445923,8434427
2021-09-15,110.55013275146484,111.23368920686434,107.97124860163508,108.12660291616982,20064238
2021-09-16,111.51332092285156,112.88044646424228,110.79870119656897,111.20261229654909,16214883
2021-09-17,111.10942840576172,112.10369364766578,109.83551776775532,111.5754914231638,21219226
2021-09-20,109.99085235595703,111.35796523773814,108.81015706200087,110.11513074784033,7833069
2021-09-21,109.30731201171875,110.86085535286664,109.02766662465129,109.40052714074123,9481007
2021-09-22,109.83551025390625,110.27049731661666,109.24516886268961,109.24516886268961,9165634
2021-09-23,110.76762390136719,111.07833252381141,109.99085234525663,109.99085234525663,10295913
2021-09-24,109.462646484375,111.54439165523713,109.24515298463105,110.79869604389619,7093411
2021-09-27,109.36944580078125,110.08407823087394,108.81016769711013,109.68015445362438,5205649
2021-09-28,114.30970001220703,117.38572303735107,109.43157704582089,109.89763999119727,38873626
2021-09-29,121.20743560791016,121.9842071443803,113.37756840607823,114.03006155381951,53686662
2021-09-30,118.00715637207031,123.04063433921169,117.2303846906359,121.1453063794044,23618199
2021-10-01,119.21892547607422,120.2442667130338,117.85181225530766,118.56644479275037,16994903
2021-10-04,119.09461975097656,119.96460643873357,118.10035466901131,119.3121132622242,10757286
2021-10-05,118.03821563720703,121.23851738437453,117.66536777135897,119.09463267367232,17200858
2021-10-06,116.57787322998047,119.40532676630515,116.04967109758088,119.28103573100942,8929507
2021-10-07,117.01289367675781,119.03250009212618,116.57789394009428,118.69071548780259,6733699
2021-10-08,116.64002227783203,118.16250225012324,116.20503522447304,117.44786982580429,8165175
2021-10-11,120.21317291259766,121.23851399710884,117.63430120425141,118.06928826179315,12982042
2021-10-12,120.15104675292969,120.95889439636217,119.09464227407383,120.4928313657901,8539966
2021-10-13,123.9106216430664,127.07984758735132,120.6481805680855,121.23852199121282,33075614
2021-10-14,127.17304229736328,127.98087713388506,123.19596938268549,124.4077279588513,19185455
2021-10-18,126.64485168457031,130.46655799213704,125.61951060383177,130.3733555106978,38546365
2021-10-19,123.44454193115234,127.26626063048836,122.41920091775488,126.7691217625482,16174177
2021-10-20,120.77244567871094,124.43881015438477,120.15102839953798,124.28345583459152,21909934
2021-10-21,120.58602142333984,122.63669074573768,120.2442368815571,121.9531343049384,16946547
2021-10-22,120.8345718383789,122.41919078637476,118.84604181672168,121.73563438160292,7705870
2021-10-25,119.71602630615234,121.17635420000965,118.37997679539406,120.8345696823394,7862419
2021-10-26,118.31786346435547,119.90247008765624,117.88286374290122,119.68497654831317,8525850
2021-10-27,118.22462463378906,119.21888964486308,117.16822043004144,118.16248544111546,9862679
2021-10-28,115.52147674560547,118.7528415966679,115.11755297853088,118.50427215210145,11095238
2021-10-29,114.9932861328125,117.23038607317284,112.66297106102708,116.14290570633963,12988035
2021-11-01,116.67108154296875,117.13714445192868,114.68255152184594,114.71361479678394,5475153
2021-11-02,115.27291870117188,118.84606847223246,115.05542515670447,117.23038588691527,10946890
2021-11-03,114.30970001220703,116.39145794910142,113.7193586718369,115.2729018230915,13957727
2021-11-04,114.9932861328125,115.49041242913236,114.49614719372425,114.93113428335018,830214
2021-11-08,117.54108428955078,118.28677998905606,114.7136305302893,116.57788242181978,11947323
2021-11-09,115.92540740966797,118.28678566662172,115.14863575091321,118.28678566662172,10381150
2021-11-10,114.58934783935547,115.89432158603358,114.06114568507704,115.55253702827099,13857851
2021-11-11,113.19115447998047,115.1175454241114,112.2900918829039,114.96219111179815,8851354
2021-11-12,113.09794616699219,114.15435049715947,112.04154183682492,114.15435049715947,9590673
2021-11-15,117.01289367675781,117.29252643100911,113.09795926062864,113.22223767523622,24821341
2021-11-16,116.57787322998047,118.90818791065479,115.89431678553593,117.44785990598548,23206330
2021-11-17,118.7217788696289,120.43067642516117,116.20503377619274,116.20503377619274,18359498
2021-11-18,119.62283325195312,120.83459196025547,118.72178320144808,119.21890946826313,10742933
2021-11-22,120.67922973632812,122.4192031632681,119.31211678856586,120.8035207769763,25095721
2021-11-23,125.43309020996094,125.77487481131494,120.02676429443973,120.08890350120362,19671538
2021-11-24,126.33414459228516,128.91301632298496,125.52629702954245,125.6505754348409,18120478
2021-11-25,126.92449188232422,127.39055488801208,125.06023985957283,125.89915074125733,18537454
2021-11-26,125.52629852294922,127.35947455813272,124.78060279675165,126.80020908486841,12814537
2021-11-29,124.4388198852539,126.76913486437851,123.35133956166243,123.66204822554572,16066147
2021-11-30,128.47804260253906,130.18694038806257,124.46990558087333,124.46990558087333,37739647
2021-12-01,128.75765991210938,129.72086178727756,127.20411665717191,128.63338150882132,20332817
2021-12-02,133.2939910888672,134.22611690067745,128.32265342587914,129.8761964455629,33758843
2021-12-03,128.07411193847656,134.50577891372575,127.70126406101265,132.45510926629012,47614182
2021-12-06,125.52629852294922,129.25480243947246,125.12237473677231,128.85087865329555,11322446
2021-12-07,127.88768768310547,128.60230747666546,125.61951196900826,125.89914470189977,8049102
2021-12-08,127.26622772216797,129.03726393675706,126.48945634359703,127.48372117961517,8788449
2021-12-09,126.27198791503906,128.2915941018475,125.58843142651885,127.70125273511802,5755422
2021-12-10,125.93021392822266,126.92447904457167,125.43307504866469,126.92447904457167,6164402
2021-12-13,127.01770782470703,130.2801488853959,126.5827080976209,127.70126437553581,21648126
2021-12-14,131.8958282470703,132.45510637243126,126.27199635540019,126.83127448076114,48042035
2021-12-15,130.4044189453125,134.00864437196162,129.13052105553132,132.4240251868663,15207306
2021-12-16,129.37908935546875,131.61620196673104,128.1984064851308,131.36763249406093,13410737
2021-12-17,130.46656799316406,130.80835259386583,127.42163308262845,129.3790876271818,15209414
2021-12-20,130.4044189453125,132.1443924566812,128.9440908068963,130.96369704845011,22539246
2021-12-21,128.38479614257812,131.58509737953557,127.26625272335843,131.39866715494938,17566511
2021-12-22,127.09212493896484,128.00645160451845,124.85358333839731,125.98862104582246,14750231
2021-12-23,131.3800506591797,132.16826792114867,127.40744335629017,127.69119643897622,15932489
2021-12-24,129.5198516845703,131.60073737609446,129.1730309881217,131.28545049897966,8975969
2021-12-27,129.9612579345703,130.68642037216935,129.26762931867174,129.5198614051049,8648187
2021-12-28,129.6459503173828,131.56920523642563,128.19563850299008,130.30805783483817,15736206
2021-12-29,129.01536560058594,129.83511647324514,127.81727310556624,128.00645033127336,17172943
2021-12-30,129.4883270263672,133.30330364098322,127.15520910227497,129.01539667723577,87481206
2021-12-31,128.88929748535156,130.0243227177367,128.3533122787482,128.63706537958004,9842223
2022-01-03,129.26760864257812,130.49722222731245,128.73162356279792,129.5198406886673,7410054
2022-01-04,132.798828125,134.3122076787406,129.58290459146102,130.08736871905978,14784090
2022-01-05,131.5692138671875,133.27175783939327,131.1908721877035,132.4204858532904,9565107
2022-01-06,129.86663818359375,131.60071572239852,129.0469001354092,131.00167588606928,5615931
2022-01-07,129.3937225341797,131.47462094697693,128.952326060704,130.49722654692408,11908249
2022-01-10,128.63702392578125,130.68638827754,128.29020328847753,130.68638827754,11085710
2022-01-11,128.54244995117188,129.77207639968722,128.32175171550662,128.98385925155756,7208789
2022-01-12,129.23606872558594,130.3395726497143,128.85772708883846,129.89817621168464,11018139
2022-01-13,131.1593475341797,133.36635578595676,130.24502067578035,130.90711545387958,20522807
2022-01-14,131.00169372558594,132.19978639045172,130.24501037359465,131.12780334123264,14183654
2022-01-17,130.118896484375,132.13674027078676,129.77208860401575,131.88450819385324,7574539
2022-01-18,129.36221313476562,131.06475720390435,129.01539242521022,130.05584172482006,8475422
2022-01-19,129.04690551757812,130.7809831287062,126.77684284700314,129.89817741541196,13724367
2022-01-20,135.3526611328125,135.79405763639573,129.51985381045162,130.59182407861442,30170343
2022-01-21,135.6363983154297,138.2532816978708,134.31219613065667,134.8797150181464,29509593
2022-01-24,134.9427947998047,137.30744657783865,133.3663602811154,136.4561745035578,12850189
2022-01-25,138.0010528564453,138.85232479289638,133.65009172351728,134.62748609847714,27389035
2022-01-27,135.47877502441406,138.28483606267412,133.90234056327577,137.46508501125962,28512473
2022-01-28,132.54660034179688,137.1497939603649,131.94756039635107,137.1497939603649,18932049
2022-01-31,135.82559204101562,136.6768640610518,133.17717452094564,133.6816386664036,19907759
2022-02-01,134.2806854248047,136.86604826509333,133.24024891924003,136.83451444350666,8622355
2022-02-02,134.9427947998047,137.3389803998352,134.4698644441979,135.47877997034766,9921099
2022-02-03,133.240234375,135.57335204603046,133.05105712424384,134.9427783155838,4594389
2022-02-04,132.23130798339844,134.53290469737274,131.85296630567586,133.6816327152331,7329263
2022-02-07,134.72207641601562,135.13195189548276,132.42047979659708,133.08258732720208,7869237
2022-02-08,132.45199584960938,135.82556219758703,131.47460159343257,134.9427565515327,9074237
2022-02-09,132.01063537597656,133.46096038945367,131.6007598000758,132.79885270307108,9833985
2022-02-10,133.71315002441406,136.01473362515904,132.4520027016808,132.4520027016808,19180334
2022-02-11,131.0332489013672,133.68165389406045,130.560318522025,132.54661585201615,20071130
2022-02-14,127.28132629394531,130.49725029332956,126.90298455796909,130.49725029332956,12109375
2022-02-15,128.29022216796875,128.54245422957655,125.48417415885281,127.37589537732798,19046061
2022-02-16,127.22089385986328,130.26693125683911,126.83202680024087,128.71150257487935,20270061
2022-02-17,127.67453002929688,128.87350140516088,127.02643596823445,128.4846476056249,16405551
2022-02-18,126.83201599121094,129.7160427815714,126.54037890685834,127.54493008275524,14600643
2022-02-21,128.4198455810547,128.97072291620827,126.73480359714048,126.83200716148505,10682638
2022-02-22,128.4198455810547,128.61426589525175,124.30445077836771,125.85986603397595,13606058
2022-02-23,128.3550567626953,129.2947880431913,128.06340647234467,128.54947710408598,6493463
2022-02-24,123.85079193115234,127.02645596744026,123.07308420963713,125.73026764124188,13145037
2022-02-25,127.86894989013672,128.25780364821827,124.5312631943834,124.79050342827311,10920938
2022-02-28,135.54888916015625,136.26179006202346,127.05885874226392,127.96617997072651,31938385
2022-03-02,136.6830596923828,138.14127153863402,133.6370092577969,134.64156047052924,20502615
2022-03-03,141.1873016357422,142.15944281733167,136.553426033064,136.553426033064,19805555
2022-03-04,139.37265014648438,140.96047551602447,136.71545362283254,139.95592432435035,12794317
2022-03-07,137.9144287109375,139.46984399076484,135.35444912399777,136.42380701801017,17635653
2022-03-08,137.62278747558594,144.78423296992233,135.97015533609144,138.6921454396759,28410490
2022-03-09,134.868408203125,139.9883553171027,133.89626684675622,139.43747785226262,22830958
2022-03-10,135.35447692871094,137.00712248490152,134.18791522920364,136.7478821565074,16516553
2022-03-11,137.6875762939453,138.0440332973197,134.64153951886465,135.6460905752781,12992850
2022-03-14,138.3032684326172,138.6921222129353,135.84050584809134,137.68757119373234,12598659
2022-03-15,135.8729248046875,139.37263542988808,134.99800044476427,138.1736508485221,14528285
2022-03-16,135.67849731445312,137.2663357721221,135.41925703712877,136.9098787426126,11933774
2022-03-17,137.10430908203125,137.88201671054324,134.64154628256338,137.39594614634626,28464621
2022-03-21,132.7944793701172,139.98832100698573,132.53523910152123,139.98832100698573,17797415
2022-03-22,135.25723266601562,135.77571321742144,132.24360566568222,132.859289783157,13285297
2022-03-23,136.16456604003906,136.48861308591518,134.99800458618992,135.77571222208934,9408783
2022-03-24,136.58583068847656,136.87746775738037,134.80357192504448,136.09976011663144,11188958
2022-03-25,135.8729248046875,136.61823562443973,133.96103938136585,136.58582564664317,9842670
2022-03-28,137.5903778076172,137.88201486803507,134.4795209641235,135.87292586663645,12823578
2022-03-29,136.94229125976562,138.9837771659472,135.90533013125048,138.59492333550827,10470515
2022-03-30,140.70120239257812,141.73815013800797,137.26631216174766,138.10882643625055,54218485
2022-03-31,140.50680541992188,140.7984424891945,139.1782072476618,139.6966877991555,10326026
2022-04-01,145.8535919189453,146.30725254410325,140.05314143723135,140.05314143723135,39663961
2022-04-04,147.37660217285156,147.83026277232906,145.20548955733773,146.46926778838818,9907530
2022-04-05,151.03834533691406,152.04288334750177,147.05256371939743,149.02924294472047,17167487
2022-04-06,153.37147521972656,154.53803671745894,149.80695758100086,149.93657113002382,17153675
2022-04-07,149.93655395507812,155.47776328747474,149.0616296356226,152.91778391068917,11913911
2022-04-08,150.7466583251953,151.71879930302612,149.45047035475426,151.00589855638472,6746769
2022-04-11,149.64491271972656,152.6585525672402,148.02467766036509,150.68186052061657,12413822
2022-04-12,151.07070922851562,151.42716620381674,148.15428621952688,148.5755499579265,14769907
2022-04-13,148.73760986328125,152.52895806583163,147.4738315242676,152.26971776448,11015439
2022-04-18,149.77455139160156,150.22822519568098,147.47382513240973,148.73760341664828,19069923
2022-04-19,147.66824340820312,151.23276108759384,146.79331897854533,150.81149727020048,15036942
2022-04-20,147.11737060546875,148.4135588927416,144.8166311213558,147.92748828501428,9814641
2022-04-21,147.2793731689453,148.18670747793465,145.98318506624832,146.5340623727931,11134333
2022-04-22,146.11282348632812,149.19127075451408,145.6267528650356,145.85359637004635,12032249
2022-04-25,144.4277801513672,147.0525667596221,143.55285567711869,145.14068108647675,11042683
2022-04-26,150.09860229492188,150.48745614728122,145.39991971393235,147.1173718461545,15389155
2022-04-27,148.6079864501953,150.90871265652981,147.40900178414526,149.93657148006236,12680209
2022-04-28,152.69097900390625,153.112242838235,149.09406438504374,151.26517714903432,18378146
2022-04-29,147.6034393310547,153.17704625815517,147.1497787104976,152.36692858893971,9026331
2022-05-02,150.0662078857422,151.16796268253654,146.40447324797006,146.40447324797006,12634353
2022-05-04,153.98715209960938,155.18612352085339,150.94111517152913,151.00592194298676,23124643
2022-05-05,151.49200439453125,155.96385657311868,150.908717034627,154.50564476611248,16481935
2022-05-06,154.50563049316406,154.99170105059716,150.0013687496462,150.0013687496462,17715186
2022-05-09,158.88027954101562,159.72279400366537,152.72338526980542,154.89449798097252,54118806
2022-05-10,157.90811157226562,160.9541482106231,157.162800807623,159.30151636085722,30997494
2022-05-11,155.0240936279297,160.7273266209402,154.700046598452,158.13495038511857,15412618
2022-05-12,152.88540649414062,156.77397123827896,150.45505352905417,154.89449564151036,26538994
2022-05-13,153.14462280273438,155.44534867148238,151.07071401927084,155.44534867148238,15074553
2022-05-16,152.4317169189453,154.1815787839976,151.0059152678722,152.62615041023133,7960529
2022-05-17,154.6676483154297,155.08891208679015,150.8438907673618,152.23729561778154,15470937
2022-05-18,147.7006378173828,154.4084086516105,147.1821572990192,153.92233811020984,19181550
2022-05-19,147.95986938476562,148.83479367078854,143.6500415337561,144.52496581977903,15085602
2022-05-20,148.4459686279297,151.07074199399855,146.95534682583445,149.5477233960807,15148281
2022-05-23,145.56195068359375,150.35785026892881,145.3027103736143,150.35785026892881,11572501
2022-05-24,147.11737060546875,148.8348227232071,145.56194202363952,145.8211823181959,16336858
2022-05-25,145.7239532470703,148.67278662566747,144.23334475395617,148.02469253678967,11062614
2022-05-26,147.24697875976562,148.4783602246162,145.10827607550698,147.1173652099955,14150454
2022-05-27,145.6267547607422,148.18673464417986,144.78424025084,148.15432466146802,8430491
2022-05-30,147.92747497558594,148.9968328534749,145.3675086127527,145.49712215561465,9305758
2022-05-31,150.94113159179688,152.39934344301227,147.89508114684133,147.92749112884988,26351545
2022-06-01,148.54315185546875,151.00591453409032,147.86266101028903,150.45503722546655,10282009
2022-06-02,146.17762756347656,148.67278717782122,145.52953347219182,148.67278717782122,10071898
2022-06-03,146.4692840576172,147.83027919273204,145.8211898803711,146.4692840576172,16082518
2022-06-06,145.69155883789062,147.40899765311295,144.88144121353739,146.46926648306646,12693293
2022-06-07,145.82118225097656,146.63129993014866,144.97865459043396,145.14067812626837,9103195
2022-06-08,145.52955627441406,146.79333467623056,144.5574149851675,144.5574149851675,11240130
2022-06-09,145.7239532470703,146.27483058551485,143.2287936419924,145.62673649663705,9468041
2022-06-10,145.46470642089844,147.40898859993743,143.90929122607315,143.90929122607315,9019239
2022-06-13,144.10372924804688,146.14522842411077,143.5528518666986,143.77968217837036,10186775
2022-06-14,145.1406707763672,147.3117965950102,143.8768925350599,144.1037228366396,17023962
2022-06-15,144.0388946533203,146.66368068498497,143.81206438545576,145.33508268169663,5898563
2022-06-16,140.2151641845703,145.36752049537787,139.7615035619624,144.75182315268543,11883333
2022-06-17,136.9746856689453,140.57161320526623,136.26178479463627,138.82175122049867,19675226
2022-06-20,134.96559143066406,136.68304337048474,133.7342100482167,135.51646875858563,7402273
2022-06-21,136.32659912109375,138.14126797943305,134.3499199139656,135.4840846540504,9459619
2022-06-22,136.5210418701172,136.9098957416305,134.93320321529887,136.61825863437298,10257637
2022-06-23,135.16001892089844,137.2015046227305,133.60459056933013,136.16455678352068,13114525
2022-06-24,135.4192657470703,137.39595815510924,134.64155805058465,137.39595815510924,9499105
2022-06-27,137.10430908203125,138.27087052479925,135.8729276822973,138.27087052479925,17545390
2022-06-28,136.29420471191406,137.10432239758757,135.03041321095787,135.80813410050996,6770087
2022-06-29,136.81265258789062,139.34022204345476,135.09520070234657,135.5164644758585,41502918
2022-06-30,137.3311309814453,139.1781963754028,136.35898991246694,137.07189072594966,22260722
2022-07-01,133.8314208984375,137.9792254423186,132.98889336192002,136.78025409074155,11133663
2022-07-04,136.5534210205078,137.49316537285367,132.89169991934094,132.89169991934094,20178279
2022-07-05,138.7893524169922,139.9559138711032,136.71544341161476,136.74785339041287,20083997
2022-07-06,136.3914031982422,138.78935936969495,134.93319141842275,138.69214261393859,19203527
2022-07-07,137.75241088867188,139.53466972395668,137.46076062250188,138.20607149981365,14069302
2022-07-08,141.80299377441406,142.19184759572252,137.81721243860906,138.69213683293012,17142257
2022-07-11,140.6688232421875,143.39081306342575,140.1179327339897,142.5806954754968,10826079
2022-07-12,138.36807250976562,140.6039915922782,138.14124224111322,139.405020298967,8503695
2022-07-13,138.9837646484375,140.44197627038173,138.33567059424007,139.0161746253503,10210005
2022-07-14,139.24302673339844,142.09464365595622,137.94683842182758,142.09464365595622,10898403
2022-07-15,135.64610290527344,140.63642229308266,135.32205584929858,140.63642229308266,22067479
2022-07-18,136.26177978515625,137.65518468878852,135.386855417692,136.3265865558003,15155654
2022-07-19,136.09976196289062,137.07190311976842,135.8405216839549,136.03495518953378,14922395
2022-07-20,135.61370849609375,137.59040103869958,135.12763785632282,136.94230685233833,14181034
2022-07-21,137.5903778076172,138.17365192845295,135.7432991399447,136.06734617841246,12461554
2022-07-22,136.09976196289062,138.65972840179882,135.77571491059803,138.65972840179882,9272199
2022-07-25,134.73876953125,136.74785865639868,134.41472247282252,136.0997645395437,6635194
2022-07-26,135.51646423339844,136.7478455747273,134.22027612368538,134.7387566417735,11451315
2022-07-27,136.5210418701172,136.74787219637415,135.71092414383537,136.0349712343481,9209354
2022-07-28,138.82177734375,139.21064442610242,136.1321968657136,136.7478811035871,13192642
2022-07-29,138.65972900390625,141.15490186580078,137.94682812286854,140.2475674783399,15433067
2022-08-01,141.90020751953125,142.67792840344453,138.78936354040545,139.37265090696312,12136557
2022-08-02,144.2657470703125,144.78422763546797,140.86325297343953,142.54829503193207,17748747
2022-08-03,144.91383361816406,145.65914444709728,142.35386727694546,144.75181009820065,12406038
2022-08-04,143.09918212890625,145.30269151395075,141.9974142508758,145.17307796853925,9712267
2022-08-05,144.9462432861328,145.6591441353444,141.83538643529053,143.68245192181848,14099223
2022-08-08,143.8120574951172,146.6636736580195,143.29357703440556,145.82114620573955,8392041
2022-08-10,144.8490447998047,145.7563792611559,142.93717230148306,143.0667858593149,8585266
2022-08-11,144.4277801513672,147.0525667596221,143.6824692342261,145.59435490737144,5040626
2022-08-12,147.79788208007812,148.1543259654977,143.87690704189467,144.52500121775904,13279062
2022-08-16,148.31631469726562,149.02921548628535,147.1497533658261,148.54314496847553,11298246
2022-08-17,148.08950805664062,149.67733339398535,147.5710274807071,148.31633836404578,11225465
2022-08-18,149.93655395507812,150.16338423263963,147.6034180413611,147.7330315755371,11360485
2022-08-19,149.31483459472656,150.32923813101127,147.71140193672284,149.51116432029613,9829530
2022-08-22,147.87503051757812,151.04916785177423,147.67870077366183,149.2821202664994,9190493
2022-08-23,148.9221649169922,149.77295370877786,146.72971640680498,147.2205607034134,8903751
2022-08-24,150.1656036376953,150.4928331189847,148.23495502408866,148.79124247928027,13007225
2022-08-25,148.10409545898438,151.18004781581533,147.3187365722374,150.85281827508845,12124365
2022-08-26,150.82008361816406,151.3109279085009,148.30041892410233,148.30041892410233,7966045
2022-08-29,148.5949249267578,149.80567144350357,147.6459513644415,149.3802704200516,7517013
2022-08-30,150.2637939453125,150.689194987213,149.28210537862054,149.34754862006602,7214498
2022-09-01,147.97317504882812,150.59101101011655,147.25327282247426,147.28600109799126,13109081
2022-09-02,146.72972106933594,149.7729584680117,146.4679480881629,148.88944136904237,6897237
2022-09-05,146.20616149902344,147.61325118752762,145.0935730712509,147.25329336662978,18055474
2022-09-06,147.28602600097656,149.21667502285825,146.59883861894846,146.59883861894846,14103701
2022-09-07,146.860595703125,148.52945808957986,145.97707875558987,145.97707875558987,7866745
2022-09-08,146.860595703125,148.4967431300426,146.2388516918952,147.9077273933519,7187735
2022-09-09,145.87893676757812,148.00592885299704,145.6171504632949,147.94048560567737,9162027
2022-09-12,146.56610107421875,147.05694536892813,145.42079771989685,146.30432810237667,8778919
2022-09-13,148.43133544921875,148.88945151248592,146.46795806663653,146.79518763040022,11278383
2022-09-14,152.1944580078125,152.6198457399988,147.05694379291046,147.25328683469144,25072958
2022-09-15,155.4994659423828,155.92486698330222,152.06355596688508,152.78345825113155,23606369
2022-09-16,154.22328186035156,156.05575925964794,152.75074895904012,156.02304429528775,29399642
2022-09-19,152.58712768554688,155.8266946042876,151.60543912653415,154.41960500670203,13920046
2022-09-20,152.29261779785156,154.6159527847455,151.8999450252085,153.14341990108124,20162973
2022-09-21,148.5949249267578,153.3724677551335,146.79516263254033,153.04523824709395,14468837
2022-09-22,144.04644775390625,148.16954548166422,143.42471692408776,146.59884095132762,26264530
2022-09-23,132.56068420410156,143.8173743937918,129.64833347993522,142.86841410945866,87162722
2022-09-26,131.44810485839844,137.01100709355848,121.9584481043019,130.89181729788328,167547134
2022-09-27,134.06591796875,136.06202316258987,131.7098683287272,134.68766198216005,54127095
2022-09-28,135.93113708496094,137.69818447940148,132.56068368584914,134.2949894873326,52877873
2022-09-29,136.12750244140625,138.8107822784521,134.85131243202022,136.74923330443934,36761869
2022-09-30,138.87620544433594,143.1301892803736,135.4730237015072,135.4730237015072,62897614
2022-10-03,137.9599609375,140.47962539548755,136.78192942506314,139.3997653949208,11740863
2022-10-04,136.42196655273438,138.97435919091856,136.12746534313698,138.8107444489196,19179333
2022-10-06,135.01490783691406,138.02541681497104,134.55677851122928,136.68377043154177,20692745
2022-10-07,137.0437469482422,137.27280498485828,133.50966491971914,133.50966491971914,14282850
2022-10-10,136.7492218017578,138.71259907566676,135.83298972593707,136.09476271045483,16834226
2022-10-11,136.35653686523438,138.3853572045737,135.17851859481306,137.43639693270626,17807162
2022-10-12,141.0686492919922,141.33042225208158,137.01099531556682,137.73089758581878,35288330
2022-10-13,140.02151489257812,142.21396346340467,139.56339886240772,140.6759739728239,16436903
2022-10-14,139.1707000732422,142.67205283532908,138.45079788248626,142.67205283532908,23365190
2022-10-17,138.6471405029297,140.6759607986942,138.09085299981726,138.71258374182477,9520537
2022-10-18,138.97438049316406,140.70869968719302,138.45082122751634,139.3670532711508,13256574
2022-10-19,139.98880004882812,141.95217729126608,139.36705593305365,139.3997842130959,11595367
2022-10-20,142.34483337402344,142.6720628760327,138.97436684032766,139.1052666301329,16371066
2022-10-21,142.21395874023438,143.26109057084972,140.05423852114978,140.93775558713762,11634491
2022-10-24,143.2283477783203,144.1445930303902,143.06473303027218,143.8500918099045,1132859
2022-10-25,142.99929809570312,143.5883138858714,140.21784721741142,143.2283560932677,20622687
2022-10-27,146.5333709716797,147.15510168807828,142.24665924808232,143.52286227148264,24298489
2022-10-28,148.43133544921875,149.87114020377703,146.07527193811606,146.46795806663653,11669879
2022-10-31,149.31483459472656,150.6891959337273,148.36586098529494,149.18393479601008,11755682
2022-11-01,153.8960418701172,154.38688613720348,150.39468876123567,150.95097626759954,15220278
2022-11-02,152.68533325195312,154.81232560411487,152.39081862957315,153.89608008172087,12884449
2022-11-03,149.24940490722656,152.8816449676682,148.36587445941205,152.4889721658643,9358215
2022-11-04,148.00592041015625,150.16562733853453,147.25328982140167,149.21666701902035,8059667
2022-11-07,149.2166290283203,151.76902139838376,148.16949745252515,148.75851312484755,14862038
2022-11-09,143.16290283203125,151.180025390625,142.7047868689696,151.180025390625,22831150
2022-11-10,140.6432342529297,144.0791438194589,139.72698903885487,141.36313645148783,16217631
2022-11-11,140.0869598388672,142.5738961486222,139.75973032587288,141.3631496135438,12123886
2022-11-14,141.6282196044922,143.202980646326,140.89109886506662,141.36017198102786,18460862
2022-11-15,144.74424743652344,145.07930356484871,140.48903733348607,140.72357389662,15258103
2022-11-16,145.4813690185547,145.7159055830209,143.0354565411923,144.7107371923352,9825807
2022-11-17,146.28550720214844,147.7262376089781,144.91177165904529,145.3473473410147,9449665
2022-11-18,146.31898498535156,146.62054363243595,145.31381676200343,146.31898498535156,5828998
2022-11-21,146.7880859375,147.08963098042807,145.07929433832655,145.7494065523604,4712051
2022-11-22,145.950439453125,146.88858560603725,145.34733575949048,146.4195125295811,4366445
2022-11-23,144.17465209960938,146.62056451819777,143.57154835299642,146.25199733041526,13510578
2022-11-24,147.92726135253906,148.09478939484092,144.14112486982373,144.34216397397273,7622243
2022-11-25,147.82676696777344,148.0278061061491,145.14631783460086,147.92728653696128,10989671
2022-11-28,148.29583740234375,148.89892748406504,146.8550934253553,146.8550934253553,4526153
2022-11-29,146.98912048339844,148.9324487505949,146.45303885920308,148.29584756140392,6476054
2022-11-30,150.10511779785156,150.74171887083986,145.8499084798289,146.98909365258683,17317951
2022-12-01,148.69789123535156,150.6747166566856,147.75973148336698,150.10512404659502,13241961
2022-12-02,147.29066467285156,148.4298499413622,146.45302443616214,146.45302443616214,12880949
2022-12-05,148.69789123535156,148.932427764981,145.54835589893668,147.2236363012424,16477957
2022-12-06,149.77008056640625,150.20565623434442,147.02262320217247,148.4633671960597,11299945
2022-12-07,148.12831115722656,150.17214524087214,147.72623291988307,149.33450496885314,5813973
2022-12-08,145.950439453125,148.66438562427942,145.34733575949048,148.6308881950853,11176439
2022-12-09,145.54837036132812,146.72106675946694,144.54320202006627,146.3525132144185,6020031
2022-12-12,144.44268798828125,146.08445740017143,143.8060732277872,144.74423302035336,8194429
2022-12-13,144.9452667236328,145.28032280608832,142.7674021876721,144.4426825999496,8235450
2022-12-14,146.88858032226562,147.79324264690922,144.9452659610218,144.9452659610218,10055353
2022-12-15,144.97879028320312,147.69275049365157,144.67724520802858,147.0896467098331,5385778
2022-12-16,142.86790466308594,146.21846540690566,142.4658401005209,144.07411198424768,11166617
2022-12-19,146.6875762939453,146.8886017916629,143.06896736687165,143.43753456289048,7758862
2022-12-20,145.61538696289062,146.68756375950682,143.3370027491639,146.68756375950682,6541929
2022-12-21,144.77772521972656,146.25196639205635,143.30347041393117,145.44783732232477,7005861
2022-12-22,144.07412719726562,145.41435163630996,142.63338319859938,144.8112479120464,6961415
2022-12-23,141.5612030029297,144.27516288075162,141.02510778669128,143.00194696728616,4554651
2022-12-26,141.96327209472656,143.5715441609123,141.36016836572338,141.72873554274426,6864331
2022-12-27,142.49935913085938,144.20813702569373,141.9297664992479,142.70038460665128,13115851
2022-12-28,144.57672119140625,146.35252142056692,142.3988563298903,142.3988563298903,16815549
2022-12-29,144.57672119140625,145.07930539021763,143.06896859497212,143.4375357941547,22536873
2022-12-30,143.20297241210938,145.24682008585097,142.90142737396872,144.7777469968616,4643134
2023-01-02,144.10765075683594,144.40919582837992,142.73391513431517,143.772594618023,5959394
2023-01-03,144.47618103027344,144.87824560531558,143.63854081832443,144.2416444976211,2873110
2023-01-04,141.42718505859375,144.34217039767918,141.0586178957404,144.34217039767918,9954542
2023-01-05,139.91941833496094,141.99676321331023,138.44516346743168,141.99676321331023,21273509
2023-01-06,139.45034790039062,140.9246029395755,139.08179436569526,139.48385896421192,11510471
2023-01-09,140.12046813964844,142.0302853171588,136.87042646795976,140.18747663766362,52485126
2023-01-10,141.92977905273438,142.36534110554206,140.05345931191462,140.65656305956873,17248326
2023-01-11,142.03025817871094,142.76739241643585,140.79055348516644,142.1977862084728,9164361
2023-01-12,143.06895446777344,143.3370020740319,141.66172157675115,143.1024655311061,21179555
2023-01-13,143.40403747558594,144.30868638717246,142.9349643017174,143.13598981903098,6560245
2023-01-16,144.5096893310547,144.6772173702436,142.5328502885454,144.07411370247016,8362194
2023-01-17,146.35252380371094,146.55354930642756,144.0071308377331,144.50971504472835,13000571
2023-01-18,146.98912048339844,147.52521574106254,145.01229478351596,146.28551079536663,11171369
2023-01-19,147.92726135253906,148.26231743714277,146.52002852389685,146.62054807597139,11586815
2023-01-20,149.60255432128906,150.03812999449485,148.0948018141316,148.0948018141316,10112645
2023-01-23,150.84225463867188,152.9866218750349,149.80358890086572,150.10513393976834,14393610
2023-01-24,148.061279296875,151.84741580423815,147.75973427215538,151.6128792701821,6150893
2023-01-25,147.02261352539062,148.26231831910556,145.95043677497412,147.8937511704622,5790331
2023-01-27,146.92208862304688,148.39632989700667,145.41433628826076,146.9555996838732,10458603
2023-01-30,141.96327209472656,146.6540576682453,141.09213438258251,146.0844650038688,24288177
2023-01-31,145.1798095703125,147.55869967915353,142.1643046970317,142.4658497309728,20997546
2023-02-01,145.11279296875,150.77523523877508,143.13595392665047,150.77523523877508,20246369
2023-02-02,142.53286743164062,145.48136400268842,141.62821863790748,144.7442432682936,12820663
2023-02-03,143.97361755371094,144.1746566868012,140.99162342484203,142.86792958865237,10815686
2023-02-06,145.44786071777344,145.6488862008087,142.7674118762275,143.03544585360783,6948201
2023-02-07,145.31382751464844,146.21847625590885,144.14113116730073,146.08445926959902,10035526
2023-02-08,145.4167022705078,146.2741120716311,144.3535085350199,145.9997381442241,12432719
2023-02-09,145.999755859375,146.75427378486677,145.41671991491495,145.41671991491495,7011082
2023-02-10,146.85716247558594,147.09723445260596,145.3138246808642,145.34812665839806,10892159
2023-02-13,148.16043090820312,148.5033948686388,146.7885750664605,146.85716506749978,7710133
2023-02-14,147.4744873046875,148.8806449750366,145.93114964684773,148.8806449750366,6010681
2023-02-15,147.13153076171875,147.61167469726067,146.10263893821022,146.27412090879497,8107497
2023-02-16,147.2001495361328,148.77778955603225,146.7885955173194,148.77778955603225,3963115
2023-02-17,146.6514129638672,148.0918589824622,146.10266497809718,146.7885929826892,6491149
2023-02-20,148.02325439453125,148.84636233687897,146.92575853108147,147.88606043398022,6841917
2023-02-21,148.98355102539062,150.0467449718588,148.1947450160166,149.22363698153794,6701434
2023-02-22,147.23443603515625,149.0521478786006,146.10265213601244,148.16043596891402,9128659
2023-02-23,146.2741241455078,148.0918358649757,145.82826822107398,147.47449796616263,10345874
2023-02-24,147.50880432128906,147.74887630149775,145.6910925478703,145.6910925478703,9808830
2023-02-27,150.3553924560547,150.86983838912317,147.1658388352213,148.46909070147024,17763618
2023-02-28,152.44747924804688,152.96192518476695,150.04673154335322,151.3156953962149,36559278
2023-03-01,150.14962768554688,152.44748347557055,149.12073578357453,151.9673395034126,12896085
2023-03-02,151.1442108154297,151.5900667439597,148.0232472261974,149.53228303250324,79708558
2023-03-03,152.34458923339844,154.64244498931993,151.1785173438978,151.1785173438978,9951869
2023-03-06,155.8085174560547,156.9403012252985,152.96191402287727,153.6478418884507,15659957
2023-03-08,156.42587280273438,156.6316428122531,154.81393097435273,155.67134090211331,11591495
2023-03-09,154.88253784179688,158.0720916687812,154.6767538731734,157.07750171599426,13941653
2023-03-10,155.39697265625,156.4944545145893,152.4474770789266,152.4474770789266,9605434
2023-03-13,155.0883026123047,157.7977263164667,154.60815864206813,156.42587045265998,13209653
2023-03-14,154.47097778320312,156.22009973999528,153.64786977720723,154.4366897568437,9583405
2023-03-15,156.5973358154297,157.79770956886085,154.8139122175701,155.43125008181087,12228069
2023-03-16,159.23817443847656,159.75262039469268,156.63164267821904,157.38616062295472,18437817
2023-03-17,157.55763244628906,160.50712798712232,156.5973445541469,160.47282601015775,33711025
2023-03-20,156.0486297607422,157.35189583330884,154.5395936484493,154.5395936484493,9281411
2023-03-21,153.0648193359375,156.1857830231983,152.58466141503936,155.87712103888043,11272787
2023-03-22,153.71646118164062,154.12801518837745,151.45290716696775,152.96194317674966,7589846
2023-03-23,152.37889099121094,153.99081882033136,151.7615530690348,153.6478548585934,17091298
2023-03-24,152.55038452148438,153.8193484849386,151.45290255188183,152.9619385156803,10371666
2023-03-27,150.9727325439453,155.19119204698868,150.59548056073157,152.8933363038601,19983733
2023-03-28,152.34458923339844,153.0305171578669,150.01243149915777,151.76155328864812,8689166
2023-03-29,152.5846405029297,153.44205029212404,151.28138878754424,152.34456855300277,19743258
2023-03-31,154.8139190673828,155.53414893340363,152.96191934795593,153.64784723740866,10202058
2023-04-03,154.05941772460938,155.945719623176,153.54497175227303,155.945719623176,7643214
2023-04-05,154.77964782714844,155.4312738106819,153.44207992455435,155.4312738106819,12019382
2023-04-06,154.5052490234375,155.97999669972543,154.09369510232497,155.84280275586266,4282875
2023-04-10,157.11178588867188,157.35185785469602,154.3337724033168,154.47095239669108,4145643
2023-04-11,158.68942260742188,159.1352785495785,156.7002288345043,157.00890477380008,5106602
2023-04-12,155.91140747070312,158.82660086281302,155.73992550646136,158.7237088932204,9118795
2023-04-13,158.58653259277344,158.8952085358942,155.70564085508357,155.91142481716406,11428621
2023-04-17,162.32484436035156,164.55411009075613,159.34106071224255,159.54683071421329,21815047
2023-04-18,157.9691925048828,162.90786753869756,157.52333660267666,162.49631361175267,13482833
2023-04-19,157.72909545898438,158.72369916376206,156.83739767272937,157.0774696169043,8264190
2023-04-20,158.38072204589844,159.75257756131506,157.52331234876303,158.34642007591864,7308750
2023-04-21,158.8266143798828,159.37534833901412,157.4890465718195,158.9980963587187,5030650
2023-04-24,159.10096740722656,159.34105333126334,157.7291116366784,158.4493414983116,5725067
2023-04-25,159.7526092529297,160.43853714671192,158.20927149191968,158.65512741392587,8338703
2023-04-26,163.45663452148438,164.2797424716053,159.1352828952502,160.54144076154984,13581018
2023-04-27,161.8446807861328,163.45662249902196,160.16416303022382,163.25083854900757,9794457
2023-04-28,162.7364044189453,163.21654839677888,159.8898006654585,162.53062045402254,10585487
2023-05-02,164.69129943847656,165.411529374346,163.42233551097138,163.730997509064,6732907
2023-05-03,164.41693115234375,165.9945710877533,163.7996071348048,164.62271512835036,4789217
2023-05-04,163.83389282226562,165.10285677555348,161.1587709485635,164.38264078029076,9189783
2023-05-05,165.34292602539062,165.65158799857193,163.3880203444462,163.79958824900643,3896441
2023-05-08,167.880859375,168.90975126085291,165.37721966171006,165.8916656046365,8758321
2023-05-09,166.95486450195312,169.35561230798504,166.47470656760288,167.40072045697843,9166941
2023-05-10,169.8700714111328,170.07584143728582,167.7779854361786,168.155251416987,9689409
2023-05-11,170.48739624023438,170.93323824010528,169.14982837490234,169.90434632303746,12616726
2023-05-12,165.8230743408203,171.2076057114082,165.41152038066033,170.69315977239842,13853807
2023-05-15,166.85195922851562,168.49818895542538,166.23462133651964,166.95485120305474,12187763
2023-05-16,165.0342559814453,167.74367965862612,164.62270201744957,167.05775173355343,11418509
2023-05-17,163.79959106445312,165.92596480186137,162.87357721851484,165.24003688945618,11560929
2023-05-18,161.63890075683594,165.30861196586036,160.91867093173602,165.30861196586036,14497723
2023-05-19,160.30136108398438,162.90789295333383,159.1352891165198,161.6389289992717,10071694
2023-05-22,160.74720764160156,163.93677530788656,159.58113574242785,160.98727962610914,12566129
2023-05-23,160.5757293701172,162.2562612109879,160.06128341060898,160.54144134596052,12458561
2023-05-24,161.74180603027344,163.1479498662851,161.09016614557038,163.11366184408325,8877971
2023-05-25,163.216552734375,164.8284946068827,162.0847827629412,163.04507074412865,12502747
2023-05-26,162.77069091796875,163.18224485343404,161.05587122416478,163.1479428774626,6811801
2023-05-29,160.85011291503906,163.49093287334233,160.57573892925313,163.38804088426753,13638297
2023-05-30,161.2616424560547,161.81039034439289,160.3013406290821,161.81039034439289,9469926
2023-05-31,160.4042205810547,161.33022036239265,157.76340122122514,161.1930403782083,48104157
2023-06-01,159.82119750976562,160.57571539365674,157.79771582725243,159.7868955333548,8804790
2023-06-02,160.918701171875,161.2616651615658,159.88980920280258,160.50714717529414,6617781
2023-06-05,161.60462951660156,163.2508594618872,161.05589550500002,162.18766550934592,27428302
2023-06-06,161.3988494873047,162.56492140048658,160.8157995754741,162.18765545227146,6898603
2023-06-07,164.07395935058594,164.65700926976433,161.98188748524873,162.3591394829785,11153571
2023-06-08,165.75448608398438,168.3610038292482,164.10825627078444,164.10825627078444,19300834
2023-06-09,167.98377990722656,168.39533394047265,165.85740577275368,167.05777984361242,11037141
2023-06-12,165.75448608398438,169.0469317551449,165.44581014418725,168.05234184469043,8188909
2023-06-13,166.16603088378906,166.98913876737183,165.61728299124147,165.99454891177277,6443218
2023-06-14,169.08123779296875,169.56138177052836,166.06315205551488,166.06315205551488,10297426
2023-06-15,169.0469512939453,169.38991529653416,167.2292532444172,169.38991529653416,9732749
2023-06-16,169.0469512939453,169.66428928965342,167.7093972659452,169.01266326683103,9702361
2023-06-19,166.74908447265625,170.31591824181535,166.2689404822118,169.04694035019486,10431647
2023-06-20,170.62457275390625,171.27619870594597,167.1949331005614,167.2635231025804,13426365
2023-06-21,177.10658264160156,177.68963253542168,170.62456940605998,170.65887138401618,31172093
2023-06-22,173.91702270507812,176.96939624424974,173.33397283233055,176.96939624424974,7430965
2023-06-23,171.55056762695312,174.67154520185926,171.1733156493173,173.95131531373045,5593393
2023-06-26,170.45310974121094,171.65348375347298,169.52710972279985,171.48200175172127,7305362
2023-06-27,171.17332458496094,171.51628855811836,169.8700586959148,170.17872068966057,11142907
2023-06-28,171.58486938476562,173.1967971813462,169.04692774599454,172.03072531707235,17808717
2023-06-30,175.0145263671875,178.1354902937549,172.30510248110673,175.94052634638354,17659979
2023-07-03,171.824951171875,174.8773249618942,171.13902322308508,174.6029649465701,12467239
2023-07-04,171.20761108398438,173.19680490162523,170.93323711685466,173.19680490162523,8637967
2023-07-05,173.71124267578125,174.19138662921594,171.13901302115468,171.27619302063914,5340907
2023-07-06,180.1932373046875,180.8105751494012,174.50004462735308,178.30693575181863,16705046
2023-07-07,175.22027587890625,180.09037511658767,174.70582995565022,180.09037511658767,13149183
2023-07-10,171.4819793701172,175.87192083304004,170.4530874938965,175.22028093829007,15319047
2023-07-11,173.8827362060547,175.18600210870625,171.51629034866,172.85384427584137,7486045
2023-07-12,172.8881378173828,174.74013761927947,172.27079989833751,174.2256916792816,9390877
2023-07-13,166.74908447265625,172.9910261246346,165.78878253652724,172.68236412438316,30591450
2023-07-14,164.65701293945312,167.64079678454135,162.35914310145498,166.68049484623108,72085831
2023-07-17,165.3086395263672,168.01804940538793,164.07396360755968,166.33753147362674,11474161
2023-07-18,165.41152954101562,167.16063745736952,164.3483356260876,165.30863755646774,14940593
2023-07-19,166.85195922851562,168.87544092175057,164.9999595077663,165.30862147614496,22954874
2023-07-20,167.5378875732422,168.63536940908162,166.20033376631895,167.33210362360538,10249082
2023-07-21,167.43499755859375,168.9440473113733,166.1317317578601,166.85196163478204,18466409
2023-07-24,169.73287963867188,170.2130376164014,166.57761359959062,167.4007355805951,14825562
2023-07-25,172.2707977294922,172.5108697074209,170.21301399540764,170.7617479513534,10500017
2023-07-26,172.16790771484375,175.3574753300909,171.48197979566112,174.15710147152126,12898171
2023-07-27,171.96212768554688,173.81414148279367,171.2761997506939,172.85383958295157,10836773
2023-07-28,177.10658264160156,179.13007837051543,171.55056930324605,172.71665513564704,17518458
2023-07-31,182.49111938476562,183.14274529341458,177.7582141872589,179.71310586844425,24269734
2023-08-01,172.71664428710938,179.71310302110277,171.8249324686498,179.71310302110277,31395702
2023-08-02,170.48739624023438,174.08851794997176,169.14982837490234,173.47118000868312,20825405
2023-08-03,170.59027099609375,171.89353685709966,168.80686116509384,170.7960549576566,10882019
2023-08-04,169.66427612304688,170.83036201450074,169.1498301590866,170.11013208286042,7406390
2023-08-07,170.07582092285156,170.76174883777372,168.73826707084905,170.65887081472673,6345966
2023-08-08,168.88697814941406,171.50944675421863,168.29255477788558,171.50944675421863,15171726
2023-08-09,168.08273315429688,170.28560938616687,167.66314106913143,169.93594694389546,18442141
2023-08-10,169.09677124023438,169.69119457629827,167.87295263100796,168.22261509078695,9962450
2023-08-11,170.84510803222656,172.20878612974664,169.79612050250222,171.68429236488447,23866073
2023-08-14,170.98495483398438,171.54442050002248,168.36248620156132,171.22971572744996,9188486
2023-08-16,173.46755981445312,173.8871519395598,169.9709350588931,171.0548801964352,9191471
2023-08-17,170.4254913330078,173.99206010065473,169.3765038667124,173.467566367507,15301142
2023-08-18,168.53732299804688,170.39053707159437,167.90792765996238,170.39053707159437,12292241
2023-08-21,172.8731231689453,173.2227856464131,169.02683591679983,169.44644227200325,9129526
2023-08-22,173.29273986816406,174.9361507647989,172.52347098957443,173.43259917637846,11107830
2023-08-23,174.551513671875,174.83124651185463,172.87313085980054,174.83124651185463,8487619
2023-08-24,172.24374389648438,176.6844545612935,171.8940814153529,174.83124056573615,18982087
2023-08-25,169.2366485595703,173.01300637298917,168.8170564087023,172.1388501304294,12851343
2023-08-28,173.7822723388672,174.1319348586637,169.62129404441043,169.93598462110555,11908665
2023-08-29,175.63546752929688,176.92921586695317,173.8521831802282,174.5515081441292,12363321
2023-08-30,172.8031768798828,175.9501388740734,172.3486128573839,175.7403499444748,6748007
2023-08-31,171.01991271972656,174.55149498449495,170.32058780854845,173.32767638993326,20715819
2023-09-01,176.36973571777344,176.64946852591729,171.47446137256227,172.73325189530865,13120723
2023-09-04,178.6076202392578,179.37687494707617,175.3907278615963,177.3488294607881,10240031
2023-09-05,177.83834838867188,179.72652014656117,176.92922022210107,178.5376733697869,10893186
2023-09-06,177.9781951904297,179.90133875339112,176.3347844458231,179.51670434967795,10018473
2023-09-07,179.7265167236328,180.21603850996902,176.33479347538164,177.6285418202441,13760453
2023-09-08,180.8804168701172,182.7336309941047,179.79645741236874,180.60068402026562,16781751
2023-09-11,184.97145080566406,185.32111328355757,180.14610576517316,182.06924939358743,17683806
2023-09-12,178.37449645996094,190.44950507444463,177.7684062669833,189.2839634277222,29826173
2023-09-13,180.1461181640625,181.45153337472746,178.3745005119216,180.1461181640625,10692151
2023-09-14,181.96435546875,182.43057212557775,180.61233000951017,181.07854666633793,10941807
2023-09-15,180.9853057861328,182.94340714228744,179.21367401307546,182.89678263261175,20516593
2023-09-18,186.57989501953125,186.95286262042129,180.985295639369,182.05758816277933,25627043
2023-09-20,190.82247924804688,192.0346454477289,185.04139532779848,185.2745036651295,33369524
2023-09-21,187.9785614013672,191.66167013842298,186.85963004465887,191.1488289712322,20332556
2023-09-22,185.69407653808594,189.1907012348448,183.1298850937961,186.99949162822395,21193988
2023-09-25,185.46096801757812,187.0927262075742,183.40961771000062,186.486650285268,11951847
2023-09-26,184.94815063476562,186.53328439825063,184.2488256601867,185.64747560934458,7440011
2023-09-27,185.88059997558594,186.1137083205627,183.9691087012157,185.83397546102975,6736870
2023-09-28,187.1859893798828,190.635989825508,184.43531392571418,186.57991341174176,50185120
2023-09-29,186.2535400390625,188.25826581769877,185.64746412304748,187.37245708359907,16293959
2023-10-03,186.0670623779297,186.48665450500545,183.5961056690568,185.32111291434916,10830728
2023-10-04,185.55422973632812,185.92719737131,182.19746411027828,185.460980713681,14120040
2023-10-05,183.31639099121094,186.02044184825996,182.15084937562034,186.02044184825996,14575590
2023-10-06,183.73597717285156,184.10894478663246,181.6846268414517,183.68935266417833,12857229
2023-10-09,182.99005126953125,183.59612727688187,180.65896781386843,183.22315961509753,7853369
2023-10-10,184.5751495361328,185.13461514859225,182.4771748311123,182.99001593789987,7440527
2023-10-11,185.08799743652344,185.69407334909903,184.01570490571982,184.01570490571982,10031916
2023-10-12,187.1859893798828,188.35153103231048,184.0157217764009,184.0157217764009,21872719
2023-10-13,188.1650390625,188.72449049474878,185.83395585862314,186.90624844128538,13105921
2023-10-16,189.33059692382812,190.07654645869013,186.57992135259065,186.76640517935516,18336656
2023-10-17,193.15354919433594,194.8785564617935,188.910989132075,189.79679790679532,19378328
2023-10-18,192.54747009277344,194.36571212218098,190.21638691973743,194.36571212218098,14923328
2023-10-19,191.89476013183594,193.38664475189944,188.53799483803982,190.21637748493788,13192888
2023-10-20,189.14410400390625,191.33531376170316,187.32584765390453,191.33531376170316,22081120
2023-10-23,186.2535400390625,191.28867385337813,185.55421510775187,188.35151483299435,6988219
2023-10-25,186.0204315185547,186.90624025165405,184.43529785493445,185.55421489820745,16817158
2023-10-26,185.5076141357422,186.48667200935208,183.03667142273986,185.32113030929364,11070090
2023-10-27,187.37246704101562,188.16504102974113,185.69408427111648,185.78733329136756,9995487
2023-10-30,187.27920532226562,188.53798154785568,184.29540783686502,187.37244010130885,7679981
2023-10-31,188.49139404296875,189.2373435607396,186.99950923523073,187.8853180629195,7474770
2023-11-01,187.37246704101562,188.67788218551627,186.95287490549157,188.67788218551627,5598615
2023-11-02,189.377197265625,189.8900241668199,187.32583274963682,188.1184066969779,12924797
2023-11-03,190.58935546875,192.54747103480122,189.37720359508296,189.65692219497373,8684015
2023-11-06,194.1326141357422,194.83193912486792,191.1022058495307,191.14883036103308,9804415
2023-11-07,193.94615173339844,194.9718341884951,191.84817653435928,194.1326355721965,10730361
2023-11-08,193.01368713378906,195.43801932997218,192.6873297977558,194.8785536761445,7435543
2023-11-09,195.62452697753906,196.27722750134134,192.1745262993234,193.29344351552788,13777877
2023-11-10,196.88328552246094,198.6082928178688,195.43802529030103,196.2772095688328,12066023
2023-11-13,197.95559692382812,200.56641306858404,196.46369791888094,197.6758640819251,11352269
2023-11-15,195.9508514404297,200.47315861662355,195.62450832354952,200.47315861662355,19182861
2023-11-16,196.9488983154297,198.5172742330348,195.52310993789925,196.47363552291955,27533260
2023-11-17,199.13511657714844,200.27574441571852,196.66374417368837,197.42416756735838,16705395
2023-11-20,198.9450225830078,200.75101552678328,198.51728893883683,199.70544600812872,11156900
2023-11-21,198.61233520507812,199.75296310462474,197.66180953814415,199.6103900561329,9608081
2023-11-22,201.1312255859375,202.08175119928526,197.89942979823314,197.89942979823314,13079580
2023-11-23,200.46585083007812,202.5570188323662,198.89748933223225,201.55896401379601,11382709
2023-11-24,200.03810119628906,201.60647707257175,199.13510481508516,200.84605372381674,7250200
2023-11-28,199.80050659179688,203.84024096545733,199.13514147808596,203.84024096545733,15629209
2023-11-29,200.60842895507812,200.9886333900701,198.75490695272057,199.895534761566,10062023
2023-11-30,198.61233520507812,202.27186482432214,197.94697013899847,199.99059452135825,60354322
2023-12-01,199.80050659179688,201.93918949549945,199.08761229056267,201.0361929480438,20719909
2023-12-04,202.3668975830078,203.50753992382784,201.22626974605765,201.22626974605765,27914088
2023-12-05,211.30184936523438,212.2048458083256,201.08369889518062,203.12732318764338,40709207
2023-12-06,213.29794311523438,215.05642131204104,211.49195024057073,214.81878990727634,29544730
2023-12-07,218.62088012695312,220.90213568325194,213.1553581237793,213.8682522981063,24534268
2023-12-08,217.2901611328125,221.85267247630486,215.2465223606646,220.3318401964307,22206320
2023-12-11,219.52386474609375,221.37738659921223,215.34155828244855,216.71981737815878,19106395
2023-12-12,219.9040985107422,221.75762048908192,218.14562038798414,218.62088317750045,14355329
2023-12-13,225.22705078125,225.74984279164684,219.19122158156404,219.57142604155968,26878281
2023-12-14,220.61700439453125,225.84489535645028,219.66647876509143,225.51220558459832,29972018
2023-12-15,225.60726928710938,226.3201635260568,215.9118960343281,223.37352820352595,41341690
2023-12-18,220.37936401367188,225.1795066437927,219.99914507505582,225.1795066437927,29051897
2023-12-19,221.99525451660156,222.80319256603946,219.42883832355085,220.6645099878523,12612164
2023-12-20,215.9119110107422,223.7537481831014,215.00891447954783,223.32601451083792,20400245
2023-12-21,220.85462951660156,221.6625675763103,211.68204875122717,213.3454685554077,17755207
2023-12-22,220.2843017578125,222.61308651316224,219.09614479040252,221.47245872522248,9735375
2023-12-26,221.80516052246094,224.13394540427203,219.61894868293356,220.52194512642725,6772092
2023-12-27,222.4705352783203,224.181484379819,220.99721759358894,223.37353176126194,10231881
2023-12-28,227.2706756591797,228.07861371293905,222.51804768223212,223.46857327762166,39164340
2023-12-29,225.46466064453125,226.4627153864626,223.13587591593745,226.03498178388318,12665999
2024-01-01,226.4627227783203,227.65087977086134,224.7042446278118,226.130033018861,5952776
2024-01-02,226.08251953125,228.22120212907143,224.46661440980031,228.12614376762042,9128513
2024-01-03,225.3220977783203,226.89045922650013,222.99331294465009,224.324042991356,8284439
2024-01-04,229.50442504882812,231.07280114032795,225.32211781257055,226.2251143176863,19663959
2024-01-05,229.31431579589844,232.87878702588648,227.46079365707874,230.02721004189604,16345257
2024-01-08,230.35989379882812,233.1164123430284,228.50635720462532,230.4074084775552,13585746
2024-01-09,230.31234741210938,232.54607378862258,229.5519240589663,230.59750798252165,8688409
2024-01-10,227.31817626953125,230.12223820551216,226.22507770402146,229.07665431373601,16872195
2024-01-11,229.97967529296875,231.07278847936942,227.36572978756354,228.36378460858322,18812468
2024-01-12,227.65089416503906,230.64504417401227,226.98552910791952,230.50247112744037,11296498
2024-01-15,229.21923828125,229.55192803647378,225.2745629177817,228.5063440948013,12597366
2024-01-16,227.22315979003906,230.40741201881508,225.93994435954087,229.6945177805095,7478450
2024-01-17,227.36570739746094,229.26675848691107,225.93991908037336,226.70034241692716,13620300
2024-01-18,221.90020751953125,224.03889020724034,214.8663235926139,216.00695145861803,25522629
2024-01-19,223.7537384033203,225.2270561023848,220.90216137437127,223.37353393434208,20931080
2024-01-23,226.1775665283203,234.58972399806527,224.56167588831065,229.0766725463825,27492163
2024-01-24,234.01939392089844,234.77981728250631,223.3735103699959,224.46660898089712,28309825
2024-01-25,233.35403442382812,236.39571343815095,231.07277878905342,232.64114022497733,20651484
2024-01-29,241.385986328125,242.38404116310008,233.02135769309493,233.306518289355,26181011
2024-01-30,241.528564453125,244.23756825607788,239.05719205380416,241.43350609012427,16031367
2024-01-31,246.47128295898438,247.13666249957927,239.91266194804356,241.43350874958898,34369455
2024-02-01,252.6497039794922,257.5449342408025,245.52076166621373,246.18614121854927,29929092
2024-02-02,263.3906555175781,267.477904086907,250.89124939647797,251.41402688520378,33900724
2024-02-05,268.9036865234375,275.08210292539013,261.2994817210342,263.77085408336313,27440927
2024-02-06,260.681640625,268.90368110022985,258.8281041387003,268.90368110022985,29668277
2024-02-07,254.69334411621094,260.8242167832585,253.60021647863297,258.63801952358057,27335466
2024-02-08,262.5351867675781,273.79889211207103,257.402325234492,257.402325234492,69776717
2024-02-09,259.4935302734375,265.624432976402,255.78648564250858,264.81648028572346,24496638
2024-02-12,256.9270935058594,262.3451017760712,253.07747589811217,259.6836413321649,19140023
2024-02-13,256.8795471191406,257.44986828894565,251.1763934365695,256.92706179673286,22031847
2024-02-14,260.111328125,261.39454350374814,253.7903386018209,256.16665263367315,13546941
2024-02-15,272.1915588378906,273.8344808428715,262.2374676107138,262.865633262243,25475670
2024-02-16,265.3299865722656,273.3995808386285,264.1219643615146,272.5298107454337,25129188
2024-02-19,267.0695495605469,268.95404646646875,264.1219577445219,265.8615273800602,11429901
2024-02-20,278.2316589355469,279.0531199056764,268.37421577217833,269.0023813989614,43053543
2024-02-21,270.6936340332031,279.72964644035,269.8721729975114,277.89342901019285,24651085
2024-02-22,273.10968017578125,273.97945030996505,264.07366771498397,270.69363564042,26793590
2024-02-23,272.48150634765625,275.62236414971096,269.6305620840837,273.0613334246206,14313526
2024-02-26,278.1350402832031,281.7107980590904,272.5781377485898,273.4479373916712,31012494
2024-02-27,282.67718505859375,283.5469551140745,274.5592820528926,274.5592820528926,36510093
2024-02-28,270.1620788574219,283.7885754668556,269.0507043079168,281.7107831364365,18824161
2024-02-29,273.35125732421875,275.4290495185322,265.18501581333237,270.2103997419899,35043015
2024-03-01,278.03839111328125,279.6812835491615,275.0424902690276,275.42905146025066,15149735
2024-03-04,284.7549743652344,287.0260618983291,278.32830244686454,278.32830244686454,23131460
2024-03-05,285.09326171875,285.52816154219335,280.0195680779926,282.2423173044698,13220556
2024-03-06,283.8368835449219,284.9965670617385,276.8786644731141,280.5510398487906,15969436
2024-03-07,282.8221740722656,288.8622855529339,281.2275905399155,284.12684405063635,14908694
2024-03-11,275.9605712890625,282.1456683616253,274.84919679696185,278.71486772094926,19020659
2024-03-12,275.5740051269531,278.9564671244606,273.2546085129222,275.33240069855975,17906155
2024-03-13,255.42422485351562,274.3660205301624,253.008180238962,273.7861639241231,39389523
2024-03-14,257.4053649902344,259.38650951429184,251.94511078415061,255.18258654404036,26005940
2024-03-15,257.0188293457031,262.8656453213841,248.9975437965075,259.0966217465722,43817794
2024-03-18,256.0040588378906,257.6952899186334,250.7854088301445,257.018815181974,12423655
2024-03-19,250.30218505859375,257.55031783056074,249.6256808694524,253.34639492427434,20031514
2024-03-20,255.762451171875,256.24566004599257,250.25388770257237,251.22030545080747,11308487
2024-03-21,264.5568542480469,265.28166754735656,258.13018222604643,258.8066569430983,23559105
2024-03-22,266.48968505859375,268.9057293474296,262.2374530087883,264.5568496275251,22097588
2024-03-26,260.9811096191406,264.8951193226874,257.16377708484305,261.0294482037652,28477120
2024-03-27,261.1744079589844,263.6387615283877,260.15968107575486,261.8992213020713,18094214
2024-03-28,267.60107421875,270.11376631558045,262.5273809337525,262.8656330512983,26646830
2024-04-01,270.741943359375,272.14326097986196,268.32589883628094,271.32179994346376,8945400
2024-04-02,270.1620788574219,272.2399006805711,269.14735198455423,269.87216532023973,13229425
2024-04-03,270.6936340332031,273.5928874584226,269.1956687345345,270.74194312653105,14499308
2024-04-04,268.3258972167969,277.0719960332488,265.8132050293982,273.30294300578544,23722104
2024-04-05,269.05072021484375,270.5486855594619,265.9098622411781,270.5486855594619,9308711
2024-04-08,272.2882385253906,274.6559741357482,269.6788984442918,271.12852526873934,14473340
2024-04-09,271.7567138671875,274.8009242258273,271.56341849820967,273.35129743669097,5780865
2024-04-10,273.06134033203125,275.7673278948139,270.5969867144032,270.5969867144032,8809693
2024-04-12,266.0065002441406,274.89755582777644,265.4266436638634,272.0466115121729,17731780
2024-04-15,264.8467712402344,266.9245929863251,259.38651687911624,261.1743956060476,13378690
2024-04-16,265.0400695800781,266.2964008657725,262.1408163121101,263.83204738509147,9662195
2024-04-18,270.6936340332031,280.1645167584943,268.37423719157374,278.23168114168135,51039603
2024-04-19,272.1915588378906,272.77141539804444,265.4749730365704,268.7607875538025,18755469
2024-04-22,274.1243896484375,275.13914598438646,272.23989272635384,274.46264176042047,14965203
2024-04-23,275.767333984375,277.5068742831453,271.2734969686087,274.1244118745229,11464036
2024-04-24,280.647705078125,282.04902259462483,274.8491986529872,275.4290551940467,19324163
2024-04-25,283.4503479003906,284.61006113504584,279.5363673457114,282.194016473458,22022414
2024-04-26,282.4355773925781,286.2046005849856,281.66245501716617,284.36841282383614,15581578
2024-04-29,283.8368835449219,284.7066535557161,279.874565170496,282.48387520287866,9804396
2024-04-30,291.71319580078125,294.12924011005936,283.2087021364854,283.8368972510804,33288857
2024-05-02,303.068603515625,306.59602230235464,291.7131952822045,291.80984295294945,44059506
2024-05-03,300.4109802246094,305.4846736948099,297.89828803605917,301.5223548004881,27074447
2024-05-06,296.5452880859375,300.3626204461588,292.921221577211,299.78279339894556,16855909
2024-05-07,285.3348388671875,297.9465786271384,284.6100255593115,296.6902473572449,13857464
2024-05-08,291.858154296875,292.67961526546156,282.1939770022765,282.1939770022765,18754452
2024-05-09,286.20458984375,294.12922661158814,285.33481983087194,292.58295242606766,11196567
2024-05-10,293.54937744140625,294.2258816309549,286.3012446650752,286.3012446650752,11786977
2024-05-13,296.25537109375,297.31843659490573,287.6059492954301,293.9843128096331,11710605
2024-05-14,298.86468505859375,302.48875157102617,297.4150584536208,297.65666288778294,9957875
2024-05-15,304.27667236328125,305.67796057958014,298.4781651414664,299.5895397937677,11397656
2024-05-16,302.00555419921875,305.001455195421,295.0473344333768,303.9383897460938,19843532
2024-05-17,302.63372802734375,305.3880246545783,300.3143312069944,304.3249591765384,9069551
2024-05-21,314.7139587402344,316.4535285204727,300.5559435057908,300.5559435057908,21976662
2024-05-22,314.81060791015625,316.7434435688525,309.44700075436674,316.7434435688525,10287081
2024-05-23,309.15704345703125,309.93019538050453,298.62309550132346,308.7221731495121,35705284
2024-05-24,308.0939636230469,312.1046208370342,306.74098468599607,307.320841228369,15058182
2024-05-27,307.2725524902344,310.7033238963522,303.93839927030405,310.7033238963522,12857918
2024-05-28,302.2954406738281,308.7704509733332,301.52231832137704,308.28724212986947,10935739
2024-05-29,307.0309143066406,307.99733200418405,298.71971620922153,298.71971620922153,16812268
2024-05-30,296.40032958984375,306.9825860377692,293.59769457864434,304.0350237583432,22768893
2024-05-31,299.58953857421875,301.0391653737714,295.4339535459275,298.1882208708914,36929443
2024-06-03,326.3109436035156,336.9898773127699,314.6656216482013,323.7499424942709,55218939
2024-06-04,286.0113525390625,323.70164579446663,270.3553727743411,323.70164579446663,73262478
2024-06-05,288.7655944824219,290.9400342887435,269.8238313193131,286.3495502531756,45312613
2024-06-06,290.3602294921875,300.9908249145408,288.08914184432064,293.2111442052717,36508044
2024-06-07,298.9613342285156,300.2176654953612,286.8327738771772,288.04079605403984,38016104
2024-06-10,305.1947021484375,312.4911735815308,301.1357654470787,302.4887443475316,25478964
2024-06-11,305.9195251464844,308.96376463506743,304.5665462030747,305.58130253017873,12238518
2024-06-12,313.7475280761719,316.11526344707596,306.2577902406442,309.15704359633236,20346144
2024-06-13,310.655029296875,316.9367453141361,309.88187732218813,316.0186365606743,11756503
2024-06-14,310.7033386230469,315.05221894592,308.62554614510947,315.05221894592,14159988
2024-06-18,320.65740966796875,321.3339139154091,311.1865271601856,311.1865271601856,21653702
2024-06-19,316.3085021972656,323.60497354599545,314.47231446125795,322.7835126004129,14235150
2024-06-20,313.6509094238281,317.27497645380333,311.476469205843,316.50185395116847,11749507
2024-06-21,315.0038757324219,318.53129460259504,312.15293158800944,315.72868904106275,17209541
2024-06-24,321.7688293457031,322.7835562734221,311.7180602867166,312.2496077905903,18044357
2024-06-25,316.4051513671875,323.74993183879224,314.85887713747155,323.74993183879224,13979671
2024-06-26,315.7286682128906,319.1111300967452,314.0374372709633,314.7622505317893,12946277
2024-06-27,320.415771484375,321.3338800816993,313.4575818519264,317.5165184310063,27061015
2024-06-28,319.8359375,326.0210046472278,318.5312677558619,321.81708191288357,21676594
2024-07-01,318.53131103515625,320.60910339523787,314.3273877296191,319.88429004920494,11959181
2024-07-02,319.69097900390625,323.1700887926685,317.0333301988798,318.9661656934445,12684459
2024-07-03,323.8949279785156,325.58615917136916,318.04811193745746,319.98094758643293,9369793
2024-07-04,323.74993896484375,327.32569635647224,322.68687356521946,325.68277442135025,12878827
2024-07-05,328.002197265625,328.48540616834185,321.67217243712713,323.74996482026324,10894118
2024-07-08,328.002197265625,329.548471652865,325.5378436588616,329.548471652865,7828162
2024-07-09,329.69342041015625,330.8531335455759,326.7458579723325,328.5820458594717,9214579
2024-07-10,334.4288635253906,336.1200946533038,324.23316766563494,331.481301070977,10662609
2024-07-11,331.2879943847656,337.03819182007805,330.5148719783991,336.7965873814973,12642065
2024-07-12,331.57794189453125,334.2838998461679,328.6786885923221,331.2879988686725,11380570
2024-07-15,332.3027648925781,333.80070067856207,328.7753458374287,333.80070067856207,5277531
2024-07-16,330.9497375488281,335.34692607929026,330.0316289800508,331.2396510480597,11363095
2024-07-18,329.7900390625,333.12419191384924,325.6344547629793,330.51485233516485,13908161
2024-07-19,321.0439758300781,330.36990085542874,319.8842627782019,328.14712242145396,12937990
2024-07-22,327.22906494140625,328.00218736532514,318.4346572788613,318.9178661669931,10678640
2024-07-23,323.025146484375,329.0652576751823,310.3167584374625,327.7122786669876,15954324
2024-07-24,325.8277587890625,327.42234227724197,319.20779089107947,319.78764747570773,12573882
2024-07-25,328.0505065917969,331.094716508845,319.35274711867163,319.35274711867163,16271884
2024-07-26,332.6409912109375,333.94563153949946,327.1323984067023,328.92027708826834,11468068
2024-07-29,330.8531188964844,334.28389007337466,326.40759139784944,328.388735966015,31849674
2024-07-30,338.05291748046875,344.9628279938475,331.771202099382,333.4141240730656,25813219
2024-07-31,336.5066833496094,338.8743892188871,331.09473787411304,336.5549924415972,17976593
2024-08-01,348.97344970703125,350.32642863632236,338.3911637207874,339.3575814549566,26792459
2024-08-02,346.21917724609375,348.92513529209725,342.1119015913948,345.9775727958173,13771470
2024-08-05,331.2879943847656,342.8850074366393,330.0316631012377,340.9038628373693,13566586
2024-08-06,329.3068542480469,339.0193410135166,327.8572275969183,331.2879988741641,12273667
2024-08-07,340.22735595703125,340.71056483042156,331.8678483459246,334.2355836226288,12441847
2024-08-08,331.14306640625,343.0783326082087,329.79008733113017,343.0783326082087,15489731
2024-08-09,334.38055419921875,337.2314984670845,332.7376321647316,336.2167420954083,8720610
2024-08-12,329.69342041015625,332.2544216337502,328.0988369685019,331.48129920529055,12521136
2024-08-13,325.6344909667969,330.9497888906235,323.8949212233606,325.68280005992114,10435954
2024-08-14,322.3003234863281,326.9874555285283,321.3339057247499,325.6827856518518,12385993
2024-08-16,329.9497985839844,330.8755111103973,322.1541744224629,324.49285572333014,13013828
2024-08-19,331.6063537597656,334.5297128457628,330.6319007310999,333.89632432471933,5891370
2024-08-20,331.8012390136719,333.8963069688124,330.1446570558706,331.75252825994914,6393840
2024-08-21,328.0495910644531,332.23975673776164,327.5623645725297,331.31401450792913,10118601
2024-08-22,325.46728515625,329.07277296483517,322.05669983275635,327.4161910553892,18370039
2024-08-23,327.6598205566406,328.3419495503754,324.83391281020965,326.10068981235077,7494822
2024-08-26,329.60870361328125,332.7756756361731,327.27002252858057,327.8547002342416,7993675
2024-08-27,326.7828369140625,332.7270064784567,326.4417723982957,330.33958460603657,9589690
2024-08-28,325.90582275390625,330.2421208277819,325.2236937482446,326.78282451979544,8790600
2024-08-29,324.78515625,327.3187398668881,320.40011797621275,324.0056057853932,17653536
2024-08-30,328.7804260253906,332.14230066599464,325.5160026293444,326.4417448457266,22713812
2024-09-02,326.9776916503906,331.21656814014403,325.6622038931788,329.75488864284597,9789776
2024-09-03,326.1006774902344,329.3163901046873,325.4672890130972,327.4161949353313,8434423
2024-09-04,324.3954162597656,326.1494496026038,322.5439614017258,322.7388639080236,9025610
2024-09-05,322.7875671386719,325.7596369937512,321.17972558202325,323.8594714224198,13912371
2024-09-06,321.37457275390625,324.5902853490741,316.6972104637728,324.541544858544,23755639
2024-09-09,320.156494140625,320.789912327337,315.28422955325925,319.3282329511273,18597200
2024-09-10,325.61346435546875,326.7340793590947,318.64613134550325,318.64613134550325,15472387
2024-09-11,324.687744140625,328.63426680605346,323.518388671934,328.2932023161899,10134008
2024-09-12,329.55999755859375,330.3395480186224,324.73644359057795,326.2955742485791,18410837
2024-09-13,328.63427734375,332.53208938044384,327.51366233078966,331.119120621964,10417461
2024-09-16,329.60870361328125,332.7756756361731,328.4393482019592,328.6342506831607,7748570
2024-09-17,328.293212890625,331.31402316709057,325.95453161585823,328.0983401315295,11451846
2024-09-18,325.7596130371094,330.24210260626126,324.59028732642474,329.8523273693664,6583254
2024-09-19,326.34429931640625,329.7061740158864,324.5902958354267,327.61110604195386,10589610
2024-09-20,332.1423034667969,334.18866066798813,326.19813435398225,329.5112685312731,31236123
2024-09-23,332.43463134765625,333.7501488307827,331.55762960488704,333.26292233613924,6542941
2024-09-24,341.1072692871094,342.03301155544364,333.6039988421936,335.7477776530497,26145769
2024-09-25,354.457275390625,356.8934078675365,343.34851724349755,344.8101967296445,40770462
2024-09-26,356.1138610839844,356.74724958699784,348.0746238263358,354.74960309232995,18733959
2024-09-27,345.1999816894531,354.018769608783,344.3229799206824,352.9468950791444,33148043
2024-09-30,343.83575439453125,348.3182442385522,340.76623332608574,345.1999826762908,16356171
